hs_code,chapter,heading,description,unit,cd,rd,sd,vat,ait,at,tti_published
0101.21.00,01,0101,Pure-bred breeding animals of horses..,,5.0,0.0,0.0,0.0,5.0,0.0,10.0
0101.29.00,01,0101,Other horses,,5.0,0.0,0.0,0.0,5.0,0.0,10.0
0101.30.00,01,0101,Asses,,5.0,0.0,0.0,0.0,5.0,0.0,10.0
0101.90.00,01,0101,"LIVE HORSES,ASSES,MULES AND HINNIES,NES",,5.0,0.0,0.0,0.0,5.0,0.0,10.0
0102.21.00,01,0102,Pure-bred breeding animals of cattle,,0.0,0.0,0.0,0.0,2.0,0.0,2.0
0102.29.00,01,0102,Other cattle,,0.0,0.0,0.0,0.0,2.0,0.0,2.0
0102.31.00,01,0102,Pure-bred breeding animals of buffalo,,0.0,0.0,0.0,0.0,2.0,0.0,2.0
0102.39.00,01,0102,Other buffalo,,0.0,0.0,0.0,0.0,2.0,0.0,2.0
0102.90.10,01,0102,Other pure-bred breeding animals,,0.0,0.0,0.0,0.0,2.0,0.0,2.0
0102.90.90,01,0102,Other live bovine animal,,0.0,0.0,0.0,0.0,2.0,0.0,2.0
0103.10.00,01,0103,Live Pure-Bred Breeding Swine,,5.0,0.0,0.0,0.0,5.0,0.0,10.0
0103.91.00,01,0103,Live Swine Weighing <50kg (Excl. Pure-Bred Breeding),,5.0,0.0,0.0,0.0,5.0,0.0,10.0
0103.92.00,01,0103,Live Swine Weighing >=50kg (Excl. Pure-Bred Breeding),,5.0,0.0,0.0,0.0,5.0,0.0,10.0
0104.10.00,01,0104,Live sheep,,5.0,0.0,0.0,0.0,5.0,0.0,10.0
0104.20.00,01,0104,Live Goats,,5.0,0.0,0.0,0.0,5.0,0.0,10.0
0105.11.10,01,0105,Fowls Of The Species Gallus Domestic(Parent Stock One Day Chick),,0.0,0.0,0.0,0.0,2.0,0.0,2.0
0105.11.90,01,0105,"Live Fowls Gallus,Domesticus<=185g, Excl.Parent Stock Of One Day Chick",,25.0,3.0,0.0,0.0,5.0,0.0,33.0
0105.12.10,01,0105,"Live Turkeys Weighing <=185g, (Parent Stock Of One Day Chick)",,0.0,0.0,0.0,0.0,2.0,0.0,2.0
0105.12.90,01,0105,"Live Turkeys Weighing <=185g, (Excl.Parent Stock Of One Day Chick)",,25.0,3.0,0.0,0.0,5.0,0.0,33.0
0105.13.10,01,0105,Parent stock of one day chick of ducks,,0.0,0.0,0.0,0.0,2.0,0.0,2.0
0105.13.90,01,0105,Other ducks,,25.0,3.0,0.0,0.0,5.0,0.0,33.0
0105.14.10,01,0105,Parent stock of one day chick of geese,,0.0,0.0,0.0,0.0,2.0,0.0,2.0
0105.14.90,01,0105,Other Geese,,25.0,3.0,0.0,0.0,5.0,0.0,33.0
0105.15.10,01,0105,Parent stock of one day chick of guinea fowls,,0.0,0.0,0.0,0.0,2.0,0.0,2.0
0105.15.90,01,0105,Other fowls,,25.0,3.0,0.0,0.0,5.0,0.0,33.0
0105.94.00,01,0105,Fowls of the species Gallus domesticus,,25.0,3.0,0.0,0.0,5.0,0.0,33.0
0105.99.00,01,0105,"Live Ducks, Geese, Turkeys And Guinea Fowls Weighing >185g",,25.0,3.0,0.0,0.0,5.0,0.0,33.0
0106.11.00,01,0106,"MAMMALS, PRIMATES",,5.0,0.0,0.0,0.0,5.0,0.0,10.0
0106.13.00,01,0106,Camels and other camelids ( Camelidae),,5.0,0.0,0.0,0.0,5.0,0.0,10.0
0106.14.00,01,0106,Rabbits and hares,,5.0,0.0,0.0,0.0,5.0,0.0,10.0
0106.19.00,01,0106,"MAMMALS, NES",,5.0,0.0,0.0,0.0,5.0,0.0,10.0
0106.20.00,01,0106,REPTILES (INCLUDING SNAKES AND TURTLES),,5.0,0.0,0.0,0.0,5.0,0.0,10.0
0106.31.00,01,0106,BIRDS OF PREY,,25.0,3.0,0.0,0.0,5.0,0.0,33.0
0106.32.00,01,0106,"PSITTACIFORMES (INCLUDING PARROTS, PARAKEETS, MACAWS AND COCKATOOS)",,25.0,3.0,0.0,0.0,5.0,0.0,33.0
0106.33.00,01,0106,Ostriches; emus ( Dromaius novaehollandiae),,25.0,3.0,0.0,0.0,5.0,0.0,33.0
0106.39.00,01,0106,OTHER BIRDS,,25.0,3.0,0.0,0.0,5.0,0.0,33.0
0106.41.00,01,0106,Bees,,0.0,0.0,0.0,0.0,5.0,0.0,5.0
0106.49.00,01,0106,Other Insects,,5.0,0.0,0.0,0.0,5.0,0.0,10.0
0106.90.00,01,0106,"OTHER LIVE ANIMALS, NES",,5.0,0.0,0.0,0.0,5.0,0.0,10.0
0201.10.10,02,0201,"Fresh Or Chilled Bovine Carcasses And Half Carcasses, Wrapped/Canned upto 2.5 kg",,25.0,3.0,10.0,15.0,5.0,7.5,77.48
0201.10.90,02,0201,"Fresh Or Chilled Bovine Carcasses And Half Carcasses, Nes",,25.0,3.0,10.0,0.0,5.0,0.0,45.8
0201.20.10,02,0201,"Fresh Or Chilled,Other Cuts Of Bovine Meat With Bone In, Wrapped/Canned upto 2.5 kg",,25.0,3.0,10.0,15.0,5.0,7.5,77.48
0201.20.90,02,0201,"Fresh Or Chilled,Other Cuts Of Bovine Meat With Bone In, Nes",,25.0,3.0,10.0,0.0,5.0,0.0,45.8
0201.30.10,02,0201,"Fresh Or Chilled Boneless Bovine Meat, Wrapped/Canned upto 2.5 kg",,25.0,3.0,10.0,15.0,5.0,7.5,77.48
0201.30.90,02,0201,"Fresh Or Chilled Boneless Bovine Meat, Nes",,25.0,3.0,10.0,0.0,5.0,0.0,45.8
0202.10.10,02,0202,"Frozen Bovine Carcasses And Half Carcasses, Wrapped/Canned upto 2.5 kg",,25.0,3.0,10.0,15.0,5.0,7.5,77.48
0202.10.90,02,0202,"Frozen Bovine Carcasses And Half Carcasses, Nes",,25.0,3.0,10.0,0.0,5.0,0.0,45.8
0202.20.10,02,0202,"Frozen Other Cuts Of Bovine Meat With Bone In, Wrapped/Canned upto 2.5 kg",,25.0,3.0,10.0,15.0,5.0,7.5,77.48
0202.20.90,02,0202,"Frozen, Other Cuts Of Bovin Meat With Bone In, Nes",,25.0,3.0,10.0,0.0,5.0,0.0,45.8
0202.30.10,02,0202,"Frozen Boneless Bovine Meat, Wrapped/Canned upto 2.5 kg",,25.0,3.0,10.0,15.0,5.0,7.5,77.48
0202.30.90,02,0202,"Frozen Boneless Bovine Meat, Nes",,25.0,3.0,10.0,0.0,5.0,0.0,45.8
0203.11.10,02,0203,"Fresh Or Chilled Swine Carcasses And Half Carcasses, Wrapped/Canned upto 2.5 kg",,25.0,3.0,0.0,15.0,5.0,7.5,61.8
0203.11.90,02,0203,"Fresh Or Chilled Swine Carcasses And Half Carcasses, Nes",,25.0,3.0,0.0,0.0,5.0,0.0,33.0
0203.12.90,02,0203,"Fresh/Chilled Hams,Shoulders & Cuts Thereof,With Bone In, Nes",,25.0,3.0,0.0,0.0,5.0,0.0,33.0
0203.19.10,02,0203,"Fresh Or Chilled Swine Meat, Nes, Wrapped/Canned upto 2.5 kg",,25.0,3.0,0.0,15.0,5.0,7.5,61.8
0203.19.90,02,0203,"Fresh Or Chilled Swine Meat, Nes",,25.0,3.0,0.0,0.0,5.0,0.0,33.0
0203.21.10,02,0203,"Frozen Swine Carcasses And Half Carcasses, Wrapped/Canned upto 2.5 kg",,25.0,3.0,0.0,15.0,5.0,7.5,61.8
0203.21.90,02,0203,"Frozen Swine Carcasses And Half Carcasses, Nes",,25.0,3.0,0.0,0.0,5.0,0.0,33.0
0203.22.10,02,0203,"Frozen Hams,Shoulders & Cuts Thereof,With Bone In, Wrapped/Canned upto 2.5 kg",,25.0,3.0,0.0,15.0,5.0,7.5,61.8
0203.22.90,02,0203,"Frozen Hams,Shoulders & Cuts Thereof Of Swine,With Bone In, Nes",,25.0,3.0,0.0,0.0,5.0,0.0,33.0
0203.29.10,02,0203,"Frozen Swine Meat, Nes, Wrapped/Canned upto 2.5 kg",,25.0,3.0,0.0,15.0,5.0,7.5,61.8
0203.29.90,02,0203,"Frozen Swine Meat, Nes",,25.0,3.0,0.0,0.0,5.0,0.0,33.0
0204.10.10,02,0204,"Fresh/Chilled Lamb Carcasses And Half Carcasses, Wrapped/Canned upto 2.5 kg",,25.0,3.0,10.0,15.0,5.0,7.5,77.48
0204.10.90,02,0204,"Fresh Or Chilled Lamb Carcasses And Half Carcasses, Nes",,25.0,3.0,10.0,0.0,5.0,0.0,45.8
0204.21.10,02,0204,"Fresh Or Chilled Sheep Carcasses & Half Carcasses, Wrapped/Canned upto 2.5 kg",,25.0,3.0,10.0,15.0,5.0,7.5,77.48
0204.21.90,02,0204,"Fresh Or Chilled Sheep Carcasses & Half Carcasses, Nes",,25.0,3.0,10.0,0.0,5.0,0.0,45.8
0204.22.90,02,0204,"Fresh Or Chilled Other Cuts Of Meat Of Sheep,With Bone In, Nes",,25.0,3.0,10.0,0.0,5.0,0.0,45.8
0204.23.10,02,0204,"Fresh Or Chilled Boneless Meat Of Sheep, Wrapped/Canned upto 2.5 kg",,25.0,3.0,10.0,15.0,5.0,7.5,77.48
0204.23.90,02,0204,"Fresh Or Chilled Boneless Meat Of Sheep, Nes",,25.0,3.0,10.0,0.0,5.0,0.0,45.8
0204.30.10,02,0204,"Frozen Lamb Carcasses And Half Carcasses, Wrapped/Canned upto 2.5 kg",,25.0,3.0,10.0,15.0,5.0,7.5,77.48
0204.30.90,02,0204,"Frozen Lamb Carcasses And Half Carcasses, Nes",,25.0,3.0,10.0,0.0,5.0,0.0,45.8
0204.41.10,02,0204,"Frozen Sheep Carcasses And Half Carcasses, Wrapped/Canned upto 2.5 kg",,25.0,3.0,10.0,15.0,5.0,7.5,77.48
0204.41.90,02,0204,"Frozen Sheep Carcasses And Half Carcasses, Nes",,25.0,3.0,10.0,0.0,5.0,0.0,45.8
0204.42.10,02,0204,"Frozen Other Cuts Of Meat Of Sheep, With Bone In, Wrapped/Canned upto 2.5 kg",,25.0,3.0,10.0,15.0,5.0,7.5,77.48
0204.42.90,02,0204,"Frozen Other Cuts Of Meat Of Sheep, Bone In, Nes",,25.0,3.0,10.0,0.0,5.0,0.0,45.8
0204.43.10,02,0204,"Frozen Meat Of Sheep, Boneless, Wrapped/Canned upto 2.5 kg",,25.0,3.0,10.0,15.0,5.0,7.5,77.48
0204.43.90,02,0204,"Frozen Meat Of Sheep, Boneless, Nes",,25.0,3.0,10.0,0.0,5.0,0.0,45.8
0204.50.10,02,0204,"Fresh, Chiled Or Frozen Goat Meat, Wrapped/Canned upto 2.5 kg",,25.0,3.0,10.0,15.0,5.0,7.5,77.48
0204.50.90,02,0204,"Fresh, Chiled Or Frozen Goat Meat, Nes",,25.0,3.0,10.0,0.0,5.0,0.0,45.8
0205.00.90,02,0205,"Meat Of Horses,Asses,Mules Or Hinnies, Fresh,Chilled Or Frozen, Nes",,25.0,3.0,0.0,0.0,5.0,0.0,33.0
0206.10.10,02,0206,"Fresh Or Chilled Edible Offal Of Bovine Animal, Wrapped/Canned upto 2.5 kg",,25.0,3.0,10.0,15.0,5.0,7.5,77.48
0206.10.90,02,0206,"Fresh Or Chilled Edible Offal Of Bovine Animals, Nes",,25.0,3.0,10.0,0.0,5.0,0.0,45.8
0206.21.10,02,0206,"Frozen Bovine Tongues, Wrapped/Canned upto 2.5 kg",,25.0,3.0,10.0,15.0,5.0,7.5,77.48
0206.21.90,02,0206,"Frozen Bovine Tounge, Nes",,25.0,3.0,10.0,0.0,5.0,0.0,45.8
0206.22.10,02,0206,"Frozen Bovine Livers, Wrapped/Canned upto 2.5 kg",,25.0,3.0,10.0,15.0,5.0,7.5,77.48
0206.22.90,02,0206,"Frozen Bovine Livers, Nes",,25.0,3.0,10.0,0.0,5.0,0.0,45.8
0206.29.10,02,0206,"Frozen Edible Bovine Offal (Excl. Tongues And Livers), Wrapped/Canned upto 2.5 kg",,25.0,3.0,10.0,15.0,5.0,7.5,77.48
0206.29.90,02,0206,"Frozen Edible Bovine Offal (Excl. Tongues And Livers), Nes",,25.0,3.0,10.0,0.0,5.0,0.0,45.8
0206.30.10,02,0206,"Fresh Or Chilled Edible Swine Offal, Wrapped/Canned upto 2.5 kg",,25.0,0.0,0.0,15.0,5.0,7.5,58.13
0206.30.90,02,0206,"Fresh Or Chilled Edible Swine Offal, Nes",,25.0,0.0,0.0,0.0,5.0,0.0,30.0
0206.41.10,02,0206,"Frozen Swine Livers, Wrapped/Canned upto 2.5 kg",,25.0,0.0,0.0,15.0,5.0,7.5,58.13
0206.41.90,02,0206,"Frozen Swine Livers, Nes",,25.0,0.0,0.0,0.0,5.0,0.0,30.0
0206.49.10,02,0206,"Frozen Edible Swine Offal(Excl. Livers), Wrapped/Canned upto 2.5 kg",,25.0,0.0,0.0,15.0,5.0,7.5,58.13
0206.49.90,02,0206,"Frozen Edible Swine Offal, Excl. Livers, Nes",,25.0,0.0,0.0,0.0,5.0,0.0,30.0
0206.80.10,02,0206,"Fresh Or Chilled Edible Offal Of Sheep,Goats,Horses.., Wrapped/Canned upto 2.5 kg",,25.0,3.0,10.0,15.0,5.0,7.5,77.48
0206.80.90,02,0206,"Fresh Or Chilled Edible Offal Of Sheep,Goats,Horses..., Nes",,25.0,3.0,10.0,0.0,5.0,0.0,45.8
0206.90.10,02,0206,"Frozen Edible Offal Of Sheep,Goats,Horses.., Wrapped/Canned upto 2.5 kg",,25.0,3.0,10.0,15.0,5.0,7.5,77.48
0206.90.90,02,0206,"Frozen Edible Offal Of Sheep,Goats,Horses..., Nes",,25.0,3.0,10.0,0.0,5.0,0.0,45.8
0207.11.90,02,0207,"Fresh Or Chilled Meat&Edible Offal Of Fowls Not Cut Inpieces, Nes",,25.0,0.0,0.0,15.0,5.0,0.0,48.75
0207.12.10,02,0207,"Frozen Meat&Edible Offal Of Fowls Not Cut Inpieces, Wrapped/Canned upto 2.5 kg",,25.0,0.0,0.0,15.0,5.0,7.5,58.13
0207.12.90,02,0207,"Frozen Meat & Edible Offals Of Fowls Not Cut Inpieces, Nes",,25.0,0.0,0.0,15.0,5.0,0.0,48.75
0207.13.10,02,0207,"Fresh Or Chilled Cuts And Offal Of Meat Fowls, Wrapped/Canned upto 2.5 kg",,25.0,0.0,0.0,15.0,5.0,7.5,58.13
0207.13.90,02,0207,"Fresh Or Chilled Cuts And Offal Of Chickens, Nes",,25.0,0.0,0.0,15.0,5.0,7.5,58.13
0207.14.10,02,0207,"Frozen Cuts And Offal Of Chicken, Wrapped/Canned upto 2.5 kg",,25.0,0.0,10.0,15.0,5.0,7.5,73.44
0207.14.90,02,0207,"Frozen Cuts And Offal Meat Of Fowls, Nes",,25.0,0.0,0.0,15.0,5.0,7.5,58.13
0207.24.10,02,0207,"Fresh/Chilled Meat&Edible Offal Of Turkeys Not Cut Inpieces, Wrapped/Canned upto 2.5",,25.0,0.0,10.0,15.0,5.0,7.5,73.44
0207.24.90,02,0207,"Fresh Or Chilled Meat & Edible Offal Of Trukeys Not Cut Inpieces, Nes",,25.0,0.0,10.0,0.0,5.0,0.0,42.5
0207.25.10,02,0207,"Frozen Meat & Edible Offal Of Turkeys Not Cut Inpieces, Wrapped/Canned upto 2.5 kg",,25.0,0.0,10.0,15.0,5.0,7.5,73.44
0207.25.90,02,0207,"Frozen Meat & Edible Offal Of Turkeys Not Cut Inpieces, Nes",,25.0,0.0,10.0,0.0,5.0,0.0,42.5
0207.26.10,02,0207,"Fresh Or Chilled Cuts And Offal Of Meat Of Turkeys, Wrapped/Canned upto 2.5 kg",,25.0,0.0,10.0,15.0,5.0,7.5,73.44
0207.26.90,02,0207,"Fresh Or Chilled Cuts And Offal Of Meat Of Trukeys, Nes",,25.0,0.0,10.0,0.0,5.0,0.0,42.5
0207.27.10,02,0207,"Frozen Cuts And Offal Of Meat Of Turkeys, Wrapped/Canned upto 2.5 kg",,25.0,0.0,10.0,15.0,5.0,7.5,73.44
0207.27.90,02,0207,"Frozen Cuts And Offal Of Meat Of Turkeys, Nes",,25.0,0.0,10.0,0.0,5.0,0.0,42.5
0207.41.10,02,0207,"Meat and edible offal of not cut in pieces, fresh or chilled of ducks wrapped/canned",,25.0,0.0,10.0,15.0,5.0,7.5,73.44
0207.41.90,02,0207,"Other meat and edible offal of not cut in pieces, fresh or chilled of ducks",,25.0,0.0,10.0,0.0,5.0,0.0,42.5
0207.42.10,02,0207,"Meat and edible offal of not cut in pieces, frozen of ducks wrapped/canned upto 2.5 k",,25.0,0.0,10.0,15.0,5.0,7.5,73.44
0207.42.90,02,0207,"Other meat and edible offal of not cut in pieces, frozen of ducks",,25.0,0.0,10.0,0.0,5.0,0.0,42.5
0207.43.10,02,0207,"Meat and edible offal of fatty livers, fresh or chilled of ducks wrapped/canned upto",,25.0,0.0,10.0,15.0,5.0,7.5,73.44
0207.43.90,02,0207,"Other meat and edible offal of fatty livers, fresh or chilled of ducks",,25.0,0.0,10.0,0.0,5.0,0.0,42.5
0207.44.10,02,0207,Other meat and edible offal of fresh or chilled of ducks wrapped/canned upto 2.5 kg,,25.0,0.0,10.0,15.0,5.0,7.5,73.44
0207.44.90,02,0207,"Other, meat and edible offal of fresh or chilled of ducks nes.",,25.0,0.0,10.0,0.0,5.0,0.0,42.5
0207.45.10,02,0207,Other frozen meat and edible offal of ducks wrapped/canned upto 2.5 Kg,,25.0,0.0,10.0,15.0,5.0,7.5,73.44
0207.45.90,02,0207,"Other, frozen meat and edible offal of ducks nes,",,25.0,0.0,10.0,0.0,5.0,0.0,42.5
0207.51.10,02,0207,"Meat and edible offal not cut in pieces, fresh or chilled of geese wrapped/canned upto 2",,25.0,0.0,10.0,15.0,5.0,7.5,73.44
0207.51.90,02,0207,"Other meat and edible offal not cut in pieces, fresh or chilled of geese",,25.0,0.0,10.0,0.0,5.0,0.0,42.5
0207.52.10,02,0207,"Meat and edible offal not cut in pieces, frozen of ducks wrapped/canned upto 2.5 Kg",,25.0,0.0,10.0,15.0,5.0,7.5,73.44
0207.52.90,02,0207,"Other meat and edible offal not cut in pieces, frozen of geese",,25.0,0.0,10.0,0.0,5.0,0.0,42.5
0207.53.10,02,0207,"Meat and edible offal fatty livers, fresh or chilled of geese wrapped/canned upto 2.5 Kg",,25.0,0.0,10.0,15.0,5.0,7.5,73.44
0207.53.90,02,0207,"Other meat and edible offal fatty livers, fresh or chilled of geese",,25.0,0.0,10.0,0.0,5.0,0.0,42.5
0207.54.10,02,0207,Other meat and edible offal fresh or chilled of geese wrapped/canned upto 2.5 Kg,,25.0,0.0,10.0,15.0,5.0,7.5,73.44
0207.54.90,02,0207,"Other meat and edible offal fresh or chilled of geese, nes",,25.0,0.0,10.0,0.0,5.0,0.0,42.5
0207.55.10,02,0207,Other meat and edible offal frozen geese wrapped/canned upto 25 k,,25.0,0.0,10.0,15.0,5.0,7.5,73.44
0207.55.90,02,0207,"Other meat and edible offal frozen of geese nes,",,25.0,0.0,10.0,0.0,5.0,0.0,42.5
0207.60.10,02,0207,Meat and edible offal of guinea fowls wrapped/canned upto 2.5 Kg,,25.0,0.0,10.0,15.0,5.0,7.5,73.44
0207.60.90,02,0207,Meat and edible offal of guinea fowls EXCL. wrapped/canned upto 2.5 Kg,,25.0,0.0,10.0,0.0,5.0,0.0,42.5
0208.10.90,02,0208,"Fresh,Chilled Or Froz.Meat And Edible Offal Of Rabbits Or Hares, Nes",,25.0,3.0,0.0,0.0,5.0,0.0,33.0
0208.30.90,02,0208,"OTHER MEAT&EDIBLE MEAT OFFAL,FRESH,CHILLED OR FROZEN OF PRIMATES, Nes",,25.0,3.0,0.0,0.0,5.0,0.0,33.0
0208.40.90,02,0208,"WHALES DOLPHINS & PORPOISES,.. MANATEES AND DUGONGS, Nes",,25.0,3.0,0.0,0.0,5.0,0.0,33.0
0208.50.10,02,0208,"PEPTILES (INCLUDING SNAKES AND TURTLES), WRAPPED/CANNED upto 2.5 kg",,25.0,3.0,0.0,15.0,5.0,7.5,61.8
0208.50.90,02,0208,"REPTILES (INCLUDING SNAKES AND TURLTES), Nes",,25.0,3.0,0.0,0.0,5.0,0.0,33.0
0208.60.90,02,0208,Other meat and edible meat offal of camels and other camelids ( Camelidae),,25.0,3.0,0.0,15.0,5.0,7.5,61.8
0208.90.10,02,0208,"Fresh,Chilled Or Frozen Meat And Edible Offal, Wrapped/Canned upto 2.5 kg",,25.0,3.0,0.0,15.0,5.0,7.5,61.8
0208.90.90,02,0208,"Fresh,Chilled Or Frozen Meat And Edible Offal, Nes",,25.0,3.0,0.0,0.0,5.0,0.0,33.0
0209.10.10,02,0209,"Pig fat not rendered or otherwise extracted, fresh, chilled, frozen, salted, in brine, d",,25.0,3.0,0.0,15.0,5.0,7.5,61.8
0209.10.90,02,0209,"Other pig fat not rendered or otherwise extracted, fresh, chilled, frozen, salted, in br",,25.0,3.0,0.0,15.0,5.0,7.5,61.8
0209.90.10,02,0209,"Free of lean meat, and poultry fat, not rendered or otherwise extracted, fresh, chi...ed",,25.0,3.0,0.0,15.0,5.0,7.5,61.8
0209.90.90,02,0209,Poultry fat free of lean meat excl.wrapped/canned upto 2.5 kg,,25.0,3.0,0.0,0.0,5.0,0.0,33.0
0210.11.10,02,0210,"Hams,Shoulders & Cuts Thereof Bone In,Salted..Or Smoked,Wrapp/Can upto 2.5 kg",,25.0,3.0,0.0,15.0,5.0,7.5,61.8
0210.11.90,02,0210,"Swine Hams, Shoulders And Cuts Thereof,Bone In Salted..Or Smoked, Nes",,25.0,3.0,0.0,0.0,5.0,0.0,33.0
0210.12.10,02,0210,"Bellies And Cuts Thereof Of Swine,Salted.. Or Smoked,Wrapped/Canned upto 2.5 kg",,25.0,3.0,0.0,15.0,5.0,7.5,61.8
0210.12.90,02,0210,"Bellies & Cuts Thereof Swine,Salted.. Or Smoked, Nes",,25.0,3.0,0.0,0.0,5.0,0.0,33.0
0210.19.10,02,0210,"Meat Of Swine,Salted... Or Smoked, Nes, Wrapped/Canned upto 2.5 kg",,25.0,3.0,0.0,15.0,5.0,7.5,61.8
0210.19.90,02,0210,"Meat Of Swine,Salted.. Or Smoked,Nes, (excl. wrapped/canned upto 2.5 kg)",,25.0,3.0,0.0,0.0,5.0,0.0,33.0
0210.20.10,02,0210,"Meat Of Bovine Animals,Salted... Or Smoked, Wrapped/Canned upto 2.5 kg",,25.0,3.0,0.0,15.0,5.0,7.5,61.8
0210.20.90,02,0210,"Meat Of Bovine Animals, Salted... Or Smoked, Nes",,25.0,3.0,0.0,0.0,5.0,0.0,33.0
0210.93.10,02,0210,"REPTILES (INCLUDING SNAKES AND TURTLES), WRAPPED/CANNED upto 2.5 kg",,25.0,3.0,0.0,15.0,5.0,7.5,61.8
0210.93.90,02,0210,"REPTILES (INCLUDING SNAKES AND TURTLES), Nes",,25.0,3.0,0.0,0.0,5.0,0.0,33.0
0210.99.90,02,0210,"MEAT AND EDIBLE MEAT OFFAL,SALTED,IN BRINE,DRIED OR SMOKED,OTHER, Nes",,25.0,3.0,0.0,0.0,5.0,0.0,33.0
0301.11.00,03,0301,"Ornamental fish, Freshwater",,25.0,3.0,0.0,0.0,5.0,0.0,33.0
0301.19.00,03,0301,Ornamental fish Excl. Freshwater,,25.0,3.0,0.0,0.0,5.0,0.0,33.0
0301.91.10,03,0301,"Live Trout(Salmo Trutta,Onc'Ync'Mykiss,Clarki,Ag'Ab'Ta,Gilae,Apach.) fry",,0.0,0.0,0.0,0.0,2.0,0.0,2.0
0301.91.90,03,0301,"Live Trout(Salmo Trutta,Onc'Ync'Mykiss,Clarki,Ag'Ab'Ta,Gilae,Apa.)(Ex.fry)",,25.0,3.0,0.0,0.0,5.0,0.0,33.0
0301.92.10,03,0301,Live Eels Fry,,0.0,0.0,0.0,0.0,2.0,0.0,2.0
0301.92.90,03,0301,"Live Eels, Excl. Fry",,25.0,3.0,0.0,0.0,5.0,0.0,33.0
0301.94.10,03,0301,"ATLANTIC & PACIFIC BLUEFIN TUNAS(THUNNUS THYNNUS, THUNNUS ORIENTALIS) FRY",,0.0,0.0,0.0,0.0,5.0,0.0,5.0
0301.95.10,03,0301,Southern bluefin tunas (Thunnus maccoyii) Fry,,0.0,0.0,0.0,0.0,5.0,0.0,5.0
0301.95.90,03,0301,"Southern bluefin tunas (Thunnus maccoyii), Excl. Fry",,25.0,3.0,0.0,0.0,5.0,0.0,33.0
0301.99.10,03,0301,"Other Live Fish (Excl. Trout,Eels & Carps) Fry",,0.0,0.0,0.0,0.0,2.0,0.0,2.0
0301.99.90,03,0301,"Other Live Fish,(Excl.Trout, Eels & Carps) Excl. Fry",,25.0,3.0,0.0,0.0,5.0,0.0,33.0
0302.11.10,03,0302,Fresh Or Chill. Trout (Excl. Livers & Roes) Wrapped/Canned upto 2.5 kg,,25.0,3.0,0.0,15.0,5.0,7.5,61.8
0302.11.90,03,0302,"Fresh Or Chill. Trout (Excl. Livers & Roes),Nes",,25.0,3.0,0.0,0.0,5.0,0.0,33.0
0302.19.10,03,0302,"FISH...RUHI,KATLA,MRIGEL,PANGASH,KARP AND ALIKE WRAPPED/CANNED UPTO 2.5KG",,25.0,3.0,0.0,15.0,5.0,7.5,61.8
0302.19.90,03,0302,"Fish...ruhi,katla,......,pangash, karp & alike, excl. wrapped/canned upto 2.5kg Other",,25.0,3.0,10.0,0.0,5.0,0.0,45.8
0302.21.10,03,0302,Fresh Or Chilled Halibut (Excl. Livers & Roes) Wrapped/Canned upto 2.5kg,,25.0,3.0,0.0,15.0,5.0,7.5,61.8
0302.21.90,03,0302,"Fresh Or Chilled Halibut (Excl. Livers & Roes),NES",,25.0,3.0,0.0,0.0,5.0,0.0,33.0
0302.22.10,03,0302,Fresh Or Chilled Plaice (Excl.Livers & Roes) Wrapped/Canned upto 2.5kg,,25.0,3.0,0.0,15.0,5.0,7.5,61.8
0302.22.90,03,0302,"Fresh Or Chilled Plaice (Excl. Livers & Roes),nes",,25.0,3.0,0.0,0.0,5.0,0.0,33.0
0302.23.10,03,0302,Fresh Or Chilled Sole (Excl. Livers & Roes) Wrapped/Canned upto 2.5kg,,25.0,3.0,0.0,15.0,5.0,7.5,61.8
0302.23.90,03,0302,"Fresh Or Chilled Sole (Excl. Livers & Roes) ,nes",,25.0,3.0,0.0,0.0,5.0,0.0,33.0
0302.24.10,03,0302,Turbots (Psetta maxima) Wrapped/canned upto 2.5 Kg,,25.0,3.0,0.0,15.0,5.0,7.5,61.8
0302.24.90,03,0302,Other Turbots (Psetta maxima),,25.0,3.0,0.0,0.0,5.0,0.0,33.0
0302.29.10,03,0302,"Fresh Or Chilled,Oth.Flat Fish(Excl.Livers & Roes),Wrapped/Canned upto 2.5kg",,25.0,3.0,0.0,15.0,5.0,7.5,61.8
0302.29.90,03,0302,"Fresh Or Chilled,Oth.Flat Fish(Excl.Livers & Roes),nes",,25.0,3.0,0.0,0.0,5.0,0.0,33.0
0302.31.10,03,0302,Fresh/Chilled Albacore Or Longfinned Tunas(Excl.Livers & Roes)Wra/Can upto 2.5kg,,25.0,3.0,10.0,15.0,5.0,7.5,77.48
0302.31.90,03,0302,"Fresh Or Chilled Albacore Or Longfinned Tunas(Excl.Livers & Roes),nes",,25.0,3.0,10.0,0.0,5.0,0.0,45.8
0302.32.10,03,0302,Fresh Or Chilled Yellowfin Tunas (Excl.Livers & Roes)Wrapped/Canned upto 2.5kg,,25.0,3.0,10.0,15.0,5.0,7.5,77.48
0302.32.90,03,0302,"Fresh Or Chilled Yellowfin Tunas (Excl. Livers & Roes),nes",,25.0,3.0,10.0,0.0,5.0,0.0,45.8
0302.33.10,03,0302,Fresh/Chilled Skipjack Or Stripe-Bellied Bonito(Ex.Livers & Roes)Wr/Ca upto 2.5kg,,25.0,3.0,0.0,15.0,5.0,7.5,61.8
0302.33.90,03,0302,"Fresh Or Chilled Skipjack Or Stripe-Bellied Bonito(Ex.Livers & Roes),nes",,25.0,3.0,0.0,0.0,5.0,0.0,33.0
0302.34.10,03,0302,BIGEYE TUNAS (THUNNUS OBESUS) EXCLUDING WRAPPED/CANNED upto 2.5kg,,25.0,3.0,10.0,15.0,5.0,7.5,77.48
0302.34.90,03,0302,"BIGEYE TUNAS (THUNNSU OBESUS),nes.",,25.0,3.0,10.0,0.0,5.0,0.0,45.8
0302.36.10,03,0302,SOUTHEM BLUEFIN TUNAS (THUNNUS MACCOYII) WRA/CANN UPTO 2.5KG,,25.0,3.0,10.0,15.0,5.0,7.5,77.48
0302.36.90,03,0302,"SOUTHEM BLUEFIN TUNAS (THUNNUS MACCOYII),NES",,25.0,3.0,10.0,0.0,5.0,0.0,45.8
0302.39.10,03,0302,"Fresh Or Chilled Tunas, Nes, (Excl. Livers & Roes) Wrapped/Canned Upto 2.5kg",,25.0,3.0,10.0,15.0,5.0,7.5,77.48
0302.39.90,03,0302,"Fresh Or Chilled Tunas, Nes,(Excl.Livers & Roes),nes",,25.0,3.0,10.0,0.0,5.0,0.0,45.8
0302.41.10,03,0302,"Herrings (Clupea harengus, Clupea pallasi, Wrapped/canned upto 2.5 Kg",,25.0,3.0,0.0,15.0,5.0,7.5,61.8
0302.41.90,03,0302,"Herrings (Clupea harengus, Clupea pallasi, EXCL. Wrapped/canned upto 2.5 Kg",,25.0,3.0,0.0,0.0,5.0,0.0,33.0
0302.42.10,03,0302,"Anchovies (Engraulis spp), Wrapped/canned upto 2.5 Kg",,25.0,3.0,0.0,15.0,5.0,7.5,61.8
0302.42.90,03,0302,"Anchovies (Engraulis spp), EXCL. Wrapped/canned upto 2.5 Kg",,25.0,3.0,0.0,0.0,5.0,0.0,33.0
0302.43.10,03,0302,"Sardines ( Sardina pilachardus), sardinella (Sardinella spp), brisling . sprattus)Wr",,25.0,3.0,0.0,15.0,5.0,7.5,61.8
0302.43.90,03,0302,"Sardines ( Sardina pilachardus), sardinella (Sardinella spp), brisling . sprattus) E",,25.0,3.0,0.0,0.0,5.0,0.0,33.0
0302.45.10,03,0302,"Jack and horse mackerel (Trachurus spp), Wrapped/canned upto 2.5 Kg",,25.0,3.0,0.0,15.0,5.0,7.5,61.8
0302.45.90,03,0302,"Jack and horse mackerel (Trachurus spp), EXCL. Wrapped/canned upto 2.5 Kg",,25.0,3.0,0.0,0.0,5.0,0.0,33.0
0302.46.10,03,0302,"cobia (Rachycentron canadum), Wrapped/canned upto 2.5 Kg",,25.0,3.0,0.0,15.0,5.0,7.5,61.8
0302.46.90,03,0302,"cobia (Rachycentron canadum), EXCL.Wrapped/canned upto 2.5 Kg",,25.0,3.0,0.0,0.0,5.0,0.0,33.0
0302.47.10,03,0302,"swordfish (Xiphias gladius), Wrapped/canned upto 2.5 Kg",,25.0,3.0,0.0,15.0,5.0,7.5,61.8
0302.47.90,03,0302,"swordfish (Xiphias gladius), EXCL. Wrapped/canned upto 2.5 Kg",,25.0,3.0,0.0,0.0,5.0,0.0,33.0
0302.49.10,03,0302,Other Wrapped/canned upto 2.5 kg,,25.0,3.0,0.0,15.0,5.0,7.5,61.8
0302.49.90,03,0302,Other excl. Wrapped/canned upto 2.5 kg,,25.0,3.0,0.0,15.0,5.0,7.5,61.8
0302.51.10,03,0302,"Fish of the families Bregmacerotidae, Euclichthyidae,..:, Cod (Gadus morhua, ...), Wr",,25.0,3.0,0.0,15.0,5.0,7.5,61.8
0302.51.90,03,0302,"Fish of the families Bregmacerotidae, Euclichthyidae,..:, Cod (Gadus morhua, ...), EX",,25.0,3.0,0.0,0.0,5.0,0.0,33.0
0302.52.10,03,0302,"Haddock (Melanogrammus aeglefinus), Wrapped/canned upto 2.5 Kg",,25.0,0.0,0.0,15.0,5.0,7.5,58.13
0302.52.90,03,0302,"Haddock (Melanogrammus aeglefinus), EXCL. Wrapped/canned upto 2.5 Kg",,25.0,0.0,0.0,0.0,5.0,0.0,30.0
0302.53.10,03,0302,"Coalfish (Pollachius virens), Wrapped/canned upto 2.5 Kg",,25.0,3.0,0.0,15.0,5.0,7.5,61.8
0302.53.90,03,0302,"Coalfish (Pollachius virens), EXCL. Wrapped/canned upto 2.5 Kg",,25.0,0.0,0.0,0.0,5.0,0.0,30.0
0302.54.10,03,0302,"Hake (Merluccius spp, Urophycis spp), Wrapped/canned upto 2.5 Kg",,25.0,0.0,0.0,15.0,5.0,7.5,58.13
0302.54.90,03,0302,"Hake (Merluccius spp, Urophycis spp), EXCL. Wrapped/canned upto 2.5 Kg",,25.0,0.0,0.0,0.0,5.0,0.0,30.0
0302.55.10,03,0302,"Alaska Pollack (Theraga chalcogramma), Wrapped/canned upto 2.5 Kg",,25.0,3.0,0.0,15.0,5.0,7.5,61.8
0302.55.90,03,0302,"Alaska Pollack (Theraga chalcogramma), EXCL. Wrapped/canned upto 2.5 Kg",,25.0,0.0,0.0,0.0,5.0,0.0,30.0
0302.56.10,03,0302,"Blue whitings (Micromesistius poutassou, Micromesistius australis), Wrapped/canned up",,25.0,0.0,0.0,15.0,5.0,7.5,58.13
0302.56.90,03,0302,"Blue whitings (Micromesistius poutassou, Micromesistius australis), EXCL. Wrapped/can",,25.0,0.0,0.0,0.0,5.0,0.0,30.0
0302.59.10,03,0302,"Other than Blue whitings , Wrapped/canned upto 2.5 Kg",,25.0,3.0,0.0,15.0,5.0,7.5,61.8
0302.59.90,03,0302,"Other than Blue withing, EXCL. Wrapped/canned upto 2.5 Kg",,25.0,3.0,0.0,0.0,5.0,0.0,33.0
0302.71.10,03,0302,"Tilapias (Oreochromis spp), Wrapped/canned upto 2.5 Kg",,25.0,3.0,0.0,15.0,5.0,7.5,61.8
0302.71.90,03,0302,"Tilapias (Oreochromis spp), EXCL. Wrapped/canned upto 2.5 Kg",,25.0,3.0,0.0,0.0,5.0,0.0,33.0
0302.72.10,03,0302,"Catfish (Pangasius spp, Silurus spp, Clarias spp, Ictalurus spp), Wrapped/canned upto",,25.0,3.0,0.0,15.0,5.0,7.5,61.8
0302.72.90,03,0302,"Catfish (Pangasius spp, Silurus spp, Clarias spp, Ictalurus spp), EXCL. Wrapped/canne",,25.0,3.0,0.0,0.0,5.0,0.0,33.0
0302.73.10,03,0302,"Carp (Cyprinus carpio, Carassius carassius, ..., Mylopharyngodon piceus). Wrapped/c",,25.0,3.0,0.0,15.0,5.0,7.5,61.8
0302.73.90,03,0302,"Carp (Cyprinus carpio, Carassius carassius, ..., Mylopharyngodon piceus). EXCL.Wrap",,25.0,3.0,0.0,0.0,5.0,0.0,33.0
0302.74.10,03,0302,"Eels (Anguilla spp), Wrapped/canned upto 2.5 Kg",,25.0,3.0,0.0,15.0,5.0,7.5,61.8
0302.74.90,03,0302,"Eels (Anguilla spp), EXCL. Wrapped/canned upto 2.5 Kg",,25.0,3.0,0.0,0.0,5.0,0.0,33.0
0302.79.10,03,0302,"Other than Eels, Wrapped/canned upto 2.5 Kg",,25.0,3.0,0.0,15.0,5.0,7.5,61.8
0302.79.90,03,0302,"Other than Eels, EXCL. Wrapped/canned upto 2.5 Kg",,25.0,3.0,0.0,0.0,5.0,0.0,33.0
0302.81.10,03,0302,"Dogfish and other sharks, Wrapped/canned upto 2.5 Kg",,25.0,3.0,0.0,15.0,5.0,7.5,61.8
0302.81.90,03,0302,"Dogfish and other sharks, EXCL. Wrapped/canned upto 2.5 Kg",,25.0,3.0,0.0,0.0,5.0,0.0,33.0
0302.82.10,03,0302,"Rays and skates (Rajidae), Wrapped/canned upto 2.5 Kg",,25.0,3.0,0.0,15.0,5.0,7.5,61.8
0302.82.90,03,0302,"Rays and skates (Rajidae), EXCL. Wrapped/canned upto 2.5 Kg",,25.0,3.0,0.0,0.0,5.0,0.0,33.0
0302.83.10,03,0302,"Toothfish (Dissostichus spp), Wrapped/canned upto 2.5 Kg",,25.0,3.0,0.0,15.0,5.0,7.5,61.8
0302.83.90,03,0302,"Toothfish (Dissostichus spp), EXCL. Wrapped/canned upto 2.5 Kg",,25.0,3.0,0.0,0.0,5.0,0.0,33.0
0302.84.10,03,0302,"Seabass (Dicentrarchus spp), Wrapped/canned upto 2.5 Kg",,25.0,3.0,0.0,15.0,5.0,7.5,61.8
0302.84.90,03,0302,"Seabass (Dicentrarchus spp), EXCL. Wrapped/canned upto 2.5 Kg",,25.0,3.0,0.0,0.0,5.0,0.0,33.0
0302.85.10,03,0302,"Seabream (Sparidae), Wrapped/canned upto 2.5 Kg",,25.0,3.0,0.0,15.0,5.0,7.5,61.8
0302.85.90,03,0302,"Seabream (Sparidae), EXCL. Wrapped/canned upto 2.5 Kg",,25.0,3.0,0.0,0.0,5.0,0.0,33.0
0302.89.11,03,0302,Hilsha fish wrapped/canned upto 2.5 kg,,25.0,3.0,0.0,15.0,5.0,7.5,61.8
0302.89.19,03,0302,Hilsha fish (EXCL.wrapped/canned upto 2.5 kg),,25.0,3.0,0.0,15.0,5.0,7.5,61.8
0302.89.91,03,0302,Other than Hilsha fish wrapped/canned upto 2.5 kg,,25.0,3.0,0.0,15.0,5.0,7.5,61.8
0302.89.99,03,0302,Other than Hilsha fish (EXCL.wrapped/canned upto 2.5 kg ),,25.0,3.0,0.0,0.0,5.0,0.0,33.0
0302.91.10,03,0302,"Livers, roes and milt wrapped/canned upto 2.5 Kg",,25.0,3.0,0.0,15.0,5.0,7.5,61.8
0302.91.90,03,0302,"Livers, roes and milt Wrapped/canned upto 2.5 kg",,25.0,3.0,0.0,15.0,5.0,7.5,61.8
0302.92.10,03,0302,Wrapped/canned upto 2.5 kg,,25.0,3.0,0.0,15.0,5.0,7.5,61.8
0302.92.90,03,0302,Shark Fish Wrapped/canned upto 2.5 kg,,25.0,3.0,0.0,15.0,5.0,7.5,61.8
0302.99.10,03,0302,other,,25.0,3.0,10.0,15.0,5.0,7.5,77.48
0302.99.90,03,0302,Other,,25.0,3.0,10.0,15.0,5.0,7.5,77.48
0303.11.10,03,0303,SOCKEYE SALMON (RED SALMON) ONCORHYNCHUS NERKA WRA/CANNED UPTO 2.5KG,,25.0,3.0,10.0,15.0,5.0,7.5,77.48
0303.11.90,03,0303,"SOCKEYE SALMON (RED SALMON) ONCORHYNCHUS MERKA,NES",,25.0,3.0,10.0,0.0,5.0,0.0,45.8
0303.19.90,03,0303,"PACIFIC SALMON EXCCLUDING LIVERS AND ROSE, OTHER,NES",,25.0,3.0,10.0,0.0,5.0,0.0,45.8
0303.23.10,03,0303,Tilapias (Oreochromis spp) Wrapped/canned upto 2.5 Kg,,25.0,3.0,0.0,15.0,5.0,7.5,61.8
0303.23.90,03,0303,Other Tilapias (Oreochromis spp),,25.0,3.0,0.0,0.0,5.0,0.0,33.0
0303.24.10,03,0303,"Catfish (Pangasius spp, Silurus spp, Clarias spp, Ictalurus spp) Wrapped/canned upto 2.5",,25.0,3.0,0.0,15.0,5.0,7.5,61.8
0303.24.90,03,0303,"Other Catfish (Pangasius spp, Silurus spp, Clarias spp, Ictalurus spp)",,25.0,3.0,0.0,0.0,5.0,0.0,33.0
0303.25.90,03,0303,"Other Carp (Cyprinus carpio, Carassius carassius, .. spp, Cirrhinus spp, Mylopharyngodon",,25.0,3.0,0.0,0.0,5.0,0.0,33.0
0303.26.10,03,0303,"Eels (Anguilla spp), Wrapped/canned upto 2.5 Kg",,25.0,3.0,0.0,15.0,5.0,7.5,61.8
0303.26.90,03,0303,"Eels (Anguilla spp), EXCL. Wrapped/canned upto 2.5 Kg",,25.0,3.0,0.0,0.0,5.0,0.0,33.0
0303.29.90,03,0303,"Fish frozen.. Excl. wrapped/canned upto 2.5kg ruhi, katla,..,karp and alike Other",,25.0,3.0,0.0,0.0,5.0,0.0,33.0
0303.31.10,03,0303,Frozen Halibut (Excl. Livers & Roes) Wrapped/Canned Upto 2.5kg,,25.0,3.0,0.0,15.0,5.0,7.5,61.8
0303.31.90,03,0303,"Frozen Halibut (Excl. Livers & Roes),nes",,25.0,3.0,0.0,0.0,5.0,0.0,33.0
0303.32.10,03,0303,"Frozen Plaice, (Excl. Livers & Roes), Wrapped/Canned upto 2.5kg",,25.0,3.0,0.0,15.0,5.0,7.5,61.8
0303.32.90,03,0303,"Frozen Plaice, (Excl. Livers & Roes),nes",,25.0,3.0,0.0,0.0,5.0,0.0,33.0
0303.33.10,03,0303,"Frozen Sole, (Excl. Libers & Roes), Wrapped/Canned Upto 2.5kg",,25.0,3.0,0.0,15.0,5.0,7.5,61.8
0303.33.90,03,0303,"Frozen Sole, (Excl.Livers & Roes),nes",,25.0,3.0,0.0,0.0,5.0,0.0,33.0
0303.34.10,03,0303,Turbots (Psetta maxima) Wrapped/canned upto 2.5 Kg,,25.0,3.0,0.0,15.0,5.0,7.5,61.8
0303.34.90,03,0303,Other Turbots (Psetta maxima),,25.0,3.0,0.0,0.0,5.0,0.0,33.0
0303.39.10,03,0303,"Frozen Flat Fish,(Excl.Livers & Roes),Excl.Halibut,Plaice & Sole Wrapped/Cann upto 2.5kg",,25.0,3.0,0.0,15.0,5.0,7.5,61.8
0303.39.90,03,0303,"Frozen Flat Fish,(Excl.Livers & Roes), Excl. Halibut,Plaice And Sole,nes",,25.0,3.0,0.0,0.0,5.0,0.0,33.0
0303.41.10,03,0303,Frozen Albacore Or Longfinned Tunas(Excl.Livers & Roes)Wrapped/Canned upto 2.5kg,,25.0,3.0,0.0,15.0,5.0,7.5,61.8
0303.41.90,03,0303,"Frozen Albacore Or Longfinned Tunas,(Excl.Livers & Roes),nes",,25.0,3.0,0.0,0.0,5.0,0.0,33.0
0303.42.10,03,0303,"Frozen Yellowfin Tunas, (Excl. Livers & Roes),Wrapped/Canned upto 2.5kg",,25.0,3.0,10.0,15.0,5.0,7.5,77.48
0303.42.90,03,0303,"Frozen Yellowfin Tunas, (Excl. Livers & Roes),nes",,25.0,3.0,10.0,0.0,5.0,0.0,45.8
0303.43.10,03,0303,Frozen Skipjack Or Stripe-Bellied Bonito(Excl.Livers & Roes)Wrap./Can. upto 2.5kg,,25.0,3.0,0.0,15.0,5.0,7.5,61.8
0303.43.90,03,0303,"Frozen Skipjack Or Stripe-Bellied Bonito(Excl.Livers & Roes),nes",,25.0,3.0,0.0,0.0,5.0,0.0,33.0
0303.44.10,03,0303,BIGEYE TUNAS (THUNNUS OBESUS) WRAPPED/CANNED UPTO 2.5KG,,25.0,3.0,10.0,15.0,5.0,7.5,77.48
0303.44.90,03,0303,"BIGEYE TUNAS (THUNNUS OBESUS),NES",,25.0,3.0,10.0,0.0,5.0,0.0,45.8
0303.46.10,03,0303,SOUTHERN BLUEFIN TUNAS (THUNNUS MACCOYII) WRAPPED/CANNED UPTO 2.5KG,,25.0,3.0,10.0,15.0,5.0,7.5,77.48
0303.46.90,03,0303,"SOUTHERN BLUEFIN TUNAS (THUNNUS MACCOYII),NES",,25.0,3.0,10.0,0.0,5.0,0.0,45.8
0303.49.10,03,0303,"Frozen Tunas, Nes, (Excl. Livers & Roes),Wrapped/Canned upto 2.5kg",,25.0,3.0,10.0,15.0,5.0,7.5,77.48
0303.49.90,03,0303,"Frozen Tunas, Nes, (Excl. Livers & Roes),nes",,25.0,3.0,10.0,0.0,5.0,0.0,45.8
0303.51.10,03,0303,"Herrings (Clupea harengus,Clupea pallasii), Wrapped/canned upto 2.5 kg",,25.0,3.0,0.0,15.0,5.0,7.5,61.8
0303.51.90,03,0303,"Herrings (Clupea harengus,Clupea pallasii), NES",,25.0,3.0,0.0,0.0,5.0,0.0,33.0
0303.53.10,03,0303,"Sardines (Sardina pilchardus, Sardinops spp), sardinella .. (Sprattus sprattus), Wrapped",,25.0,3.0,0.0,15.0,5.0,7.5,61.8
0303.53.90,03,0303,"Sardines (Sardina pilchardus, Sardinops spp), sardinella.. (Sprattus sprattus), EXCL.Wra",,25.0,3.0,0.0,15.0,5.0,7.5,61.8
0303.55.10,03,0303,Jack and horse mackerel (Trachurus spp) Wrapped/canned upto 2.5 Kg,,25.0,3.0,0.0,15.0,5.0,7.5,61.8
0303.55.90,03,0303,Other Jack and horse mackerel (Trachurus spp),,25.0,3.0,0.0,0.0,5.0,0.0,33.0
0303.56.10,03,0303,Cobia (Rachycentron canadum) Wrapped/canned upto 2.5 Kg,,25.0,3.0,0.0,15.0,5.0,7.5,61.8
0303.56.90,03,0303,Other Cobia (Rachycentron canadum),,25.0,3.0,0.0,0.0,5.0,0.0,33.0
0303.57.10,03,0303,"Swordfish (Xiphias gladius), Wrapped/canned upto 2.5 Kg",,25.0,3.0,0.0,15.0,5.0,7.5,61.8
0303.57.90,03,0303,"Swordfish (Xiphias gladius), EXCL.Wrapped/canned upto 2.5 Kg",,25.0,3.0,0.0,0.0,5.0,0.0,33.0
0303.59.10,03,0303,Wrapped/canned upto 2.5 kg,,25.0,3.0,0.0,15.0,5.0,7.5,61.8
0303.59.90,03,0303,Wrapped/canned upto 2.5 kg,,25.0,3.0,0.0,15.0,5.0,7.5,61.8
0303.63.10,03,0303,"Cod (Gadus morhua, Gadus ogac, Gadus macrocephalus), Wrapped/canned upto 2.5 Kg",,25.0,3.0,0.0,15.0,5.0,7.5,61.8
0303.64.10,03,0303,"Haddock (Melanogrammus aeglefinus), Wrapped/canned upto 2.5 Kg",,25.0,3.0,0.0,15.0,5.0,7.5,61.8
0303.64.90,03,0303,"Haddock (Melanogrammus aeglefinus), EXCL. Wrapped/canned upto 2.5 Kg",,25.0,3.0,0.0,0.0,5.0,0.0,33.0
0303.65.10,03,0303,"Coalfish (Pollachius virens), Wrapped/canned upto 2.5 Kg",,25.0,3.0,0.0,15.0,5.0,7.5,61.8
0303.65.90,03,0303,"Coalfish (Pollachius virens), EXCL. Wrapped/canned upto 2.5 Kg",,25.0,3.0,0.0,0.0,5.0,0.0,33.0
0303.66.10,03,0303,"Hake (Merluccius spp, Urophycis spp), Wrapped/canned upto 2.5 Kg",,25.0,3.0,0.0,15.0,5.0,7.5,61.8
0303.66.90,03,0303,"Hake (Merluccius spp, Urophycis spp), EXCL. Wrapped/canned upto 2.5 Kg",,25.0,3.0,0.0,15.0,5.0,7.5,61.8
0303.67.10,03,0303,Alaska Pollack (Theraga chalcogramma)Wrapped/canned upto 2.5 Kg,,25.0,3.0,0.0,15.0,5.0,7.5,61.8
0303.67.90,03,0303,Other Alaska Pollack (Theraga chalcogramma),,25.0,3.0,0.0,0.0,5.0,0.0,33.0
0303.68.90,03,0303,"Other Blue whitings (Micromesistius poutassou, Micromesistius australis)",,25.0,3.0,0.0,0.0,5.0,0.0,33.0
0303.69.10,03,0303,Fish of the families Wrapped/canned upto 2.5 Kg,,25.0,3.0,0.0,15.0,5.0,7.5,61.8
0303.69.90,03,0303,Other Fish of the families,,25.0,3.0,0.0,0.0,5.0,0.0,33.0
0303.81.10,03,0303,"Dogfish and other sharks, Wrapped/canned upto 2.5 Kg",,25.0,3.0,0.0,15.0,5.0,7.5,61.8
0303.81.90,03,0303,"Dogfish and other sharks, EXCL. Wrapped/canned upto 2.5 Kg",,25.0,3.0,0.0,0.0,5.0,0.0,33.0
0303.82.10,03,0303,Rays and skates (Rajidae) Wrapped/canned upto 2.5 Kg,,25.0,3.0,0.0,15.0,5.0,7.5,61.8
0303.82.90,03,0303,Other Rays and skates (Rajidae),,25.0,3.0,0.0,0.0,5.0,0.0,33.0
0303.83.10,03,0303,"Toothfish (Dissostichus spp), Wrapped/canned upto 2.5 Kg",,25.0,3.0,0.0,15.0,5.0,7.5,61.8
0303.83.90,03,0303,"Toothfish (Dissostichus spp), EXCL. Wrapped/canned upto 2.5 Kg",,25.0,3.0,0.0,0.0,5.0,0.0,33.0
0303.84.10,03,0303,"Seabass (Dicentrarchus spp), Wrapped/canned upto 2.5 Kg",,25.0,3.0,0.0,15.0,5.0,7.5,61.8
0303.84.90,03,0303,"Seabass (Dicentrarchus spp), EXCL. Wrapped/canned upto 2.5 Kg",,25.0,3.0,0.0,0.0,5.0,0.0,33.0
0303.89.10,03,0303,"Other fish, excluding livers and roes :Wrapped/canned upto 2.5 Kg",,25.0,3.0,0.0,15.0,5.0,7.5,61.8
0303.89.90,03,0303,"Other fish, excluding livers and roes :",,25.0,3.0,0.0,0.0,5.0,0.0,33.0
0303.91.10,03,0303,"Livers, roes and milt Wrapped/canned upto 2.5 kg",,25.0,3.0,0.0,15.0,5.0,7.5,61.8
0303.91.90,03,0303,"Other Livers, roes and milt excl. Wrapped/canned upto 2.5 kg",,25.0,3.0,0.0,15.0,5.0,7.5,61.8
0303.92.10,03,0303,Shark Fish Wrapped/canned upto 2.5 kg,,25.0,3.0,0.0,15.0,5.0,7.5,61.8
0303.92.90,03,0303,Other Shark Fish excl. Wrapped/canned upto 2.5 kg,,25.0,3.0,0.0,15.0,5.0,7.5,61.8
0303.99.10,03,0303,Other Wrapped/canned upto 2.5 kg,,25.0,3.0,0.0,15.0,5.0,7.5,61.8
0303.99.90,03,0303,Other excl. Wrapped/canned upto 2.5 kg,,25.0,3.0,0.0,15.0,5.0,7.5,61.8
0304.31.10,03,0304,"Tilapias (Oreochromis spp), Wrapped/canned upto 2.5 Kg",,25.0,3.0,0.0,15.0,5.0,7.5,61.8
0304.31.90,03,0304,"Tilapias (Oreochromis spp), EXCL. Wrapped/canned upto 2.5 Kg",,25.0,3.0,0.0,0.0,5.0,0.0,33.0
0304.32.10,03,0304,"Catfish (Pangasius spp, Silurus spp, Clarias spp, Ictalurus spp), Wrapped/canned upto 2.",,25.0,3.0,0.0,15.0,5.0,7.5,61.8
0304.32.90,03,0304,"Catfish (Pangasius spp, Silurus spp, Clarias spp, Ictalurus spp), EXCL. Wrapped/canned u",,25.0,3.0,0.0,0.0,5.0,0.0,33.0
0304.33.10,03,0304,"Nile Perch (Lates niloticus),Wrapped/canned upto 2.5 Kg",,25.0,3.0,0.0,15.0,5.0,7.5,61.8
0304.33.90,03,0304,"Nile Perch (Lates niloticus), EXCL.Wrapped/canned upto 2.5 Kg",,25.0,3.0,0.0,0.0,5.0,0.0,33.0
0304.39.10,03,0304,"Other than Nile Perch (Lates niloticus), Wrapped/canned upto 2.5 Kg",,25.0,3.0,0.0,15.0,5.0,7.5,61.8
0304.39.90,03,0304,"Other than Nile Perch (Lates niloticus), EXCL. Wrapped/canned upto 2.5 Kg",,25.0,3.0,0.0,0.0,5.0,0.0,33.0
0304.41.10,03,0304,"Fresh or chilled fillets of other fish :Pacific salmon (Oncorhynchus..), Wrapped/canned",,25.0,3.0,10.0,15.0,5.0,7.5,77.48
0304.41.90,03,0304,"Fresh or chilled fillets of other fish :Pacific salmon (Oncorhynchus..), EXCL. Wrapped/c",,25.0,3.0,10.0,0.0,5.0,0.0,45.8
0304.43.10,03,0304,"Flat fish (Pleuronectidae, Bothidae, .Citharidae), Wrapped/canned upto 2.5 Kg ,",,25.0,3.0,0.0,15.0,5.0,7.5,61.8
0304.43.90,03,0304,"Flat fish (Pleuronectidae, Bothidae, .Citharidae), EXCL. Wrapped/canned upto 2.5 Kg ,",,25.0,3.0,0.0,0.0,5.0,0.0,33.0
0304.44.10,03,0304,"Fish of the families Bregmacerotidae, Euclichthyidae, , Wrapped/canned upto 2.5 Kg",,25.0,3.0,0.0,15.0,5.0,7.5,61.8
0304.45.10,03,0304,"Swordfish (Xiphias gladius, Wrapped/canned upto 2.5 Kg",,25.0,3.0,0.0,15.0,5.0,7.5,61.8
0304.45.90,03,0304,"Swordfish (Xiphias gladius, EXCL. Wrapped/canned upto 2.5 Kg",,25.0,3.0,0.0,0.0,5.0,0.0,33.0
0304.46.10,03,0304,"Toothfish (Dissostichus spp), Wrapped/canned upto 2.5 Kg",,25.0,3.0,0.0,15.0,5.0,7.5,61.8
0304.46.90,03,0304,"Toothfish (Dissostichus spp), EXCL. Wrapped/canned upto 2.5 Kg",,25.0,3.0,0.0,0.0,5.0,0.0,33.0
0304.47.10,03,0304,Dogfish and other sharks,,25.0,3.0,0.0,15.0,5.0,7.5,61.8
0304.47.90,03,0304,Dogfish and other sharks,,25.0,3.0,0.0,15.0,5.0,7.5,61.8
0304.48.10,03,0304,Rays and skates (Rajidae),,25.0,3.0,0.0,15.0,5.0,7.5,61.8
0304.48.90,03,0304,Rays and skates (Rajidae),,25.0,3.0,0.0,15.0,5.0,7.5,61.8
0304.49.10,03,0304,"Other than Toothfish (Dissostichus spp), Wrapped/canned upto 2.5 Kg",,25.0,3.0,0.0,15.0,5.0,7.5,61.8
0304.49.90,03,0304,"Other than Toothfish (Dissostichus spp), EXCL. Wrapped/canned upto 2.5 Kg",,25.0,3.0,0.0,0.0,5.0,0.0,33.0
0304.51.10,03,0304,"Other, fresh or chilled : Tilapias (Oreochromis spp), ...Channa spp), Wrapped/canned upt",,25.0,3.0,0.0,15.0,5.0,7.5,61.8
0304.51.90,03,0304,"Other, fresh or chilled : Tilapias (Oreochromis spp), ...Channa spp), EXCL. Wrapped/cann",,25.0,3.0,0.0,0.0,5.0,0.0,33.0
0304.52.10,03,0304,"Salmonidae, Wrapped/canned upto 2.5 Kg",,25.0,3.0,0.0,15.0,5.0,7.5,61.8
0304.52.90,03,0304,"Salmonidae, EXCL. Wrapped/canned upto 2.5 Kg",,25.0,3.0,0.0,0.0,5.0,0.0,33.0
0304.54.10,03,0304,"Swordfish (Xiphias gladius), Wrapped/canned upto 2.5 Kg",,25.0,3.0,0.0,15.0,5.0,7.5,61.8
0304.54.90,03,0304,"Swordfish (Xiphias gladius), EXCL. Wrapped/canned upto 2.5 Kg",,25.0,3.0,0.0,0.0,5.0,0.0,33.0
0304.55.10,03,0304,"Toothfish (Dissostichus spp), Wrapped/canned upto 2.5 Kg",,25.0,3.0,0.0,15.0,5.0,7.5,61.8
0304.55.90,03,0304,"Toothfish (Dissostichus spp), EXCL. Wrapped/canned upto 2.5 Kg",,25.0,3.0,0.0,0.0,5.0,0.0,33.0
0304.56.10,03,0304,Dogfish and other shark,,25.0,3.0,0.0,15.0,5.0,7.5,61.8
0304.56.90,03,0304,Dogfish and other shark,,25.0,3.0,0.0,15.0,5.0,7.5,61.8
0304.57.10,03,0304,Rays and skates (Rajidae),,25.0,3.0,0.0,15.0,5.0,7.5,61.8
0304.57.90,03,0304,Rays and skates (Rajidae),,25.0,3.0,0.0,15.0,5.0,7.5,61.8
0304.59.10,03,0304,"Toothfish (Dissostichus spp), NES, Wrapped/canned upto 2.5 Kg",,25.0,3.0,0.0,15.0,5.0,7.5,61.8
0304.59.90,03,0304,"Toothfish (Dissostichus spp), NES, EXCL. Wrapped/canned upto 2.5 Kg",,25.0,3.0,0.0,0.0,5.0,0.0,33.0
0304.61.10,03,0304,"Tilapias (Oreochromis spp), Wrapped/canned upto 2.5 Kg",,25.0,3.0,0.0,15.0,5.0,7.5,61.8
0304.61.90,03,0304,"Tilapias (Oreochromis spp), EXCL. Wrapped/canned upto 2.5 Kg",,25.0,3.0,0.0,0.0,5.0,0.0,33.0
0304.62.10,03,0304,"Catfish (Pangasius spp, Silurus spp, Clarias spp, Ictalurus spp), Wrapped/canned upto 2.",,25.0,3.0,0.0,15.0,5.0,7.5,61.8
0304.62.90,03,0304,"Catfish (Pangasius spp, Silurus spp, Clarias spp, Ictalurus spp), EXCL. Wrapped/canned u",,25.0,3.0,0.0,0.0,5.0,0.0,33.0
0304.63.10,03,0304,"Nile Perch (Lates niloticus), Wrapped/canned upto 2.5 Kg",,25.0,3.0,0.0,15.0,5.0,7.5,61.8
0304.63.90,03,0304,"Nile Perch (Lates niloticus), EXCL.Wrapped/canned upto 2.5 Kg",,25.0,3.0,0.0,0.0,5.0,0.0,33.0
0304.69.10,03,0304,"Nile Perch (Lates niloticus), NES, Wrapped/canned upto 2.5 Kg",,25.0,3.0,0.0,15.0,5.0,7.5,61.8
0304.69.90,03,0304,"Nile Perch (Lates niloticus), NES, EXCL. Wrapped/canned upto 2.5 Kg",,25.0,3.0,0.0,0.0,5.0,0.0,33.0
0304.71.10,03,0304,"Frozen fillets of fish of the families .. :Cod (Gadus morhua, Gadus ogac, Gadus..)Wrappe",,25.0,3.0,0.0,15.0,5.0,7.5,61.8
0304.71.90,03,0304,"Frozen fillets of fish of the families..:Cod (Gadus morhua, Gadus ogac,Gadus..) EXCL.Wra",,25.0,3.0,0.0,0.0,5.0,0.0,33.0
0304.72.10,03,0304,"Haddock (Melanogrammus aeglefinus), Wrapped/canned upto 2.5 Kg",,25.0,3.0,0.0,15.0,5.0,7.5,61.8
0304.72.90,03,0304,"Haddock (Melanogrammus aeglefinus), EXCL. Wrapped/canned upto 2.5 Kg",,25.0,3.0,0.0,0.0,5.0,0.0,33.0
0304.73.10,03,0304,"Coalfish (Pollachius virens), Wrapped/canned upto 2.5 Kg",,25.0,3.0,0.0,15.0,5.0,7.5,61.8
0304.73.90,03,0304,"Coalfish (Pollachius virens), EXCL. Wrapped/canned upto 2.5 Kg",,25.0,3.0,0.0,0.0,5.0,0.0,33.0
0304.74.10,03,0304,"Hake (Merluccius spp, Urophycis spp), Wrapped/canned upto 2.5 Kg",,25.0,3.0,0.0,15.0,5.0,7.5,61.8
0304.74.90,03,0304,"Hake (Merluccius spp, Urophycis spp), EXCL. Wrapped/canned upto 2.5 Kg",,25.0,3.0,0.0,0.0,5.0,0.0,33.0
0304.75.10,03,0304,"Alaska Pollack (Theragra chalcogramma), Wrapped/canned upto 2.5 Kg",,25.0,3.0,0.0,15.0,5.0,7.5,61.8
0304.75.90,03,0304,"Alaska Pollack (Theragra chalcogramma), EXCL. Wrapped/canned upto 2.5 Kg",,25.0,3.0,0.0,0.0,5.0,0.0,33.0
0304.79.10,03,0304,"Other than Alaska Pollack (Theragra chalcogramma), Wrapped/canned upto 2.5 Kg",,25.0,3.0,0.0,15.0,5.0,7.5,61.8
0304.79.90,03,0304,"Other than Alaska Pollack (Theragra chalcogramma), EXCL. Wrapped/canned upto 2.5 Kg",,25.0,3.0,0.0,0.0,5.0,0.0,33.0
0304.83.90,03,0304,"Flat fish (Pleuronectidae, Bothidae, Cynoglossidae,...Citharidae), EXCL. Wrapped/canned",,25.0,3.0,0.0,0.0,5.0,0.0,33.0
0304.84.10,03,0304,"Swordfish (Xiphias gladius), Wrapped/canned upto 2.5 Kg",,25.0,3.0,0.0,15.0,5.0,7.5,61.8
0304.84.90,03,0304,"Swordfish (Xiphias gladius), EXCL. Wrapped/canned upto 2.5 Kg",,25.0,3.0,0.0,0.0,5.0,0.0,33.0
0304.85.10,03,0304,"Toothfish (Dissostichus spp), Wrapped/canned upto 2.5 Kg",,25.0,3.0,0.0,15.0,5.0,7.5,61.8
0304.85.90,03,0304,"Toothfish (Dissostichus spp), EXCL. Wrapped/canned upto 2.5 Kg",,25.0,3.0,0.0,0.0,5.0,0.0,33.0
0304.86.10,03,0304,"Herrings (Clupea harengus, Clupea pallasii), Wrapped/canned upto 2.5 Kg",,25.0,3.0,0.0,15.0,5.0,7.5,61.8
0304.86.90,03,0304,"Herrings (Clupea harengus, Clupea pallasii), EXCL. Wrapped/canned upto 2.5 Kg",,25.0,3.0,0.0,0.0,5.0,0.0,33.0
0304.87.90,03,0304,"Tunas (of the genus Thunnus), skipjack or stripe-bellied bonito...pelamis), EXCL. Wrappe",,25.0,3.0,10.0,0.0,5.0,0.0,45.8
0304.88.10,03,0304,"Dogfish, other sharks, rays and skates (Rajidae)",,25.0,3.0,0.0,15.0,5.0,7.5,61.8
0304.88.90,03,0304,"Dogfish, other sharks, rays and skates (Rajidae)",,25.0,3.0,0.0,15.0,5.0,7.5,61.8
0304.91.10,03,0304,"Swordfish (Xiphias gladius), Wrapped/canned upto 2.5 kg",,25.0,3.0,0.0,15.0,5.0,7.5,61.8
0304.91.90,03,0304,"Swordfish (Xiphias gladius), NES Wrapped/canned upto 2.5 kg",,25.0,3.0,0.0,0.0,5.0,0.0,33.0
0304.92.10,03,0304,"Toothfish (Dissostichus spp.), Wrapped/canned upto 2.5 kg",,25.0,3.0,0.0,15.0,5.0,7.5,61.8
0304.92.90,03,0304,"Toothfish (Dissostichus spp.), NES Wrapped/canned upto 2.5 kg",,25.0,3.0,0.0,0.0,5.0,0.0,33.0
0304.93.90,03,0304,"Other Tilapias (Oreochromis spp), catfish (Pangasius spp, Silurus spp, ... and snakehea",,25.0,3.0,0.0,0.0,5.0,0.0,33.0
0304.94.10,03,0304,Alaska Pollack (Theraga chalcogramma) Wrapped/canned upto 2.5 Kg,,25.0,3.0,0.0,15.0,5.0,7.5,61.8
0304.94.90,03,0304,Other Alaska Pollack (Theraga chalcogramma),,25.0,3.0,0.0,0.0,5.0,0.0,33.0
0304.95.90,03,0304,"Other Fish of the families Bregmacerotidae, Euclichthyidae, . Alaska Pollack (Theraga c",,25.0,3.0,0.0,0.0,5.0,0.0,33.0
0304.96.10,03,0304,Dogfish and other sharks,,25.0,3.0,0.0,15.0,5.0,7.5,61.8
0304.96.90,03,0304,Dogfish and other sharks,,25.0,3.0,0.0,15.0,5.0,7.5,61.8
0304.97.10,03,0304,Rays and skates (Rajidae),,25.0,3.0,0.0,15.0,5.0,7.5,61.8
0304.97.90,03,0304,Rays and skates (Rajidae),,25.0,3.0,0.0,15.0,5.0,7.5,61.8
0304.99.10,03,0304,"Fish fillets&othr fish meat (whe.r or not minced), frsh, chi.or frozn, NES Wra",,25.0,3.0,0.0,15.0,5.0,7.5,61.8
0304.99.90,03,0304,"Fish fillets&othr fish meat (whe.r or not minced), frsh, chi.or frzn, NES Excl",,25.0,3.0,0.0,0.0,5.0,0.0,33.0
0305.20.10,03,0305,"Livers And Roes,Dried,Smoked,Salted Or In Brine, Wra./Can.Upto 2.5kg",,25.0,3.0,0.0,15.0,5.0,7.5,61.8
0305.20.90,03,0305,"Livers And Roed, Dried,Smoked,Salted Or In Brine,Nes",,25.0,3.0,0.0,0.0,5.0,0.0,33.0
0305.31.90,03,0305,"Tilapias (Oreochromis spp), catfish ......and snakeheads (Channa spp), EXCL.Wrapped/c",,25.0,3.0,0.0,0.0,5.0,0.0,33.0
0305.32.90,03,0305,"Fish of the families Bregmacerotidae, Euclichthyidae, .., EXCL.Wrapped/canned upto 2.",,25.0,3.0,0.0,0.0,5.0,0.0,33.0
0305.39.90,03,0305,"Fish of the families Bregmacerotidae, Euclichthyidae,.., NES, EXCL. Wrapped/canned u",,25.0,3.0,0.0,0.0,5.0,0.0,33.0
0305.41.10,03,0305,"Smoked Pacific, Atlantic & Danuve Salmon & Fillets, Wra./Can. Upto 2.5kg",,25.0,3.0,0.0,15.0,5.0,7.5,61.8
0305.41.90,03,0305,"Smoked Pacific, Atlantic & Danuve Salmon & Fillets, Nes",,25.0,3.0,0.0,0.0,5.0,0.0,33.0
0305.42.10,03,0305,"Smoked Herring (Incl. Fillets), Wrapped/Canned Upto 2.5kg",,25.0,3.0,0.0,15.0,5.0,7.5,61.8
0305.42.90,03,0305,"Smoked Herrings (Incl. Fillets),Nes",,25.0,3.0,0.0,0.0,5.0,0.0,33.0
0305.44.10,03,0305,"Tilapias (Oreochromis spp), catfish (Pangasius spp, Silurus spp, ....(Channa spp) Wrappe",,25.0,3.0,0.0,15.0,5.0,7.5,61.8
0305.44.90,03,0305,"Other Tilapias (Oreochromis spp), ....(Anguilla spp), Nile perch (Lates niloticus) and s",,25.0,3.0,0.0,0.0,5.0,0.0,33.0
0305.49.10,03,0305,"Smoked Fish (Excl.Salmon And Herring), & Fillets Wrapped/Canned Upto 2.5kg",,25.0,3.0,0.0,15.0,5.0,7.5,61.8
0305.49.90,03,0305,"Smoked Fish Excl. Salmon And Herring & Fillets, Nes",,25.0,3.0,0.0,0.0,5.0,0.0,33.0
0305.51.90,03,0305,"DRIED FISH COD(GADUS MORHUA,GADUS OGAC,GADUS MACROCEPHALUS),NES",,25.0,3.0,0.0,0.0,5.0,0.0,33.0
0305.52.10,03,0305,"Tilapias (Oreochromis spp.), catfish (Pangasius spp., Silurus spp., Clarias spp., Ict",,25.0,3.0,0.0,15.0,5.0,7.5,61.8
0305.52.90,03,0305,"Tilapias (Oreochromis spp.), catfish (Pangasius spp., Silurus spp., Clarias spp., Ict",,25.0,3.0,0.0,15.0,5.0,7.5,61.8
0305.53.10,03,0305,"Fish of the families Bregmacerotidae, Euclichthyidae, Gadidae, Macrouridae, Melanonid",,25.0,3.0,0.0,15.0,5.0,7.5,61.8
0305.53.90,03,0305,"Fish of the families Bregmacerotidae, Euclichthyidae, Gadidae, Macrouridae, Melanonid",,25.0,3.0,0.0,15.0,5.0,7.5,61.8
0305.54.10,03,0305,"Herrings (Clupea harengus, Clupea pallasii), anchovies (Engraulis spp.), sardines (Sa",,25.0,3.0,0.0,15.0,5.0,7.5,61.8
0305.54.90,03,0305,"Herrings (Clupea harengus, Clupea pallasii), anchovies (Engraulis spp.), sardines (Sa",,25.0,3.0,0.0,15.0,5.0,7.5,61.8
0305.59.10,03,0305,OTHER DRIED FISH(EXCL.COD) WRAPPED/CANNED UPTO 2.5KG,,25.0,3.0,0.0,15.0,5.0,7.5,61.8
0305.59.90,03,0305,"OTHER DRIED FISH(EXCL.COD),NES",,25.0,3.0,20.0,0.0,5.0,0.0,58.6
0305.61.10,03,0305,"Herrings Salted Or In Brine But Not Dried Or Smoked,Wrapped/Canned Upto 2.5kg",,25.0,3.0,0.0,15.0,5.0,7.5,61.8
0305.61.90,03,0305,"Herrings Salted Or In Brine But Not Dried Or Smoked, Nes",,25.0,3.0,0.0,0.0,5.0,0.0,33.0
0305.62.10,03,0305,"Cod Salted Or In Brine But Not Dried Or Smoked,Wrapped/Canned Upto 2.5kg",,25.0,3.0,0.0,15.0,5.0,7.5,61.8
0305.62.90,03,0305,"Cod Salted Or In Brine But Not Dried Or Smoked,Nes",,25.0,3.0,0.0,0.0,5.0,0.0,33.0
0305.63.10,03,0305,"Anchovies Salted Or In Brine But Not Dried Or Smoked, Wrapped/Canned Upto 2.5kg",,25.0,3.0,0.0,15.0,5.0,7.5,61.8
0305.63.90,03,0305,"Anchovies Salted Or In Brine But Not Dried Or Smoked, Nes",,25.0,3.0,0.0,0.0,5.0,0.0,33.0
0305.64.10,03,0305,"Tilapias (Oreochromis spp), catfish (Pangasius spp, Silurus spp, ...(Channa spp) Wrapped",,25.0,3.0,0.0,15.0,5.0,7.5,61.8
0305.64.90,03,0305,"Other Tilapias (Oreochromis spp), catfish (Pangasius spp, Silurus spp, ... and snakehea",,25.0,3.0,0.0,0.0,5.0,0.0,33.0
0305.69.10,03,0305,"Other Fish,Nes,Salted Or In Brine But Not Dried Or Smoked, Wra./Can. Upto 2.5kg",,25.0,3.0,0.0,15.0,5.0,7.5,61.8
0305.69.90,03,0305,"Other Fish,Nes,Salted Salted Or In Brine But Not Dried Or Smoked, Nes",,25.0,3.0,0.0,0.0,5.0,0.0,33.0
0305.71.10,03,0305,Shark fins Wrapped/canned upto 2.5 Kg,,25.0,3.0,0.0,15.0,5.0,7.5,61.8
0305.71.90,03,0305,Other Shark fins,,25.0,3.0,0.0,0.0,5.0,0.0,33.0
0305.72.10,03,0305,"Fish heads, tails and maws Wrapped/canned upto 2.5 Kg",,25.0,3.0,0.0,15.0,5.0,7.5,61.8
0305.72.90,03,0305,"Other Fish heads, tails and maws",,25.0,3.0,0.0,0.0,5.0,0.0,33.0
0305.79.10,03,0305,Other edible fish offal : Wrapped/canned upto 2.5 Kg,,25.0,3.0,0.0,15.0,5.0,7.5,61.8
0305.79.90,03,0305,Other edible fish offal :,,25.0,3.0,0.0,0.0,5.0,0.0,33.0
0306.11.00,03,0306,Frozen Rock Lobster And Other Sea Crawfish,,25.0,3.0,0.0,15.0,5.0,7.5,61.8
0306.12.00,03,0306,Frozen Lobsters,,25.0,3.0,0.0,15.0,5.0,7.5,61.8
0306.14.00,03,0306,Frozen Crabs,,25.0,3.0,0.0,15.0,5.0,7.5,61.8
0306.15.00,03,0306,Norway lobsters (Nephrops norvegicus),,25.0,3.0,0.0,15.0,5.0,7.5,61.8
0306.16.00,03,0306,"Cold-water shrimps and prawns (Pandalus spp, Crangon crangon)",,25.0,0.0,20.0,15.0,5.0,7.5,88.75
0306.17.00,03,0306,Other shrimps and prawns,,25.0,3.0,20.0,15.0,5.0,7.5,93.16
0306.19.00,03,0306,"Frozen Crustaceans,Nes (Incl.Flours/Meals/Pellets)Fit For Human Consumptn",,25.0,3.0,0.0,15.0,5.0,7.5,61.8
0306.31.10,03,0306,"Rock lobster and other sea crawfish (Palinurus spp., Panulirus spp., Jasus spp.)",,0.0,0.0,0.0,0.0,2.0,7.5,9.5
0306.31.90,03,0306,"Rock lobster and other sea crawfish (Palinurus spp., Panulirus spp., Jasus spp.)",,25.0,3.0,0.0,15.0,5.0,7.5,61.8
0306.32.10,03,0306,Lobsters (Homarus spp.),,0.0,0.0,0.0,0.0,2.0,7.5,9.5
0306.32.90,03,0306,Lobsters (Homarus spp.),,25.0,3.0,0.0,15.0,5.0,7.5,61.8
0306.33.10,03,0306,Crabs,,0.0,0.0,0.0,0.0,2.0,7.5,9.5
0306.33.90,03,0306,Crabs,,25.0,3.0,0.0,15.0,5.0,7.5,61.8
0306.34.10,03,0306,Norway lobsters (Nephrops norvegicus),,0.0,0.0,0.0,0.0,5.0,7.5,12.5
0306.34.90,03,0306,Norway lobsters (Nephrops norvegicus),,25.0,3.0,0.0,15.0,5.0,7.5,61.8
0306.35.10,03,0306,"Cold-water shrimps and prawns (Pandalus spp., Crangon crangon)",,0.0,0.0,0.0,0.0,2.0,7.5,9.5
0306.35.90,03,0306,"Cold-water shrimps and prawns (Pandalus spp., Crangon crangon)",,25.0,3.0,0.0,15.0,5.0,7.5,61.8
0306.36.10,03,0306,Other shrimps and prawns,,0.0,0.0,0.0,0.0,2.0,7.5,9.5
0306.36.90,03,0306,Other shrimps and prawns,,25.0,3.0,0.0,15.0,5.0,7.5,61.8
0306.39.10,03,0306,"Other, including flours, meals and pellets of crustaceans, fit for human consumption",,0.0,0.0,0.0,0.0,5.0,7.5,12.5
0306.39.90,03,0306,"Other, including flours, meals and pellets of crustaceans, fit for human consumption",,25.0,3.0,0.0,15.0,5.0,7.5,61.8
0306.91.10,03,0306,"Rock lobster and other sea crawfish (Palinurus spp., Panulirus spp., Jasus spp.)",,0.0,0.0,0.0,0.0,5.0,7.5,12.5
0306.91.90,03,0306,"Rock lobster and other sea crawfish (Palinurus spp., Panulirus spp., Jasus spp.)",,25.0,3.0,0.0,15.0,5.0,7.5,61.8
0306.92.10,03,0306,Lobsters (Homarus spp.),,0.0,0.0,0.0,0.0,5.0,7.5,12.5
0306.92.90,03,0306,Lobsters (Homarus spp.),,25.0,3.0,0.0,15.0,5.0,7.5,61.8
0306.93.10,03,0306,Crabs,,0.0,0.0,0.0,0.0,5.0,7.5,12.5
0306.93.90,03,0306,Crabs,,25.0,3.0,0.0,15.0,5.0,7.5,61.8
0306.94.10,03,0306,Norway lobsters (Nephrops norvegicus),,0.0,0.0,0.0,0.0,5.0,7.5,12.5
0306.94.90,03,0306,Norway lobsters (Nephrops norvegicus),,25.0,3.0,0.0,15.0,5.0,7.5,61.8
0306.95.10,03,0306,Shrimps and prawns,,0.0,0.0,0.0,0.0,5.0,7.5,12.5
0306.95.90,03,0306,Shrimps and prawns,,25.0,3.0,0.0,15.0,5.0,7.5,61.8
0306.99.10,03,0306,"Other, including flours, meals and pellets of crustaceans, fit for human consumption",,0.0,0.0,0.0,0.0,5.0,7.5,12.5
0306.99.90,03,0306,"Other, including flours, meals and pellets of crustaceans, fit for human consumption",,25.0,3.0,0.0,15.0,5.0,7.5,61.8
0307.11.10,03,0307,"Oysters, Live, fresh or chilled, Wrapped/canned upto 2.5 Kg",,25.0,3.0,0.0,15.0,5.0,7.5,61.8
0307.11.90,03,0307,"Oysters, Live, fresh or chilled, EXCL. Wrapped/canned upto 2.5 Kg",,25.0,3.0,0.0,0.0,5.0,0.0,33.0
0307.12.10,03,0307,"Oysters, Frozen, Wrapped/canned upto 2.5 kg",,25.0,3.0,0.0,15.0,5.0,7.5,61.8
0307.12.90,03,0307,"Oysters, Frozen, Excl. Wrapped/canned upto 2.5 kg",,25.0,3.0,0.0,15.0,5.0,7.5,61.8
0307.19.10,03,0307,"Oysters, Live, fresh or chilled, NES, Wrapped/canned upto 2.5 Kg",,25.0,3.0,0.0,15.0,5.0,7.5,61.8
0307.19.90,03,0307,"Oysters, Live, fresh or chilled, NES, EXCL. Wrapped/canned upto 2.5 Kg",,25.0,3.0,0.0,0.0,5.0,0.0,33.0
0307.21.10,03,0307,"Scallops, Live, Fresh Or Chilled Wrapped/Canned Upto 2.5kg",,25.0,3.0,0.0,15.0,5.0,7.5,61.8
0307.21.90,03,0307,"Scallops, Live, Fresh Or Chilled,Nes",,25.0,3.0,0.0,0.0,5.0,0.0,33.0
0307.22.10,03,0307,"Scallops, including queen scallops, .. frozen Wrapped/canned upto 2.5 kg",,25.0,3.0,0.0,15.0,5.0,7.5,61.8
0307.22.90,03,0307,"Scallops, including queen scallops, .. frozen Excl. Wrapped/canned upto 2.5 kg",,5.0,0.0,0.0,15.0,5.0,7.5,33.63
0307.29.10,03,0307,"OTHER LIVE, FRESH OR CHILLED WRAPPED/CANNED UPTO 2.5KG",,25.0,3.0,0.0,15.0,5.0,7.5,61.8
0307.29.90,03,0307,"OTHER LIVE, FRESH OR CHILLED, NES",,25.0,3.0,0.0,0.0,5.0,0.0,33.0
0307.31.10,03,0307,"Mussels,Live,Fresh Or Chilled Wrapped/Canned upto 2.5kg",,25.0,3.0,0.0,15.0,5.0,7.5,61.8
0307.31.90,03,0307,"Mussels, Live, Fresh Or Chilled,Nes",,25.0,3.0,0.0,0.0,5.0,0.0,33.0
0307.32.10,03,0307,"Mussels (Mytilus spp., perna spp.): Frozen Wrapped/canned upto 2.5 kg",,25.0,3.0,0.0,15.0,5.0,7.5,61.8
0307.32.90,03,0307,"Mussels (Mytilus spp., perna spp.): Frozen Excl. Wrapped/canned upto 2.5 kg",,25.0,3.0,0.0,15.0,5.0,7.5,61.8
0307.39.90,03,0307,"OTHER LIVE,FRESH OR CHILLED MUSSELS(EXCL.MYTILUS SPP.,PERNA SPP.),NES",,25.0,3.0,0.0,0.0,5.0,0.0,33.0
0307.42.10,03,0307,"Live, fresh or chilled",,25.0,3.0,0.0,15.0,5.0,7.5,61.8
0307.42.90,03,0307,"Live, fresh or chilled",,25.0,3.0,0.0,15.0,5.0,7.5,61.8
0307.43.10,03,0307,"Cuttle fish and squid , Frozen, Wrapped/canned upto 2.5 kg",,25.0,3.0,0.0,15.0,5.0,7.5,61.8
0307.43.90,03,0307,"Cuttle fish and squid , Frozen, Excl. Wrapped/canned upto 2.5 kg",,25.0,3.0,0.0,15.0,5.0,7.5,61.8
0307.49.90,03,0307,"OTH.CUTTLE FISH(EXCL.SEPIA OFFICINALIS,ROSSIA MACROSOMA,SEPIOLA ..),NES",,25.0,3.0,0.0,0.0,5.0,0.0,33.0
0307.51.10,03,0307,"Octopus Live, Fres Or Chilled, Wrapped/Canned Upto 2.5kg",,25.0,3.0,0.0,15.0,5.0,7.5,61.8
0307.51.90,03,0307,"Octopus Live, Fresh Or Chilled,Nes",,25.0,3.0,0.0,0.0,5.0,0.0,33.0
0307.52.10,03,0307,"Octopus (Octopus spp.):, Frozen Wrapped/canned upto 2.5 kg",,25.0,3.0,0.0,15.0,5.0,7.5,61.8
0307.52.90,03,0307,"Octopus (Octopus spp.):, Frozen Excl. Wrapped/canned upto 2.5 kg",,25.0,3.0,0.0,15.0,5.0,7.5,61.8
0307.59.10,03,0307,OTHER OCTOPUS (EXCL. OCTOPUS SPP.)WRAPPED/CANNED UPTO 2.5KG,,25.0,3.0,0.0,15.0,5.0,7.5,61.8
0307.59.90,03,0307,"OTHER OCTOPUS (EXCL. OCTOPUS SPP.), NES",,25.0,3.0,0.0,0.0,5.0,0.0,33.0
0307.60.10,03,0307,"SNAILS, OTHER THAN SEA SNAILS,WRAPPED/CANNED UPTO 2.5KG",,25.0,3.0,0.0,15.0,5.0,7.5,61.8
0307.60.90,03,0307,"SNAILS, OTHER THAN SEA SNAILS,NES",,25.0,3.0,0.0,0.0,5.0,0.0,33.0
0307.71.10,03,0307,"Live, fresh or chilled Clams, cockles and ark shells (families . and Veneridae) : Wrapp",,25.0,3.0,0.0,15.0,5.0,7.5,61.8
0307.71.90,03,0307,"Live, fresh or chilled Clams, cockles and ark shells .., Solecurtidae, Solenidae, Trid",,25.0,3.0,0.0,0.0,5.0,0.0,33.0
0307.72.10,03,0307,"Clams, cockles and ark shells......, Donacidae, Hi, Frozen, Wrapped/canned upto 2.5 k",,25.0,3.0,0.0,15.0,5.0,7.5,61.8
0307.72.90,03,0307,"Clams, cockles and ark shells......, Hi, Frozen, Excl. Wrapped/canned upto 2.5 k",,25.0,3.0,0.0,15.0,5.0,7.5,61.8
0307.79.10,03,0307,"Clams, cockles and ark shells (families Arcidae, . Wrapped/canned upto 2.5 Kg (excl li",,25.0,3.0,0.0,15.0,5.0,7.5,61.8
0307.79.90,03,0307,"Other Clams, cockles and ark shells (families Arcidae, . and Veneridae) : (excl live,",,25.0,3.0,0.0,0.0,5.0,0.0,33.0
0307.81.10,03,0307,"Live, fresh or chilled Abalone (Haliotis spp) : Wrapped/canned upto 2.5 Kg",,25.0,3.0,0.0,15.0,5.0,7.5,61.8
0307.81.90,03,0307,"Other Live, fresh or chilled Abalone (Haliotis spp)",,25.0,3.0,0.0,0.0,5.0,0.0,33.0
0307.82.10,03,0307,"Live, fresh or chilled stromboid conchs (Strombus spp.)",,25.0,3.0,0.0,15.0,5.0,7.5,61.8
0307.82.90,03,0307,"Live, fresh or chilled stromboid conchs (Strombus spp.)",,25.0,3.0,0.0,15.0,5.0,7.5,61.8
0307.83.10,03,0307,"Frozen abalone (Haliotis spp.) ,--- Wrapped/canned upto 2.5 kg",,25.0,3.0,0.0,15.0,5.0,7.5,61.8
0307.83.90,03,0307,"Frozen abalone (Haliotis spp.) , Excl. Wrapped/canned upto 2.5 kg",,25.0,3.0,0.0,15.0,5.0,7.5,61.8
0307.84.10,03,0307,Frozen stromboid conchs (Strombus spp.) Wrapped/canned upto 2.5 kg,,25.0,3.0,0.0,15.0,5.0,7.5,61.8
0307.84.90,03,0307,Frozen stromboid conchs (Strombus spp.) excl. Wrapped/canned upto 2.5 kg,,25.0,3.0,0.0,15.0,5.0,7.5,61.8
0307.87.10,03,0307,"Other abalone (Haliotis spp.) ,Wrapped/canned upto 2.5 kg",,25.0,3.0,0.0,15.0,5.0,7.5,61.8
0307.87.90,03,0307,"Other abalone (Haliotis spp.) ,Excl. Wrapped/canned upto 2.5 kg",,25.0,3.0,0.0,15.0,5.0,7.5,61.8
0307.88.10,03,0307,"Other stromboid conchs (Strombus spp.),Wrapped/canned upto 2.5 kg",,25.0,3.0,0.0,15.0,5.0,7.5,61.8
0307.88.90,03,0307,"Other stromboid conchs (Strombus spp.), excl. Wrapped/canned upto 2.5 kg",,25.0,3.0,0.0,15.0,5.0,7.5,61.8
0307.91.10,03,0307,"Aquatic Invert.(Excl. Crustaceans),Live,Fresh Or Chilled,Ies, Wrap/Can upto 2.5kg",,25.0,3.0,0.0,15.0,5.0,7.5,61.8
0307.92.10,03,0307,"Other, including flours, meals and pellets...consu :Frozen Wrapped/canned upto 2.5 kg",,25.0,3.0,0.0,15.0,5.0,7.5,61.8
0307.92.90,03,0307,"Other, including flours, meals and pellets...consu :Frozen Excl.Wr/canned upto 2.5 kg",,25.0,3.0,0.0,15.0,5.0,7.5,61.8
0307.99.90,03,0307,"OTH.,INCL. FLOURS, MEALS AND PELLETS OF AQUATIC..,NOT FRESH OR CHILLED,NES",,25.0,3.0,0.0,0.0,5.0,0.0,33.0
0308.11.10,03,0308,"Sea cucumbers (Stichopus japonicus, Holothurioidea) : Live, fresh or chilled Wrapped/ca",,25.0,3.0,0.0,15.0,5.0,7.5,61.8
0308.11.90,03,0308,"Sea cucumbers (Stichopus japonicus, Holothurioidea) : Live, fresh or chilled EXCL. Wrap",,25.0,3.0,0.0,15.0,5.0,7.5,61.8
0308.12.10,03,0308,Frozen,,25.0,3.0,0.0,15.0,5.0,7.5,61.8
0308.12.90,03,0308,Frozen,,25.0,3.0,0.0,15.0,5.0,7.5,61.8
0308.19.10,03,0308,"Sea cucumbers (Stichopus japonicus, ... : Other than Live, fresh or chilled Wrapped/ca",,25.0,3.0,0.0,15.0,5.0,7.5,61.8
0308.19.90,03,0308,"Sea cucumbers (Stichopus japonicus,... : other than Live, fresh or chilled EXCL. Wrappe",,25.0,3.0,0.0,15.0,5.0,7.5,61.8
0308.21.10,03,0308,"Sea urchins (Strongylocentrotus spp, Paracentrotus .. : Live, fresh or chilled Wrapped/",,25.0,3.0,0.0,15.0,5.0,7.5,61.8
0308.21.90,03,0308,"Sea urchins (Strongylocentrotus spp, Paracentrotus .. : Live, fresh or chilled EXCL. Wr",,25.0,3.0,0.0,15.0,5.0,7.5,61.8
0308.22.10,03,0308,Frozen,,25.0,3.0,0.0,15.0,5.0,7.5,61.8
0308.22.90,03,0308,Frozen,,25.0,3.0,0.0,15.0,5.0,7.5,61.8
0308.29.10,03,0308,"Sea urchins (Strongylocentrotus spp, Paracentrotus ..: Other than Live, fresh or chille",,25.0,3.0,0.0,15.0,5.0,7.5,61.8
0308.29.90,03,0308,"Sea urchins (Strongylocentrotus spp, .....: other than Live, fresh or chilled EXCL. Wra",,25.0,3.0,0.0,15.0,5.0,7.5,61.8
0308.30.10,03,0308,Jellyfish (Rhopilema spp) : Wrapped/canned upto 2.5 Kg,,25.0,3.0,0.0,15.0,5.0,7.5,61.8
0308.30.90,03,0308,Jellyfish (Rhopilema spp) : EXCL. Wrapped/canned upto 2.5 Kg,,25.0,3.0,0.0,15.0,5.0,7.5,61.8
0308.90.10,03,0308,Other than Jellyfish (Rhopilema spp) Wrapped/canned upto 2.5 Kg,,25.0,3.0,0.0,15.0,5.0,7.5,61.8
0308.90.90,03,0308,Other than Jellyfish (Rhopilema spp) EXCL. Wrapped/canned upto 2.5 Kg,,25.0,3.0,0.0,15.0,5.0,7.5,61.8
0309.10.10,03,0309,Of fish : Wrapped/canned upto 2.5 kg,,25.0,3.0,10.0,15.0,5.0,7.5,77.48
0309.10.90,03,0309,Of fish : Excl. Wrapped/canned upto 2.5 kg,,25.0,3.0,0.0,15.0,5.0,7.5,61.8
0309.90.10,03,0309,"Flours, meals,...Excl. Fish Wrapped/canned upto 2.5 kg",,25.0,3.0,10.0,15.0,5.0,7.5,77.48
0309.90.90,03,0309,"Flours, meals,...Excl. Fish Excl. Wrapped/canned",,25.0,3.0,5.0,15.0,5.0,7.5,69.64
0401.10.90,04,0401,"Milk And Cream Of <=1% Fat,Not Concentrated Or Sweetened, Nes",,25.0,3.0,0.0,0.0,5.0,0.0,33.0
0401.20.90,04,0401,"Milk & Cream Of >1%But<=6% Fat,Not Concentrated Or Sweetened, Nes",,25.0,3.0,0.0,0.0,5.0,0.0,33.0
0402.10.10,04,0402,"Milk&Cream In Powder Forms<=1.5%Fat,Con... Or Sweet.,In Reta.Pk.Upto 2.5kg",,25.0,3.0,0.0,15.0,5.0,7.5,61.8
0402.10.90,04,0402,Other,,10.0,0.0,0.0,15.0,5.0,7.5,39.75
0402.21.10,04,0402,"Milk&Cream In Powder Forms >1.5%Fat,Notsweetened R.Pkt.=<2.5kg",,25.0,3.0,0.0,15.0,5.0,7.5,61.8
0402.21.90,04,0402,Other,,10.0,0.0,0.0,15.0,5.0,7.5,39.75
0402.29.10,04,0402,Milk&Cream In Powder Forms >1.5% Fat Sweet Or Conc. In Ret.Pk.=<2.5kg,,25.0,3.0,0.0,15.0,5.0,7.5,61.8
0402.29.90,04,0402,"Milk And Cream In Granule Or Solid Forms Of >1.5% Fat,Sweetened, Other",,25.0,3.0,0.0,15.0,5.0,7.5,61.8
0402.91.00,04,0402,"Concentrated Milk And Cream, Unsweetened (Excl. In Solid Form)",,25.0,3.0,0.0,15.0,5.0,7.5,61.8
0402.99.00,04,0402,Sweetened Milk And Cream (Excl. In Solid Form),,25.0,3.0,0.0,15.0,5.0,7.5,61.8
0403.20.00,04,0403,yogurt,,25.0,3.0,0.0,15.0,5.0,7.5,61.8
0403.90.00,04,0403,"BUTTERMILK, CURDED MILK AND CREAM.., EXCL. YOGURT",,25.0,3.0,0.0,15.0,5.0,7.5,61.8
0404.90.00,04,0404,"Products Consisting Of Natural Milk Constituents, Nes",,25.0,3.0,0.0,15.0,5.0,7.5,61.8
0405.10.00,04,0405,Butter,,25.0,0.0,20.0,15.0,5.0,7.5,88.75
0405.20.00,04,0405,Dairy Spreads,,25.0,3.0,20.0,15.0,5.0,7.5,93.16
0405.90.00,04,0405,Fats And Oils Derived From Milk (Excl. Butter And Dairy Spreads),,25.0,3.0,20.0,15.0,5.0,7.5,93.16
0406.10.00,04,0406,"Fresh (Unripened Or Uncured)Cheese, Including Whey Cheese And Curd",,25.0,3.0,20.0,15.0,5.0,7.5,93.16
0406.20.00,04,0406,Grated Or Powdered Cheese,,25.0,3.0,20.0,15.0,5.0,7.5,93.16
0406.30.00,04,0406,"Processed Cheese, Not Grated Or Powdered",,25.0,3.0,20.0,15.0,5.0,7.5,93.16
0406.40.00,04,0406,Blueveined cheese and other cheese containing veins produced by Penicillium ro,,25.0,3.0,20.0,15.0,5.0,7.5,93.16
0406.90.00,04,0406,"Cheese, Nes",,25.0,3.0,20.0,15.0,5.0,7.5,93.16
0407.11.00,04,0407,Birds Fertilised eggs for incubation Of fowls of the species Gallus domesticu,,25.0,3.0,0.0,0.0,5.0,0.0,33.0
0407.19.00,04,0407,Birds Fertilised eggs for incubation EXCL. Of fowls of the species Gallus domesticu,,25.0,3.0,0.0,0.0,5.0,0.0,33.0
0407.21.00,04,0407,Othe fresh eggs : Of fowls of the species Gallus domesticus,,25.0,3.0,0.0,0.0,5.0,0.0,33.0
0407.29.00,04,0407,Othe fresh eggs : EXCL. Of fowls of the species Gallus domesticus,,25.0,3.0,0.0,0.0,5.0,0.0,33.0
0407.90.00,04,0407,"Birds egg, Excluding Fertilised eggs for incubation",,25.0,3.0,0.0,0.0,5.0,0.0,33.0
0408.11.00,04,0408,Dried Egg Yolks,,25.0,3.0,0.0,15.0,5.0,7.5,61.8
0408.19.00,04,0408,Egg Yolks (Excl. Dried),,25.0,3.0,0.0,15.0,5.0,7.5,61.8
0408.91.00,04,0408,"Birds' Eggs, Not In Shell, Dried",,25.0,3.0,0.0,15.0,5.0,7.5,61.8
0408.99.00,04,0408,"Birds' Eggs, Not In Shell (Excl. Dried)",,25.0,3.0,0.0,15.0,5.0,7.5,61.8
0409.00.10,04,0409,"Naturel honey, wrapped/canned upto 2.5 kg",,25.0,3.0,0.0,15.0,5.0,7.5,61.8
0409.00.90,04,0409,"Naturel honey, Exclu. wrapped/canned upto 2.5 kg",,25.0,3.0,0.0,15.0,5.0,7.5,61.8
0410.10.10,04,0410,Insects,,25.0,3.0,0.0,15.0,5.0,7.5,61.8
0410.10.90,04,0410,Insects,,25.0,3.0,0.0,15.0,5.0,7.5,61.8
0410.90.10,04,0410,"Insects,nes",,25.0,3.0,0.0,15.0,5.0,7.5,61.8
0410.90.90,04,0410,"Insects,nes",,25.0,3.0,0.0,15.0,5.0,7.5,61.8
0501.00.00,05,0501,"Human Hair And Waste, Unworked",,10.0,0.0,0.0,0.0,5.0,0.0,15.0
0502.10.00,05,0502,"Pigs', Hogs', Or Boars' Bristles Or Hair & Waste There Of",,10.0,0.0,0.0,0.0,5.0,0.0,15.0
0502.90.00,05,0502,Badger And Other Brush Making Hair & Waste There Of,,10.0,0.0,0.0,0.0,5.0,0.0,15.0
0504.00.00,05,0504,"Fresh,Frozen,Salted,Or Dried..,Guts/Bladders/Stomachs Of Animals(Excl.Fish",,10.0,0.0,0.0,0.0,5.0,0.0,15.0
0505.10.00,05,0505,Raw Feathers For Stuffing; Down,,10.0,0.0,0.0,0.0,5.0,0.0,15.0
0505.90.00,05,0505,Skins And Parts Of Birds (Excl. Feathers For Stuffing; Down),,10.0,0.0,0.0,0.0,5.0,0.0,15.0
0506.10.00,05,0506,Ossein And Bones Treated With Acid,,10.0,0.0,0.0,15.0,5.0,7.5,39.75
0506.90.10,05,0506,Bone ash,,10.0,0.0,0.0,15.0,5.0,7.5,39.75
0506.90.90,05,0506,Other than bone ash,,10.0,0.0,0.0,15.0,5.0,7.5,39.75
0507.10.00,05,0507,"Ivory, Its Powder And Waste, Unworked",,25.0,3.0,0.0,0.0,5.0,0.0,33.0
0507.90.00,05,0507,"Tortoise-Shell,Whalebone Hair Horns,Antlers,Hooves,Nails,Claws,Beaks",,25.0,3.0,0.0,0.0,5.0,0.0,33.0
0508.00.00,05,0508,"Coral; Shells Of Molluscs, Crustaceans, Unworked",,0.0,0.0,0.0,0.0,5.0,0.0,5.0
0510.00.10,05,0510,Glands Including Pituitary Glands,,5.0,0.0,0.0,0.0,2.0,0.0,7.0
0510.00.90,05,0510,Other Animal Products Used In The Preparation Of Pharmaceuticals Products,,10.0,0.0,0.0,0.0,5.0,0.0,15.0
0511.10.00,05,0511,Bovine Semen,,0.0,0.0,0.0,0.0,2.0,0.0,2.0
0511.91.00,05,0511,"Products Of Fish, Crus.,Mollus.,Other Aquatic, Invet Dead Anim.Of Chapt. 3",,5.0,0.0,0.0,0.0,2.0,0.0,7.0
0511.99.10,05,0511,"Animal Products, Nes; ...,Unfit For Human Consun. Wrapped/canned upto 2.5 kg",,5.0,0.0,0.0,0.0,2.0,0.0,7.0
0511.99.90,05,0511,"Animal Products, Nes; ...,Unfit For Human Co. Excl. Wrapped/canned upto 2.5 kg",,5.0,0.0,0.0,0.0,2.0,0.0,7.0
0601.10.00,06,0601,"Dormant Bulbs, Tubers... Rhizomes",,5.0,0.0,0.0,0.0,2.0,0.0,7.0
0601.20.00,06,0601,"Bulbs, Tubers... Rhizomes In Growth Or Flower; Chicory Plants And Roots",,5.0,0.0,0.0,0.0,2.0,0.0,7.0
0602.10.00,06,0602,Unrooted Cuttings And Slips Of Plants,,5.0,0.0,0.0,0.0,2.0,0.0,7.0
0602.20.00,06,0602,"Trees,Shrubs,Bushes, Grafted Or Not, Of Kind Bearing Edible Fruit Or Nuts",,5.0,0.0,0.0,0.0,2.0,0.0,7.0
0602.30.00,06,0602,"Rhododendrons And Azaleas, Grafted Or Not",,5.0,0.0,0.0,0.0,2.0,0.0,7.0
0602.40.00,06,0602,"Roses, Grafted Or Not",,5.0,0.0,0.0,0.0,2.0,0.0,7.0
0602.90.10,06,0602,"Other Live Plants,Cutting And Slips, Mushroom Spawn",,15.0,0.0,0.0,0.0,5.0,0.0,20.0
0602.90.90,06,0602,"Other Live Plants,Cutting And Slips, Mushroom Spawn",,5.0,0.0,0.0,0.0,5.0,0.0,10.0
0603.11.00,06,0603,Roses,,25.0,20.0,0.0,15.0,5.0,7.5,82.63
0603.12.00,06,0603,Carnations,,25.0,20.0,0.0,15.0,5.0,7.5,82.63
0603.13.00,06,0603,Orchids,,25.0,20.0,0.0,15.0,5.0,7.5,82.63
0603.14.00,06,0603,Chrysanthemums,,25.0,20.0,0.0,15.0,5.0,7.5,82.63
0603.15.00,06,0603,Lilies (Lilium spp),,25.0,20.0,0.0,15.0,5.0,7.5,82.63
0603.19.00,06,0603,Cut flowers & flower buds of a kind suitable for bouquets or for ornamental pur,,25.0,20.0,0.0,15.0,5.0,7.5,82.63
0603.90.00,06,0603,"Dried, Dyed, Bleached Impregnated Or Otherwise Prepared Cut Flowers & Buds",,25.0,20.0,0.0,15.0,5.0,7.5,82.63
0604.20.00,06,0604,"Foliage, branches and other parts of plants, without flowers .or otherwise prepared, Fr",,10.0,20.0,0.0,15.0,5.0,7.5,64.25
0604.90.00,06,0604,"Foliage, branches and other parts of plants, without flowers .or otherwise prepared, EX",,10.0,20.0,0.0,15.0,5.0,7.5,64.25
0701.10.10,07,0701,"Seed Potatoes, Wrapped/Canned upto 2.5 kg",,0.0,0.0,0.0,0.0,2.0,0.0,2.0
0701.10.90,07,0701,"Seed Potatoes, Nes",,0.0,0.0,0.0,0.0,2.0,0.0,2.0
0701.90.11,07,0701,"Other Potatoes, Fresh, Wrapped/Canned upto 2.5 kg",,25.0,3.0,0.0,15.0,5.0,7.5,61.8
0701.90.19,07,0701,"Other Potatoes, Fresh, Nes",,25.0,3.0,0.0,0.0,5.0,0.0,33.0
0701.90.21,07,0701,"Other Potatoes, Chilled, Wrapped/Canned upto 2.5 kg",,25.0,3.0,0.0,15.0,5.0,7.5,61.8
0701.90.29,07,0701,"Other Potatoes Chilled, Nes",,25.0,3.0,0.0,0.0,5.0,0.0,33.0
0702.00.11,07,0702,"Tomatoes, Fresh, Wrapped/Canned upto 2.5 kg",,25.0,3.0,20.0,15.0,5.0,7.5,93.16
0702.00.19,07,0702,"Tomatoes, Fresh, Nes",,25.0,3.0,20.0,0.0,5.0,0.0,58.6
0702.00.21,07,0702,"Tomatoes, Chilled, Wrapped/Canned upto 2.5 kg",,25.0,3.0,20.0,15.0,5.0,7.5,93.16
0702.00.29,07,0702,"Tomatoes, Chilled, Nes",,25.0,3.0,20.0,0.0,5.0,0.0,58.6
0703.10.11,07,0703,"Onions, Fresh Or Chilled, Wrapped/Canned upto 2.5 kg",,5.0,5.0,0.0,15.0,5.0,7.5,39.75
0703.10.19,07,0703,"Onions, Fresh Or Chilled, Nes",,5.0,5.0,0.0,0.0,0.0,0.0,10.0
0703.10.21,07,0703,"Shallots, Fresh Or Chilled, Wrapped/Canned upto 2.5 kg",,25.0,3.0,0.0,15.0,5.0,7.5,61.8
0703.10.29,07,0703,"Shallots, Fresh Or Chilled, Nes",,25.0,3.0,0.0,0.0,5.0,0.0,33.0
0703.20.10,07,0703,"Garlic, Fresh Or Chilled, Wrapped/Canned upto 2.5 kg",,10.0,0.0,0.0,15.0,5.0,7.5,39.75
0703.20.90,07,0703,"Garlic, Fresh Or Chilled, Nes",,5.0,0.0,0.0,0.0,2.0,0.0,7.0
0703.90.10,07,0703,"Leeks And Other Alliaceous Vegetable, Nes, Wrapped/Canned upto 2.5 kg",,25.0,3.0,0.0,15.0,5.0,7.5,61.8
0703.90.90,07,0703,"Leeks And Other Alliaceous Vegetables, Nes, (excl. Wrapped/Canned upto 2.5 kg)",,25.0,3.0,0.0,0.0,5.0,0.0,33.0
0704.10.10,07,0704,"Cauliflowers And Headed Broccoli, Fresh Or Chilled, Wrapped/Canned upto 2.5 kg",,25.0,3.0,0.0,15.0,5.0,7.5,61.8
0704.10.90,07,0704,"Cauliflowers And Headed Broccoli, Fresh Or Chilled, Nes",,25.0,3.0,0.0,0.0,5.0,0.0,33.0
0704.20.10,07,0704,"Brussels Sprouts, Fresh Or Chilled, Wrapped/Canned upto 2.5 kg",,25.0,3.0,0.0,15.0,5.0,7.5,61.8
0704.20.90,07,0704,"Brussels Sprouts, Fresh Or Chilled, Nes",,25.0,3.0,0.0,0.0,5.0,0.0,33.0
0704.90.10,07,0704,"Cabbages,Kohlrabi,Kale..Etc, Fresh Or Chilled, Wrapped/Canned upto 2.5 kg",,25.0,3.0,0.0,15.0,5.0,7.5,61.8
0704.90.90,07,0704,"Cabbages,Kohlrabi,Kale..Etc,Fresh Or Chilled, Nes",,25.0,3.0,0.0,0.0,5.0,0.0,33.0
0705.11.10,07,0705,"Cabbage Lettuce, Fresh Or Chilled, Wrapped/Canned upto 2.5 kg",,25.0,3.0,0.0,15.0,5.0,7.5,61.8
0705.11.90,07,0705,"Cabbage Lettuce, Fresh Or Chilled, Nes",,25.0,3.0,0.0,0.0,5.0,0.0,33.0
0705.19.10,07,0705,"Lettuce,Fresh Or Chilled, Excl.Cabbage Lettuce, Wrapped/Canned upto 2.5 kg",,25.0,3.0,0.0,15.0,5.0,7.5,61.8
0705.19.90,07,0705,"Lettuce,Fresh Or Chilled, Excl. Cabbage Lettuce, Nes",,25.0,3.0,0.0,0.0,5.0,0.0,33.0
0705.21.10,07,0705,"Witloof Chicory Fresh Or Chilled, Wrapped/Canned upto 2.5 kg",,25.0,3.0,0.0,15.0,5.0,7.5,61.8
0705.21.90,07,0705,"Witloof Chicory, Fresh Or Chilled, Nes",,25.0,3.0,0.0,0.0,5.0,0.0,33.0
0705.29.10,07,0705,"Chicory Excl. Witloof, Fresh Or Chilled, Wrapped/Canned upto 2.5 kg",,25.0,3.0,0.0,15.0,5.0,7.5,61.8
0705.29.90,07,0705,"Chicory Excl. Witloof, Fresh Or Chilled, Nes",,25.0,3.0,0.0,0.0,5.0,0.0,33.0
0706.10.10,07,0706,"Carrots And Turnips, Fresh Or Chilled, Wrapped/Canned upto 2.5 kg",,25.0,3.0,20.0,15.0,5.0,7.5,93.16
0706.10.90,07,0706,"Carrots And Turnips, Fresh Or Chilled, Nes",,25.0,3.0,20.0,0.0,5.0,0.0,58.6
0706.90.10,07,0706,"Salad Beetroot..Radishes & Similar Edible Roots,Fresh Or Chilled,Wrap/Can upto 2.5 kg",,25.0,3.0,0.0,15.0,5.0,7.5,61.8
0706.90.90,07,0706,"Salad Betroot..Radishes & Similar Edible Roots,Fresh Or Chilled, Nes",,25.0,3.0,0.0,0.0,5.0,0.0,33.0
0707.00.10,07,0707,"Cucumbers And Gherkins,Fresh Or Chilled, Wrapped/Canned upto 2.5 kg",,25.0,3.0,0.0,15.0,5.0,7.5,61.8
0707.00.90,07,0707,"Cucumbers And Gherkins, Fresh Or Chilled, Nes",,25.0,3.0,0.0,0.0,5.0,0.0,33.0
0708.10.10,07,0708,"Peas, Shelled Or Unshelled,Fresh Or Chilled, Wrapped/Canned upto 2.5 kg",,25.0,3.0,0.0,15.0,5.0,7.5,61.8
0708.10.90,07,0708,"Peas, Shelled Or Unshelled,Fresh Or Chilled, Nes",,25.0,3.0,0.0,0.0,5.0,0.0,33.0
0708.20.10,07,0708,"Beans,Shelled Or Unshelled, Fresh Or Chilled, Wrapped/Canned upto 2.5 kg",,25.0,3.0,0.0,15.0,5.0,7.5,61.8
0708.20.90,07,0708,"Beans, Shelled Or Unshelled Fresh Or Chilled, Nes",,25.0,3.0,0.0,0.0,5.0,0.0,33.0
0708.90.10,07,0708,"Leguminous Vegetables, Fresh Or Chilled, Nes, Wrapped/Canned upto 2.5 kg",,25.0,3.0,0.0,15.0,5.0,7.5,61.8
0708.90.90,07,0708,"Leguminous Vegetables, Fresh Or Chilled, Nes, (Excl. Wrapped/Canned upto 2.5 kg)",,25.0,3.0,0.0,0.0,5.0,0.0,33.0
0709.20.10,07,0709,"Asparagus, Fresh Or Chilled, Wrapped/Canned upto 2.5 kg",,25.0,0.0,20.0,15.0,5.0,7.5,88.75
0709.20.90,07,0709,"Asparagus, Fresh Or Chilled, Nes",,25.0,0.0,20.0,0.0,5.0,0.0,55.0
0709.30.10,07,0709,"Aubergines (Egg Plants) Fresh Or Chilled, Wrapped/Canned upto 2.5 kg",,25.0,3.0,20.0,15.0,5.0,7.5,93.16
0709.30.90,07,0709,"Aubergines (Egg Plants) Fresh Or Chilled, Nes",,25.0,3.0,20.0,0.0,5.0,0.0,58.6
0709.40.10,07,0709,"Celery Other Than Celeriac, Fresh Or Chilled, Wrapped/Canned upto 2.5 kg",,25.0,0.0,20.0,15.0,5.0,7.5,88.75
0709.40.90,07,0709,"Celery Other Than Celeric, Fresh Or Chilled, Nes",,25.0,0.0,20.0,0.0,5.0,0.0,55.0
0709.51.10,07,0709,"Mushrooms, Fresh Or Chilled, Wrapped/Canned upto 2.5 kg",,25.0,3.0,20.0,15.0,5.0,7.5,93.16
0709.51.90,07,0709,"Mushrooms, Fresh Or Chilled, Nes",,25.0,3.0,20.0,0.0,5.0,0.0,58.6
0709.52.10,07,0709,Mushrooms of the genus Boletus : Wrapped/canned upto 2.5 kg,,25.0,3.0,20.0,15.0,5.0,7.5,93.16
0709.52.90,07,0709,Mushrooms of the genus Boletus : Excl.Wrapped/canned upto 2.5 kg,,25.0,3.0,20.0,15.0,5.0,7.5,93.16
0709.53.10,07,0709,Mushrooms of the genus Cantharellus,,25.0,3.0,20.0,15.0,5.0,7.5,93.16
0709.53.90,07,0709,Mushrooms of the genus Cantharellus,,25.0,3.0,20.0,15.0,5.0,7.5,93.16
0709.54.10,07,0709,Shiitake (Lentinus edodes),,25.0,3.0,20.0,15.0,5.0,7.5,93.16
0709.54.90,07,0709,Shiitake (Lentinus edodes),,25.0,3.0,20.0,15.0,5.0,7.5,93.16
0709.55.10,07,0709,"Matsutake (Tricholoma matsutake, Tricholoma magnive...Wrapped/canned upto 2.5kg",,25.0,3.0,20.0,15.0,5.0,7.5,93.16
0709.55.90,07,0709,"Matsutake (Tricholoma matsutake, Tricholoma magnive...Wrapped/canned upto 2.5kg",,25.0,3.0,20.0,15.0,5.0,7.5,93.16
0709.56.10,07,0709,Truffles (Tuber spp.,,25.0,3.0,20.0,15.0,5.0,7.5,93.16
0709.56.90,07,0709,Truffles (Tuber spp.,,25.0,3.0,20.0,15.0,5.0,7.5,93.16
0709.59.10,07,0709,"MUSHROOMS OF THE GENUS AGARICUS, NES, WRAPPED/CANNED upto 2.5 kg",,25.0,3.0,20.0,15.0,5.0,7.5,93.16
0709.59.90,07,0709,"MUSHROOMS OF THE GENUS AGARICUS, NES, (Excl. WRAPPED/CANNED upto 2.5 kg)",,25.0,3.0,20.0,0.0,5.0,0.0,58.6
0709.60.11,07,0709,"Sweet Peppers, Fresh Or Chilled, Wrapped/Canned upto 2.5 kg",,25.0,3.0,20.0,15.0,5.0,7.5,93.16
0709.60.19,07,0709,"Sweet Peppers, Fresh Or Chilled, Nes",,25.0,3.0,20.0,0.0,5.0,0.0,58.6
0709.60.91,07,0709,"Other Fruits Of Genus Capiscum Or Pimenta,Fresh Or Chilled,Nes,Wr./Ca.upto 2.5 kg",,25.0,3.0,20.0,15.0,5.0,7.5,93.16
0709.70.10,07,0709,"Spinach, Fresh Or Chilled, Wrapped/Canned upto 2.5 kg",,25.0,0.0,20.0,15.0,5.0,7.5,88.75
0709.70.90,07,0709,"Spinach Fresh Or Chilled, Nes",,25.0,0.0,20.0,0.0,5.0,0.0,55.0
0709.91.10,07,0709,"Other Globe artichokes, Wrapped/canned upto 2.5 Kg",,25.0,0.0,20.0,15.0,5.0,7.5,88.75
0709.91.90,07,0709,"Other Globe artichokes, EXCL. Wrapped/canned upto 2.5 Kg",,25.0,0.0,20.0,0.0,5.0,0.0,55.0
0709.92.10,07,0709,"Olives, Wrapped/canned upto 2.5 Kg",,25.0,0.0,20.0,15.0,5.0,7.5,88.75
0709.92.90,07,0709,"Olives, EXCL. Wrapped/canned upto 2.5 Kg",,25.0,0.0,20.0,0.0,5.0,0.0,55.0
0709.93.10,07,0709,"Pumpkins, squash and gourds (Cucurbita spp), Wrapped/canned upto 2.5 Kg",,25.0,0.0,20.0,15.0,5.0,7.5,88.75
0709.93.90,07,0709,"Pumpkins, squash and gourds (Cucurbita spp), EXCL. Wrapped/canned upto 2.5 Kg",,25.0,0.0,20.0,0.0,5.0,0.0,55.0
0709.99.10,07,0709,"Other Vegetables NES, Wrapped/canned upto 2.5 Kg",,25.0,3.0,20.0,15.0,5.0,7.5,93.16
0709.99.90,07,0709,"Other Vegetables NES, EXCL. Wrapped/canned upto 2.5 Kg",,25.0,3.0,20.0,0.0,5.0,0.0,58.6
0710.10.90,07,0710,"Potatoes Cooked/Uncooked By Steaming Or Bioling Frozen, Nes",,25.0,3.0,0.0,0.0,5.0,0.0,33.0
0710.21.10,07,0710,"Shelled Or Unshelled Peas Uncooked/Cooked By Stea../Bioiling Frozn, W/C upto 2.5 kg",,25.0,3.0,0.0,15.0,5.0,7.5,61.8
0710.21.90,07,0710,"Shelled Or Unshelled Peas Uncooked/Cooked By Steaming/Boiling Frzn, Nes",,25.0,3.0,0.0,0.0,5.0,0.0,33.0
0710.22.10,07,0710,"Shelled Or Unshelled Beans Uncooked/Cooked Bysteaming/Boiling Frzn, W/C upto 2.5 kg",,25.0,3.0,0.0,15.0,5.0,7.5,61.8
0710.22.90,07,0710,"Shelled Or Unshelled Beans Uncooked/Cooked By Steaming/Boiling Frzn, Nes",,25.0,3.0,0.0,0.0,5.0,0.0,33.0
0710.29.10,07,0710,"Leguminous Vegetable,Shelled Or Unshilled, Frozen,Nes, Wrapped/Canned upto 2.5 kg",,25.0,3.0,0.0,15.0,5.0,7.5,61.8
0710.30.90,07,0710,"Spinach All, Uncooked Or Cooked By Steaming/Boiling Frzn, Nes",,25.0,3.0,0.0,0.0,5.0,0.0,33.0
0710.40.90,07,0710,"Sweet Corn Uncooked Or Cooked By Steaming Or Boiling Frozen, Nes",,25.0,3.0,0.0,0.0,5.0,0.0,33.0
0710.80.10,07,0710,"Vegetable Uncooked Or Cooked By Steaming Frozen,Nes, Wrapped/Canned upto 2.5 kg",,25.0,3.0,0.0,15.0,5.0,7.5,61.8
0710.90.90,07,0710,"Mixture Of Vegetable Uncooked/Cooked By Steaming/Boiling Frozen, Nes",,25.0,3.0,0.0,0.0,5.0,0.0,33.0
0711.20.00,07,0711,"Olives Provisionally Preserved, Not Suitable For Immediate Consumption",,25.0,3.0,0.0,15.0,5.0,7.5,61.8
0711.40.00,07,0711,"Cucumbers And Gherkins Provisionally Pre..,Not Suitable For Immediate Con.",,25.0,3.0,0.0,15.0,5.0,7.5,61.8
0711.51.00,07,0711,Mushrooms of the genus Agaricus,,25.0,3.0,0.0,15.0,5.0,7.5,61.8
0711.59.00,07,0711,Mushrooms And Truffles,,25.0,3.0,0.0,15.0,5.0,7.5,61.8
0711.90.00,07,0711,Other vegetables; mixtures of vegetables:,,25.0,3.0,0.0,15.0,5.0,7.5,61.8
0712.20.10,07,0712,"Dried Onions Cut, Whole, Broken, Powder, Wrapped/Canned upto 2.5 kg",,25.0,3.0,0.0,15.0,5.0,7.5,61.8
0712.20.90,07,0712,"Dried Onions Cut, Whole, Broken, Powder, Nes",,25.0,3.0,0.0,0.0,5.0,0.0,33.0
0712.31.10,07,0712,"MUSHROOMS OF THE GENUS AGARICUS, WRAPPED/CANNED upto 2.5 kg",,25.0,3.0,0.0,15.0,5.0,7.5,61.8
0712.31.90,07,0712,"MUSHROOMS OF THE GENUS AGARICUS, Nes",,25.0,3.0,0.0,0.0,5.0,0.0,33.0
0712.32.10,07,0712,"WOOD EARS (AURICULARIA SPP), WRAPPED/CANNED upto 2.5 kg",,25.0,3.0,0.0,15.0,5.0,7.5,61.8
0712.32.90,07,0712,"WOOD EARS (AURICULARIA SPP), Nes",,25.0,3.0,0.0,0.0,5.0,0.0,33.0
0712.33.10,07,0712,"JELLY FUNGI (TREMELLA SPP), WRAPPED/CANNED upto 2.5 kg",,25.0,3.0,0.0,15.0,5.0,7.5,61.8
0712.33.90,07,0712,"JELLY FUNGI (TREMELLA SPP), Nes",,25.0,3.0,0.0,0.0,5.0,0.0,33.0
0712.34.10,07,0712,Shiitake (Lentinus edodes),,25.0,3.0,0.0,15.0,5.0,7.5,61.8
0712.34.90,07,0712,Shiitake (Lentinus edodes),,25.0,3.0,0.0,15.0,5.0,7.5,61.8
0712.90.10,07,0712,"Dried vegetable, whole ............., Sweet corn",,25.0,3.0,0.0,0.0,5.0,0.0,33.0
0712.90.92,07,0712,Dihydrated chives,,25.0,3.0,0.0,15.0,5.0,7.5,61.8
0712.90.99,07,0712,"Other Dried Vegetable, Whole, Cut Sliced... Not Further Nes,(Excl.Wrap/Can upto 2.5 kg)",,25.0,3.0,0.0,0.0,5.0,0.0,33.0
0713.10.10,07,0713,"Dried Peas, Shelled, Wrapped/Canned upto 2.5 kg",,0.0,0.0,0.0,15.0,5.0,7.5,27.5
0713.10.90,07,0713,"Dried Peas Shelled, Nes",,0.0,0.0,0.0,0.0,2.0,0.0,2.0
0713.20.10,07,0713,"Dried Chickpeas (Garbanzos), Shelled, Wrapped/Canned upto 2.5 kg",,0.0,0.0,0.0,15.0,5.0,7.5,27.5
0713.20.90,07,0713,"Dried Chickpeas (Garbanzos) Shelled, Nes",,0.0,0.0,0.0,0.0,2.0,0.0,2.0
0713.31.90,07,0713,"Dried Beans Of The Species, Vigna Mungo(L) Hepper/V.Radiata, Shelled, Nes",,5.0,0.0,0.0,0.0,5.0,0.0,10.0
0713.32.10,07,0713,"Dried Small Red(Adzuki)Beans, Shelled, Wrapped/Canned upto 2.5 kg",,5.0,0.0,0.0,15.0,5.0,7.5,33.63
0713.32.90,07,0713,"Dried Small Red(Adzuki)Beans Shelled, Nes",,5.0,0.0,0.0,0.0,5.0,0.0,10.0
0713.33.10,07,0713,"Dried Kidney Beans,Incl.White Pea Beans Shelled, Wrapped/Canned upto 2.5 kg",,5.0,0.0,0.0,15.0,5.0,7.5,33.63
0713.33.90,07,0713,"Dried Kidney Beans,Incl.White Pea Beans, Shelled, Nes",,5.0,0.0,0.0,0.0,5.0,0.0,10.0
0713.34.90,07,0713,Other Bambara beans (Vigna subterranea or Voandzeia subterranea),,5.0,0.0,0.0,0.0,5.0,0.0,10.0
0713.35.10,07,0713,Cow peas (Vigna unguiculata) Wrapped/canned upto 2.5 Kg,,5.0,0.0,0.0,15.0,5.0,7.5,33.63
0713.35.90,07,0713,"Other Cow peas (Vigna unguiculata), EXCL. Wrapped/canned upto 2.5 Kg",,5.0,0.0,0.0,0.0,5.0,0.0,10.0
0713.39.10,07,0713,"Dried Other Beans, Shelled, Nes, Wrapped/Canned upto 2.5 kg",,5.0,0.0,0.0,15.0,5.0,7.5,33.63
0713.39.90,07,0713,"Dried Other Beans, Shelled, Nes, (Excl. Wrapped/Canned upto 2.5 kg)",,5.0,0.0,0.0,0.0,5.0,0.0,10.0
0713.40.10,07,0713,"Dried Lentils, Shelled, Wrapped/Canned upto 2.5 kg",,0.0,0.0,0.0,15.0,5.0,7.5,27.5
0713.40.90,07,0713,"Dried Lentils, Shelled, Nes",,0.0,0.0,0.0,0.0,2.0,0.0,2.0
0713.50.10,07,0713,"Dr.Broad Beans & Horse Beans, Shelled, Wrapped/Canned upto 2.5 kg",,5.0,0.0,0.0,15.0,5.0,7.5,33.63
0713.50.90,07,0713,"Dr.Broad Beans & Horse Beans Shelled, Nes",,5.0,0.0,0.0,0.0,5.0,0.0,10.0
0713.60.10,07,0713,Pigeon peas (Cajanus cajan) Wrapped/canned upto 2.5 Kg,,5.0,0.0,0.0,15.0,5.0,7.5,33.63
0713.60.90,07,0713,Other Pigeon peas (Cajanus cajan) EXCL. Wrapped/canned upto 2.5 Kg,,5.0,0.0,0.0,0.0,5.0,0.0,10.0
0713.90.10,07,0713,"Dried Legeminous Vegetables, Shelled, Nes, Wrapped/Canned upto 2.5 kg",,5.0,0.0,0.0,15.0,5.0,7.5,33.63
0713.90.90,07,0713,"Dried Leguminous Vegetables, Shelled, Nes, (Excl. Wrapped/Canned upto 2.5 kg)",,5.0,0.0,0.0,0.0,2.0,0.0,7.0
0714.10.10,07,0714,"Manioc (Cassava), Fresh, Dried, Chilled Or Frozen, Wrapped/Canned upto 2.5 kg",,25.0,3.0,0.0,15.0,5.0,7.5,61.8
0714.10.90,07,0714,"Manioc (Cassava), Fresh, Dried, Chilled Or Frozen, Nes",,25.0,3.0,0.0,0.0,5.0,0.0,33.0
0714.20.10,07,0714,"Sweet Potatoes, Fresh Or Dried, Chilled Or Frozen, Wrapped/Canned upto 2.5 kg",,25.0,3.0,0.0,15.0,5.0,7.5,61.8
0714.20.90,07,0714,"Sweet Potatoes, Fresh Or Dried, Chilled Or Frozen, Nes",,25.0,3.0,0.0,0.0,5.0,0.0,33.0
0714.30.10,07,0714,Yams (Dioscorea spp) Wrapped/canned upto 2.5 Kg,,25.0,3.0,0.0,15.0,5.0,7.5,61.8
0714.30.90,07,0714,Yams (Dioscorea spp) excl. Wrapped/canned upto 2.5 Kg,,25.0,3.0,0.0,0.0,5.0,0.0,33.0
0714.40.10,07,0714,Taro (Colocasia spp) Wrapped/canned upto 2.5 Kg,,25.0,3.0,0.0,15.0,5.0,7.5,61.8
0714.40.90,07,0714,"Other Taro (Colocasia spp), excl. Wrapped/canned upto 2.5 Kg",,25.0,3.0,0.0,0.0,5.0,0.0,33.0
0714.50.10,07,0714,Yautia (Xanthosoma spp) Wrapped/canned upto 2.5 Kg,,25.0,3.0,0.0,15.0,5.0,7.5,61.8
0714.50.90,07,0714,Other Yautia (Xanthosoma spp) EXCL. Wrapped/canned upto 2.5 Kg,,25.0,3.0,0.0,0.0,5.0,0.0,33.0
0714.90.11,07,0714,"Sago Fresh Dried Chilled Or Frozen, Wrapped/Canned upto 2.5 kg",,10.0,0.0,0.0,15.0,5.0,7.5,39.75
0714.90.19,07,0714,"Sago Fresh, Dried, Chilled Or Frozen, Nes",,10.0,0.0,0.0,0.0,5.0,0.0,15.0
0714.90.91,07,0714,"Roots&Tubers With High Starch Content, Fresh/Dri./Chilled/Froz.Nes,W/C upto 2.5 kg",,25.0,3.0,0.0,15.0,5.0,7.5,61.8
0801.11.10,08,0801,"Desiccated, Coconuts Fresh Or Dried Wrap./Canned upto 2.5Kg",,25.0,3.0,20.0,15.0,5.0,7.5,93.16
0801.11.90,08,0801,"Desiccated Coconuts Fresh Or Dried,Nes",,25.0,3.0,0.0,15.0,5.0,7.5,61.8
0801.12.10,08,0801,Coconuts In the inner shell (endocarp) Wrapped/canned upto 2.5 Kg,,25.0,0.0,20.0,15.0,5.0,7.5,88.75
0801.12.90,08,0801,Other coconuts in the inner shell (endocarp) EXCL. Wrapped/canned upto 2.5 Kg,,25.0,3.0,0.0,15.0,5.0,7.5,61.8
0801.19.10,08,0801,"Coconuts, Not Desiccated, Fresh Or Dried Wrapped/Canned Upto 2.5kg",,25.0,0.0,20.0,15.0,5.0,7.5,88.75
0801.19.90,08,0801,"Coconuts, Not Desiccated,Fresh Or Dried,Nes",,25.0,3.0,0.0,15.0,5.0,7.5,61.8
0801.21.10,08,0801,"Brazil Nuts, In Shell, Fresh Or Dried,Wrapped/Canned",,25.0,3.0,20.0,15.0,5.0,7.5,93.16
0801.21.90,08,0801,"Brazil Nuts, In Shell, Fresh Or Dried,Nes",,25.0,3.0,0.0,15.0,5.0,7.5,61.8
0801.22.10,08,0801,"Brazil Nuts, Shelled Fresh Or Dried,Wrapped/Canned Upto 2.5kg",,25.0,3.0,20.0,15.0,5.0,7.5,93.16
0801.22.90,08,0801,"Brazil Nuts, Shelled, Fresh Or Dried,Nes",,25.0,3.0,0.0,15.0,5.0,7.5,61.8
0801.31.10,08,0801,"Cashew Nuts, In Shell, Fresh Or Dried,Wrapped/Canned Upto 2.5kg",,25.0,3.0,20.0,15.0,5.0,7.5,93.16
0801.31.90,08,0801,"Cashew Nuts, In Shell, Fresh Or Dried,Nes",,1.0,0.0,0.0,0.0,5.0,7.5,13.58
0801.32.10,08,0801,"Cashew Nuts, Shelled Fresh Or Dried,Wrapped/Canned Upto 2.5kg",,25.0,3.0,20.0,15.0,5.0,7.5,93.16
0801.32.90,08,0801,"Casweh Nuts, Shelled, Fresh Or Dried, Nes",,5.0,10.0,0.0,15.0,5.0,7.5,45.88
0802.11.10,08,0802,"Almonds In Shell, Fresh Or Dried,Wrapped/Canned Upto 2.5kg",,25.0,3.0,20.0,15.0,5.0,7.5,93.16
0802.11.90,08,0802,"Almonds In Shell, Fresh Or Dried, Nes",,25.0,3.0,0.0,15.0,5.0,7.5,61.8
0802.12.10,08,0802,"Almonds Shelled Fresh Or Dried,Wrapped/Canned Upto 2.5kg",,25.0,3.0,20.0,15.0,5.0,7.5,93.16
0802.12.90,08,0802,"Almonds Shelled, Resh Or Dried,Nes",,25.0,3.0,0.0,15.0,5.0,7.5,61.8
0802.21.10,08,0802,"Hazlenuts In Shell, Fresh Or Dried,Wrapped/Canned Upto 2.5kg",,25.0,3.0,0.0,15.0,5.0,7.5,61.8
0802.21.90,08,0802,"Hazlenuts In Shell, Fresh Or Dried, Nes",,25.0,3.0,0.0,15.0,5.0,7.5,61.8
0802.22.10,08,0802,"Hazlenuts Shelled, Fresh Or Dried,Wrapped/Canned Upto 2.5kg",,25.0,3.0,20.0,15.0,5.0,7.5,93.16
0802.22.90,08,0802,"Hazlenuts Shelled, Fresh Or Dried, Nes",,25.0,3.0,0.0,15.0,5.0,7.5,61.8
0802.31.10,08,0802,"Walnuts In Shell, Fresh Or Dried,Wrapped/Canned Upto 2.5kg",,25.0,3.0,20.0,15.0,5.0,7.5,93.16
0802.31.90,08,0802,"Walnuts In Shell, Fresh Or Dried, Nes",,25.0,3.0,0.0,15.0,5.0,7.5,61.8
0802.32.10,08,0802,"Walnuts Shelled, Fresh Or Dried,Wrapped/Canned Upto 2.5kg",,25.0,3.0,20.0,15.0,5.0,7.5,93.16
0802.32.90,08,0802,"Walnuts Shelled Fresh Or Dried, Nes",,25.0,3.0,0.0,15.0,5.0,7.5,61.8
0802.41.10,08,0802,"Chestnuts (Castanea spp), In Shell, Wrapped/canned upto 2.5 Kg",,25.0,3.0,20.0,15.0,5.0,7.5,93.16
0802.41.90,08,0802,"Chestnuts (Castanea spp), In Shell, EXCL. Wrapped/canned upto 2.5 Kg",,25.0,3.0,0.0,15.0,5.0,7.5,61.8
0802.42.10,08,0802,"Chestnuts (Castanea spp), Shelled, Wrapped/canned upto 2.5 Kg",,25.0,3.0,20.0,15.0,5.0,7.5,93.16
0802.42.90,08,0802,"Chestnuts (Castanea spp), Shelled, EXCL. Wrapped/canned upto 2.5 Kg",,25.0,3.0,0.0,15.0,5.0,7.5,61.8
0802.51.10,08,0802,"Pistachios, In Shell, Wrapped/canned upto 2.5 Kg",,25.0,3.0,20.0,15.0,5.0,7.5,93.16
0802.51.90,08,0802,"Pistachios, In Shell, EXCL. Wrapped/canned upto 2.5 Kg",,25.0,3.0,0.0,15.0,5.0,7.5,61.8
0802.52.10,08,0802,"Pistachios, Shelled, Wrapped/canned upto 2.5 Kg",,25.0,3.0,20.0,15.0,5.0,7.5,93.16
0802.52.90,08,0802,"Pistachios, Shelled, EXCL. Wrapped/canned upto 2.5 Kg",,25.0,3.0,0.0,15.0,5.0,7.5,61.8
0802.61.10,08,0802,"Macadamia nuts :, In Shell, Wrapped/canned upto 2.5 Kg",,25.0,3.0,20.0,15.0,5.0,7.5,93.16
0802.61.90,08,0802,"Macadamia nuts :, In Shell, EXCL. Wrapped/canned upto 2.5 Kg",,25.0,3.0,0.0,15.0,5.0,7.5,61.8
0802.62.10,08,0802,"Macadamia nuts :,Shelledl, Wrapped/canned upto 2.5 Kg",,25.0,3.0,20.0,15.0,5.0,7.5,93.16
0802.62.90,08,0802,"Macadamia nuts :, Shelled, EXCL. Wrapped/canned upto 2.5 Kg",,25.0,3.0,0.0,15.0,5.0,7.5,61.8
0802.70.10,08,0802,Kola nuts (Cola spp) Wrapped/canned upto 2.5 Kg,,25.0,3.0,20.0,15.0,5.0,7.5,93.16
0802.70.90,08,0802,"Other Kola nuts (Cola spp), EXCL. Wrapped/canned upto 2.5 Kg",,25.0,3.0,0.0,15.0,5.0,7.5,61.8
0802.80.10,08,0802,Areca nuts wrapped/canned upto 2.5 Kg,,25.0,3.0,45.0,15.0,5.0,7.5,132.36
0802.80.90,08,0802,"Other Areca nuts, EXCL. Wrapped/canned upto 2.5 Kg",,25.0,3.0,45.0,15.0,5.0,7.5,132.36
0802.91.10,08,0802,"Pine nuts, in shell",,25.0,3.0,45.0,15.0,5.0,7.5,132.36
0802.91.90,08,0802,"Pine nuts, in shell",,25.0,3.0,0.0,15.0,5.0,7.5,61.8
0802.92.10,08,0802,"Pine nuts, shelled",,25.0,3.0,45.0,15.0,5.0,7.5,132.36
0802.92.90,08,0802,"Pine nuts, shelled",,25.0,3.0,0.0,15.0,5.0,7.5,61.8
0802.99.11,08,0802,Betelnuts,,25.0,3.0,45.0,15.0,5.0,7.5,132.36
0802.99.12,08,0802,Semi-Processed Betelnuts packed in 60-80kg Bag,,25.0,3.0,45.0,15.0,5.0,7.5,132.36
0802.99.19,08,0802,Betelnuts,,25.0,3.0,45.0,15.0,5.0,7.5,132.36
0802.99.91,08,0802,Betelnuts,,25.0,3.0,20.0,15.0,5.0,7.5,93.16
0802.99.99,08,0802,Betelnuts,,25.0,3.0,0.0,15.0,5.0,7.5,61.8
0803.10.10,08,0803,"Plaintains, Wrapped/canned upto 2.5 Kg",,25.0,20.0,0.0,15.0,5.0,0.0,71.75
0803.10.90,08,0803,"Plaintains, EXCL. Wrapped/canned upto 2.5 Kg",,25.0,20.0,0.0,15.0,5.0,0.0,71.75
0803.90.10,08,0803,"Banan other than Plaintains, Wrapped/canned upto 2.5 Kg",,25.0,20.0,0.0,15.0,5.0,0.0,71.75
0803.90.90,08,0803,"Banan other than Plaintains, EXCL. Wrapped/canned upto 2.5 Kg",,25.0,20.0,0.0,15.0,5.0,0.0,71.75
0804.10.11,08,0804,"Dates, Fresh,Wrapped/Canned Upto 2.5kg",,25.0,3.0,0.0,15.0,5.0,0.0,52.2
0804.10.19,08,0804,"Dates, Fresh, Nes",,25.0,3.0,0.0,15.0,5.0,0.0,52.2
0804.10.21,08,0804,"Dates, Dried, Wrapped/Canned Upto 2.5kg",,25.0,3.0,0.0,15.0,5.0,0.0,52.2
0804.10.29,08,0804,"Dates, Dried, Nes",,25.0,3.0,0.0,15.0,5.0,0.0,52.2
0804.20.11,08,0804,"Figs Fresh, Wrapped/Canned Upto 2.5kg",,25.0,20.0,0.0,15.0,5.0,0.0,71.75
0804.20.19,08,0804,"Figs, Fresh, Nes",,25.0,20.0,0.0,15.0,5.0,0.0,71.75
0804.20.21,08,0804,"Figs, Dried,Wrapped/Canned Upto 2.5kg",,25.0,20.0,0.0,15.0,5.0,0.0,71.75
0804.20.29,08,0804,"Figs, Dried, Nes",,25.0,20.0,0.0,15.0,5.0,0.0,71.75
0804.30.10,08,0804,"Pineapples, Fresh Of Dried,Wrapped/Canned Upto 2.5kg",,25.0,20.0,0.0,15.0,5.0,0.0,71.75
0804.30.90,08,0804,"Pineapples, Fresh Or Dried, Nes",,25.0,20.0,0.0,15.0,5.0,0.0,71.75
0804.40.10,08,0804,"Avocados, Fresh Or Dried, Wrapped/Canned Upto 2.5kg",,25.0,20.0,0.0,15.0,5.0,0.0,71.75
0804.40.90,08,0804,"Avocados Fresh Or Dried, Nes",,25.0,20.0,0.0,15.0,5.0,0.0,71.75
0804.50.11,08,0804,"Guavas, Fresh Or Dried, Wrapped/Canned Upto 2.5kg",,25.0,20.0,0.0,15.0,5.0,0.0,71.75
0804.50.19,08,0804,"Guavas Fresh Or Dried, Nes",,25.0,20.0,0.0,15.0,5.0,0.0,71.75
0804.50.21,08,0804,"Mangosteens, Fresh Or Dried,Wrapped/Canned Upto 2.5kg",,25.0,20.0,0.0,15.0,5.0,0.0,71.75
0804.50.29,08,0804,"Mangosteens, Fresh Or Dried, Nes",,25.0,20.0,0.0,15.0,5.0,0.0,71.75
0804.50.31,08,0804,"Mangoes Fresh Or Dried, Not Wrapped/Canned",,25.0,20.0,30.0,15.0,5.0,0.0,121.78
0804.50.39,08,0804,"Mangoes Fresh Or Dried, Nes",,25.0,20.0,30.0,15.0,5.0,0.0,121.78
0805.10.10,08,0805,"Oranges Fresh Or Dired, Wrapped/Canned Upto 2.5kg",,25.0,20.0,30.0,15.0,5.0,0.0,121.78
0805.10.90,08,0805,"Oranges, Fresh Or Dried, Nes",,25.0,20.0,30.0,15.0,5.0,0.0,121.78
0805.21.10,08,0805,Mandarins (including tangerines and satsumas),,25.0,20.0,30.0,15.0,5.0,0.0,121.78
0805.21.90,08,0805,Mandarins (including tangerines and satsumas),,25.0,20.0,30.0,15.0,5.0,0.0,121.78
0805.22.10,08,0805,Clementines,,25.0,20.0,30.0,15.0,5.0,0.0,121.78
0805.22.90,08,0805,Clementines,,25.0,20.0,30.0,15.0,5.0,0.0,121.78
0805.29.10,08,0805,Other,,25.0,20.0,30.0,15.0,5.0,0.0,121.78
0805.29.90,08,0805,Other,,25.0,20.0,30.0,15.0,5.0,0.0,121.78
0805.40.10,08,0805,"GRAPEFRUIT,INCLUDING POMELOS WRAPPED/CANNED UPTO 2.5KG",,25.0,20.0,30.0,15.0,5.0,0.0,121.78
0805.40.90,08,0805,"GRAPEFRUIT, NES",,25.0,20.0,30.0,15.0,5.0,0.0,121.78
0805.50.10,08,0805,"CITRUS FRUIT,FRESH OR DRIED,LEMONS. WRAPPED/CANNED UPTO 2.5KG",,25.0,20.0,30.0,15.0,5.0,0.0,121.78
0805.50.90,08,0805,"CITRUS FRUIT,FRESH OR DRIED, LEMONS ,NES",,25.0,20.0,30.0,15.0,5.0,0.0,121.78
0805.90.11,08,0805,"Citrus Fruit, Fresh Nes, Wrapped/Canned Upto 2.5kg",,25.0,20.0,30.0,15.0,5.0,0.0,121.78
0805.90.19,08,0805,"Citrus Fruit, Fresh Nes, Nes",,25.0,20.0,30.0,15.0,5.0,0.0,121.78
0805.90.21,08,0805,"Citrus Fruit, Dried Nes, Wrapped/Canned Upto 2.5kg",,25.0,20.0,30.0,15.0,5.0,0.0,121.78
0805.90.29,08,0805,"Citrus Fruit, Dried, Nes, (Excl. Wrapped/Canned Upto 2.5kg)",,25.0,20.0,30.0,15.0,5.0,0.0,121.78
0806.10.10,08,0806,"Fresh Grapes, Wrapped/Canned Upto 2.5kg",,25.0,20.0,30.0,15.0,5.0,0.0,121.78
0806.10.90,08,0806,"Fresh Grapes, Nes",,25.0,20.0,30.0,15.0,5.0,0.0,121.78
0806.20.10,08,0806,"Dried Grapes,Wrapped/Canned Upto 2.5kg",,25.0,20.0,30.0,15.0,5.0,0.0,121.78
0806.20.90,08,0806,"Dried Grapes, Nes",,25.0,20.0,30.0,15.0,5.0,0.0,121.78
0807.11.10,08,0807,"Watermelons, Fresh, Wrapped/Canned Upto 2.5kg",,25.0,20.0,30.0,15.0,5.0,0.0,121.78
0807.11.90,08,0807,"Watermelons, Fresh, Nes",,25.0,20.0,30.0,15.0,5.0,0.0,121.78
0807.19.10,08,0807,"Melons, Fresh, (Excl. Watermelons),Wrapped/Canned Upto 2.5kg",,25.0,20.0,30.0,15.0,5.0,0.0,121.78
0807.19.90,08,0807,"Melons, Fresh, (Excl. Watermelons),Nes",,25.0,20.0,30.0,15.0,5.0,0.0,121.78
0807.20.10,08,0807,"Papaws (Papayas), Fresh, Wrapped/Canned Upto 2.5kg",,25.0,20.0,30.0,15.0,5.0,0.0,121.78
0807.20.90,08,0807,"Papaws (Papayas), Fresh, Nes",,25.0,20.0,30.0,15.0,5.0,0.0,121.78
0808.10.10,08,0808,"Apples, Fresh, Wrapped/Canned Upto 2.5kg",,25.0,20.0,30.0,15.0,5.0,0.0,121.78
0808.10.90,08,0808,"Apples, Fresh, Nes",,25.0,20.0,30.0,15.0,5.0,0.0,121.78
0808.30.10,08,0808,"Pears, Wrapped/canned upto 2.5 Kg",,25.0,20.0,30.0,15.0,5.0,0.0,121.78
0808.30.90,08,0808,"Pears, EXCL. Wrapped/canned upto 2.5 Kg",,25.0,20.0,30.0,15.0,5.0,0.0,121.78
0808.40.10,08,0808,"Quinces, Wrapped/canned upto 2.5 Kg",,25.0,5.0,0.0,15.0,5.0,0.0,54.5
0808.40.90,08,0808,"Quinces, EXCL. Wrapped/canned upto 2.5 Kg",,25.0,5.0,0.0,15.0,5.0,0.0,54.5
0809.10.10,08,0809,"Apricots, Fresh, Wrapped/Canned Upto 2.5kg",,25.0,20.0,30.0,15.0,5.0,0.0,121.78
0809.10.90,08,0809,"Apricots, Fresh, NES",,25.0,20.0,30.0,15.0,5.0,0.0,121.78
0809.21.10,08,0809,"Sour cherries (Prunus cerasus), Wrapped/canned upto 2.5 Kg",,25.0,20.0,30.0,15.0,5.0,0.0,121.78
0809.21.90,08,0809,"Sour cherries (Prunus cerasus), EXCL. Wrapped/canned upto 2.5 Kg",,25.0,20.0,30.0,15.0,5.0,0.0,121.78
0809.29.10,08,0809,"Cherries, Other than Sour cherries (Prunus cerasus), Wrapped/canned upto 2.5 Kg",,25.0,20.0,30.0,15.0,5.0,0.0,121.78
0809.29.90,08,0809,"Cherries, Other than Sour cherries (Prunus cerasus), EXCL. Wrapped/canned upto 2.5 Kg",,25.0,20.0,30.0,15.0,5.0,0.0,121.78
0809.30.10,08,0809,"Peaches, Including Nectarines, Fresh, Wrapped/Canne Upto 2.5kg",,25.0,20.0,30.0,15.0,5.0,0.0,121.78
0809.30.90,08,0809,"Peaches, Including Nectarines, Fresh,Nes",,25.0,20.0,30.0,15.0,5.0,0.0,121.78
0809.40.11,08,0809,Plums Wrapped/canned upto 2.5 kg,,25.0,5.0,0.0,15.0,5.0,0.0,54.5
0809.40.19,08,0809,Plums EXCL.Wrapped/canned upto 2.5 kg,,25.0,5.0,0.0,15.0,5.0,0.0,54.5
0809.40.91,08,0809,Sloes Wrapped/canned upto 2.5 kg,,25.0,5.0,0.0,15.0,5.0,0.0,54.5
0809.40.99,08,0809,Sloes EXCL.Wrapped/canned upto 2.5 kg,,25.0,5.0,0.0,15.0,5.0,0.0,54.5
0810.10.10,08,0810,"Strawberries, Fresh, Wrapped/Canne Upto 2.5kg",,25.0,20.0,30.0,15.0,5.0,0.0,121.78
0810.10.90,08,0810,"Strawberries, Fresh, NES",,25.0,20.0,30.0,15.0,5.0,0.0,121.78
0810.20.10,08,0810,"Raspberries,Blackberries,Mulberries & Loganberries,Fresh,Wrapped/Cann Upto 2.5kg",,25.0,20.0,30.0,15.0,5.0,0.0,121.78
0810.20.90,08,0810,"Raspberries,Blackberries,Mulberries & Loganberries,Fresh, Nes",,25.0,20.0,30.0,15.0,5.0,0.0,121.78
0810.30.10,08,0810,"Black, white or red currants and gooseberries Wrapped/canned upto 2.5 Kg",,25.0,20.0,30.0,15.0,5.0,0.0,121.78
0810.40.10,08,0810,"Cranberries, Bilberries.. Etc, Fresh,Wrapped/Canned Upto 2.5kg",,25.0,20.0,30.0,15.0,5.0,0.0,121.78
0810.40.90,08,0810,"Cranberries, Bilberries,...Etc. Fres,NES",,25.0,20.0,30.0,15.0,5.0,0.0,121.78
0810.50.10,08,0810,"Kiwifruits, Fresh,Wrapped/Canned Upto 2.5kg",,25.0,20.0,30.0,15.0,5.0,0.0,121.78
0810.50.90,08,0810,"Kiwifruit, Fresh, NES",,25.0,20.0,30.0,15.0,5.0,0.0,121.78
0810.60.10,08,0810,DURIANS WRAPPED/CANNED Upto 2.5kg,,25.0,20.0,30.0,15.0,5.0,0.0,121.78
0810.60.90,08,0810,"DURIANS , NES",,25.0,20.0,30.0,15.0,5.0,0.0,121.78
0810.70.10,08,0810,Persimmons wrapped/canned upto 2.5 Kg,,25.0,20.0,30.0,15.0,5.0,0.0,121.78
0810.70.90,08,0810,"Other persimmons, EXCL. Wrapped/canned upto 2.5 Kg",,25.0,20.0,30.0,15.0,5.0,0.0,121.78
0810.90.10,08,0810,"Other Fruit, Fresh, Nes,Wrapped/Canned Upto 2.5KG",,25.0,20.0,30.0,15.0,5.0,0.0,121.78
0810.90.90,08,0810,"Other Fruit, Fresh, Nes,(Excl. Wrapped/Canned Upto 2.5kg)",,25.0,20.0,30.0,15.0,5.0,0.0,121.78
0811.10.00,08,0811,"Fruit and nut, uncooked or cooked.... frozen ..sweetening matter, Strawberries",,25.0,20.0,0.0,15.0,5.0,7.5,82.63
0811.20.00,08,0811,"Raspberries, blackberries, mulberries, loganberries, b/w or red...gooseberries",,25.0,20.0,0.0,15.0,5.0,7.5,82.63
0811.90.00,08,0811,"Other fruit and nuts, frozen, nes",,25.0,20.0,0.0,15.0,5.0,7.5,82.63
0812.10.00,08,0812,"Cherries, Provisionally Preserved, Not For Immediate Consumption",,25.0,20.0,0.0,15.0,5.0,7.5,82.63
0812.90.00,08,0812,"Fruit And Nuts,Nes,Provisionally Preserved, Not For Immediate Consumption",,25.0,20.0,0.0,15.0,5.0,7.5,82.63
0813.10.10,08,0813,"Dried Apricots,Wrapped/Canned Upto 2.5KG",,25.0,20.0,0.0,15.0,5.0,7.5,82.63
0813.10.90,08,0813,"Dried Apricots, NES",,25.0,20.0,0.0,0.0,5.0,0.0,50.0
0813.20.10,08,0813,"Dried Prunes,Wrapped/Canned Upto 2.5KG",,25.0,20.0,0.0,15.0,5.0,7.5,82.63
0813.20.90,08,0813,"Dried Prunes,NES",,25.0,20.0,0.0,0.0,5.0,0.0,50.0
0813.30.10,08,0813,"Dried Apples, Wrapped/Canned Upto 2.5KG",,25.0,20.0,0.0,15.0,5.0,7.5,82.63
0813.30.90,08,0813,"Dried Apples, NES",,25.0,20.0,0.0,0.0,5.0,0.0,50.0
0813.40.10,08,0813,"Other Dried Fruit, Nes, Wrapped/Canned Upto 2.5KG",,25.0,20.0,0.0,15.0,5.0,7.5,82.63
0813.40.90,08,0813,"Other Dried Fruit, Nes, (Excl. Wrapped/Canned Upto 2.5KG)",,25.0,20.0,0.0,0.0,5.0,0.0,50.0
0813.50.11,08,0813,"Mix. Of Dried Fruit&Nuts,Having The Essen.Charac.Of Betnut,Wra./Can.Upto 2.5KG",,25.0,20.0,0.0,15.0,5.0,7.5,82.63
0813.50.19,08,0813,"Mix. Of Dried Fruit And Nuts,Having The Essential... ,NES",,25.0,20.0,0.0,0.0,5.0,0.0,50.0
0813.50.91,08,0813,"Mixtures Of Dried Fruit And Nuts, Nes, Wrapped/Canned Upto 2.5KG",,25.0,20.0,0.0,15.0,5.0,7.5,82.63
0813.50.99,08,0813,"Mixtures Of Dried Fruit And Nuts, Nes, (Excl. Wrapped/Canned Upto 2.5KG)",,25.0,20.0,0.0,0.0,5.0,0.0,50.0
0814.00.00,08,0814,"Peel Of Citrus Fruit Or Melons, Fresh,Frozen, Dried...Etc.",,25.0,20.0,0.0,15.0,5.0,7.5,82.63
0901.11.10,09,0901,"Coffee, Not Roasted Or Decaffeinated",,25.0,3.0,20.0,15.0,5.0,7.5,93.16
0901.11.90,09,0901,"Coffee, Not Roasted Or Decaffeinated",,25.0,3.0,0.0,15.0,5.0,7.5,61.8
0901.12.10,09,0901,"Decaffeinated coffee, not roasted,wrapped/cann upto 2.5 KG",,25.0,3.0,20.0,15.0,5.0,7.5,93.16
0901.12.90,09,0901,"Decaffeinated coffee, not roasted, Excl warpped/canned",,25.0,3.0,0.0,15.0,5.0,7.5,61.8
0901.21.10,09,0901,"Roasted coffee, not decaffeinated,wrapp/cann upto 2.5kg",,25.0,3.0,20.0,15.0,5.0,7.5,93.16
0901.21.90,09,0901,"Roasted coffee, not decaffeinated,Excl wrapped canned",,25.0,3.0,0.0,15.0,5.0,7.5,61.8
0901.22.10,09,0901,"Roasted, decaffeinated coffee Wrapped/canned upto 2.5 kg",,25.0,3.0,20.0,15.0,5.0,7.5,93.16
0901.22.90,09,0901,"Roasted, decaffeinated coffee excl. Wrapped/canned upto 2.5 kg",,25.0,3.0,0.0,15.0,5.0,7.5,61.8
0901.90.10,09,0901,"Coffee husks and skins,coffee substitutes containing coffee Wrapped/canned upto 2.5 k",,25.0,3.0,20.0,15.0,5.0,7.5,93.16
0901.90.90,09,0901,"Coffee husks and skins,coffee substi contain coffee excl. Wrapped/canned upto 2.5 k",,25.0,3.0,0.0,15.0,5.0,7.5,61.8
0902.10.00,09,0902,"Green Tea,Whether Or Not Flavoured, In Immediate Packings <=3 Kg",,25.0,3.0,20.0,15.0,5.0,7.5,93.16
0902.20.00,09,0902,"Green Tea,Whether Or Not Flavoured, Nes",,25.0,3.0,20.0,15.0,5.0,7.5,93.16
0902.30.00,09,0902,"Black Tea Fermented/Partly Fermented,Flavoured Or Not,In Packings Of <=3kg",,25.0,3.0,20.0,15.0,5.0,7.5,93.16
0902.40.00,09,0902,"Black Tea Fermented/Partly Fermented,Flavoured Or Not,In Packings Of >3kg",,25.0,3.0,20.0,15.0,5.0,7.5,93.16
0903.00.00,09,0903,Mate,,25.0,3.0,0.0,15.0,5.0,7.5,61.8
0904.11.10,09,0904,"Pepper,Neither Crushed Nor Ground, Wrapped/Canned upto 2.5 kg",,25.0,3.0,20.0,15.0,5.0,7.5,93.16
0904.11.90,09,0904,"Pepper, Neither Crushed Nor Ground, Nes",,25.0,3.0,20.0,0.0,5.0,0.0,58.6
0904.12.00,09,0904,"Pepper, Crushed Or Ground",,25.0,3.0,20.0,15.0,5.0,7.5,93.16
0904.22.10,09,0904,"Fruits of the genus Capsicum ...,: crushed or ground, Wrapped/canned upto 2.5 Kg",,25.0,3.0,0.0,15.0,5.0,7.5,61.8
0904.22.90,09,0904,"Fruits of the genus Capsicum...,: crushed or ground, EXCL. Wrapped/canned upto 2.5 Kg",,25.0,3.0,0.0,0.0,5.0,0.0,33.0
0905.10.10,09,0905,"Vanilla, Neither crushed or ground, Wrapped/canned upto 2.5 Kg",,15.0,3.0,0.0,15.0,5.0,7.5,49.55
0905.10.90,09,0905,"Vanilla, Neither crushed or ground, EXCL. Wrapped/canned upto 2.5 Kg",,15.0,3.0,0.0,0.0,5.0,0.0,23.0
0905.20.10,09,0905,"Vanilla, crushed or ground, Wrapped/canned upto 2.5 Kg",,25.0,3.0,0.0,15.0,5.0,7.5,61.8
0905.20.90,09,0905,"Vanilla, crushed or ground, EXCL. Wrapped/canned upto 2.5 Kg",,25.0,3.0,0.0,0.0,5.0,0.0,33.0
0906.11.10,09,0906,"Neither crushed nor ground:Cinnamon (Cinnamomum zeylanicum Blume), Wr./Can.upt",,25.0,3.0,20.0,15.0,5.0,7.5,93.16
0906.11.90,09,0906,"Neither crushed nor ground:Cinnamon (Cinnamo. Zeylan. Blume), Excl. Wr./Can.up",,25.0,3.0,20.0,0.0,5.0,0.0,58.6
0906.19.10,09,0906,"Cinnamon and cinnamon-tree flowers., NES Wrapped/canned upto 2.5 kg",,25.0,0.0,20.0,15.0,5.0,7.5,88.75
0906.19.90,09,0906,"Cinnamon and cinnamon-tree flowers., NES Excl. Wrapped/canned upto 2.5 kg",,25.0,0.0,20.0,0.0,5.0,0.0,55.0
0906.20.00,09,0906,"Cinnamon And Cinnamon-Tree Flowers, Crushed Or Ground",,25.0,3.0,20.0,15.0,5.0,7.5,93.16
0907.10.10,09,0907,"Cloves (whole fruit, cloves and stems), Neither Crushed or ground, Wrapped/canned upto2",,25.0,3.0,20.0,15.0,5.0,7.5,93.16
0907.20.10,09,0907,"Cloves (whole fruit, cloves and stems), Crushed or ground, Wrapped/canned upto 2.5 Kg",,25.0,3.0,20.0,15.0,5.0,7.5,93.16
0908.11.10,09,0908,"Nutmeg :Neither Crushed or ground, Wrapped/canned upto 2.5 Kg",,25.0,3.0,0.0,15.0,5.0,7.5,61.8
0908.11.90,09,0908,"Nutmeg :Neither Crushed or ground, EXCL. Wrapped/canned upto 2.5 Kg",,25.0,3.0,0.0,0.0,5.0,0.0,33.0
0908.12.10,09,0908,"Nutmeg : Crushed or ground, Wrapped/canned upto 2.5 Kg",,25.0,3.0,0.0,15.0,5.0,7.5,61.8
0908.12.90,09,0908,"Nutmeg : Crushed or ground, EXCL. Wrapped/canned upto 2.5 Kg",,25.0,3.0,0.0,0.0,5.0,0.0,33.0
0908.21.10,09,0908,"Mace : Neither Crushed or ground, Wrapped/canned upto 2.5 Kg",,25.0,3.0,0.0,15.0,5.0,7.5,61.8
0908.21.90,09,0908,"Mace : Neither Crushed or ground, EXCL. Wrapped/canned upto 2.5 Kg",,25.0,3.0,0.0,0.0,5.0,0.0,33.0
0908.22.10,09,0908,"Mace : Crushed or ground, Wrapped/canned upto 2.5 Kg",,25.0,3.0,0.0,15.0,5.0,7.5,61.8
0908.22.90,09,0908,"Mace : Crushed or ground, EXCL. Wrapped/canned upto 2.5 Kg",,25.0,3.0,0.0,0.0,5.0,0.0,33.0
0908.31.10,09,0908,Cardamoms :Neither Crushed or ground. Wrapped/canned upto 2.5 Kg,,25.0,3.0,20.0,15.0,5.0,7.5,93.16
0908.31.90,09,0908,Cardamoms :Neither Crushed or ground. EXCL. Wrapped/canned upto 2.5 Kg,,25.0,3.0,20.0,0.0,5.0,0.0,58.6
0908.32.10,09,0908,Cardamoms : Crushed or ground. Wrapped/canned upto 2.5 Kg,,25.0,3.0,20.0,15.0,5.0,7.5,93.16
0908.32.90,09,0908,Cardamoms : Crushed or ground. EXCL. Wrapped/canned upto 2.5 Kg,,25.0,3.0,20.0,0.0,5.0,0.0,58.6
0909.21.10,09,0909,Seeds of coriander : Neither crushed or ground Wrapped/canned upto 2.5 Kg,,25.0,3.0,0.0,15.0,5.0,7.5,61.8
0909.21.90,09,0909,Seeds of coriander : Neither crushed or ground EXCL. Wrapped/canned upto 2.5 Kg,,25.0,3.0,0.0,0.0,5.0,0.0,33.0
0909.22.10,09,0909,Seeds of coriander : Crushed or ground Wrapped/canned upto 2.5 Kg,,25.0,3.0,0.0,15.0,5.0,7.5,61.8
0909.22.90,09,0909,Seeds of coriander : Crushed or ground EXCL. Wrapped/canned upto 2.5 Kg,,25.0,3.0,0.0,0.0,5.0,0.0,33.0
0909.31.10,09,0909,Seeds of Cumin : Neither crushed or ground Wrapped/canned upto 2.5 Kg,,25.0,3.0,20.0,15.0,5.0,7.5,93.16
0909.31.90,09,0909,Seeds of Cumin : Neither crushed or ground EXCL. Wrapped/canned upto 2.5 Kg,,25.0,3.0,20.0,0.0,5.0,0.0,58.6
0909.32.10,09,0909,Seeds of Cumin : Crushed or ground Wrapped/canned upto 2.5 Kg,,25.0,3.0,20.0,15.0,5.0,7.5,93.16
0909.32.90,09,0909,Seeds of Cumin : Crushed or ground EXCL. Wrapped/canned upto 2.5 Kg,,25.0,3.0,20.0,0.0,5.0,0.0,58.6
0909.61.10,09,0909,"Seeds of anise, badian, caraway or fennel; juniper berries : Neither crushed or ground W",,25.0,3.0,0.0,15.0,5.0,7.5,61.8
0909.61.90,09,0909,"Seeds of anise, badian, caraway...; juniper berries : Neither crushed or ground EXCL. Wr",,25.0,3.0,0.0,0.0,5.0,0.0,33.0
0909.62.10,09,0909,"Seeds of anise, badian, caraway or fennel; juniper berries : Crushed or ground Wr./can u",,25.0,3.0,0.0,15.0,5.0,7.5,61.8
0909.62.90,09,0909,"Seeds of anise, badian, caraway...; juniper berries : Crushed or ground EXCL. Wr./can up",,25.0,3.0,0.0,0.0,5.0,0.0,33.0
0910.11.10,09,0910,Ginger : Neither Crushed or ground Wrapped/canned upto 2.5 Kg,,10.0,0.0,0.0,15.0,5.0,7.5,39.75
0910.11.90,09,0910,Ginger : Neither Crushed or ground EXCL. Wrapped/canned upto 2.5 Kg,,5.0,0.0,0.0,0.0,5.0,0.0,10.0
0910.12.10,09,0910,Ginger : Crushed or ground Wrapped/canned upto 2.5 Kg,,25.0,3.0,0.0,15.0,5.0,7.5,61.8
0910.12.90,09,0910,Ginger : Crushed or ground EXCL. Wrapped/canned upto 2.5 Kg,,25.0,3.0,0.0,0.0,5.0,0.0,33.0
0910.20.10,09,0910,"Saffron, Wrapped/Canned upto 2.5 kg",,25.0,3.0,0.0,15.0,5.0,7.5,61.8
0910.20.90,09,0910,"Saffron, Nes",,25.0,3.0,0.0,0.0,5.0,0.0,33.0
0910.30.10,09,0910,"Turmeric(Curcuma), Wrapped/Canned upto 2.5 kg",,10.0,0.0,0.0,15.0,5.0,7.5,39.75
0910.30.90,09,0910,"Turmeric(Curcuma), Nes",,5.0,0.0,0.0,0.0,5.0,0.0,10.0
0910.91.10,09,0910,MIXTURES REFFERED TO IN NOTE 1(B) TO THIS CHAP WRAP/CAN UPTO 2.5 KG,,25.0,3.0,0.0,15.0,5.0,7.5,61.8
0910.91.90,09,0910,Other,,25.0,3.0,0.0,15.0,5.0,7.5,61.8
0910.99.10,09,0910,"Other Spices, Nes, Wrapped/Canned upto 2.5 kg",,25.0,3.0,0.0,15.0,5.0,7.5,61.8
0910.99.90,09,0910,"Other Spices, Nes, (Excl. Wrapped/Canned upto 2.5 kg)",,25.0,3.0,0.0,0.0,5.0,0.0,33.0
1001.11.10,10,1001,"Durum wheat Seed, Wrapped/canned upto 2.5 Kg",,5.0,0.0,0.0,0.0,2.0,7.5,14.88
1001.11.90,10,1001,"Durum wheat Seed, EXCL. Wrapped/canned upto 2.5 Kg",,0.0,0.0,0.0,0.0,2.0,0.0,2.0
1001.19.10,10,1001,"Durum wheat, Other than Seed, Wrapped/canned upto 2.5 Kg",,5.0,0.0,0.0,15.0,2.0,7.5,30.63
1001.19.90,10,1001,"Durum wheat, Other than Seed, EXCL. Wrapped/canned upto 2.5 Kg",,0.0,0.0,0.0,0.0,2.0,0.0,2.0
1001.91.10,10,1001,"Other Seed, Wrapped/canned upto 2.5 Kg",,5.0,0.0,0.0,0.0,5.0,7.5,17.88
1001.91.90,10,1001,"Other Seed, EXCL, Wrapped/canned upto 2.5 Kg",,0.0,0.0,0.0,0.0,2.0,0.0,2.0
1001.99.10,10,1001,"Other Seed, NES, Wrapped/canned upto 2.5 Kg",,5.0,0.0,0.0,15.0,5.0,7.5,33.63
1001.99.90,10,1001,"Other Seed, NES, EXCL, Wrapped/canned upto 2.5 Kg",,0.0,0.0,0.0,0.0,2.0,0.0,2.0
1002.10.10,10,1002,"Rye Seed, Wrapped/canned upto 2.5 Kg",,0.0,0.0,0.0,0.0,5.0,0.0,5.0
1002.10.90,10,1002,"Rye Seed, EXCL. Wrapped/canned upto 2.5 Kg",,0.0,0.0,0.0,0.0,5.0,0.0,5.0
1002.90.10,10,1002,"Rye other than Seed, NES, Wrapped/canned upto 2.5 Kg",,0.0,0.0,0.0,15.0,5.0,7.5,27.5
1002.90.90,10,1002,"Rye other than, NES, EXCL. Wrapped/canned upto 2.5 Kg",,0.0,0.0,0.0,0.0,5.0,0.0,5.0
1003.10.10,10,1003,Barley Seed Wrapped/canned upto 2.5 Kg,,0.0,0.0,0.0,0.0,5.0,0.0,5.0
1003.10.90,10,1003,Barley Seed EXCL. Wrapped/canned upto 2.5 Kg,,0.0,0.0,0.0,0.0,5.0,0.0,5.0
1003.90.10,10,1003,Barley other than Seed Wrapped/canned upto 2.5 Kg,,0.0,0.0,0.0,15.0,5.0,7.5,27.5
1003.90.90,10,1003,Barley other than Seed EXCL. Wrapped/canned upto 2.5 Kg,,0.0,0.0,0.0,0.0,5.0,0.0,5.0
1004.10.10,10,1004,"Oats Seed, Wrapped/canned upto 2.5 Kg",,0.0,0.0,0.0,0.0,5.0,0.0,5.0
1004.10.90,10,1004,"Oats Seed, EXCL. Wrapped/canned upto 2.5 Kg",,0.0,0.0,0.0,0.0,5.0,0.0,5.0
1004.90.10,10,1004,"Oats other than Seed, Wrapped/canned upto 2.5 Kg",,0.0,0.0,0.0,15.0,5.0,7.5,27.5
1004.90.90,10,1004,"Oats other than Seed, EXCL. Wrapped/canned upto 2.5 Kg",,0.0,0.0,0.0,0.0,5.0,0.0,5.0
1005.10.10,10,1005,"Maize Seed, wrapped/canned upto 2.5 kg",,0.0,0.0,0.0,0.0,2.0,0.0,2.0
1005.10.90,10,1005,"Maize Seed, Excl. wrapped/canned upto 2.5 kg",,0.0,0.0,0.0,0.0,2.0,0.0,2.0
1005.90.10,10,1005,"Other Maize, wrapped/canned upto 2.5 kg",,0.0,0.0,0.0,0.0,5.0,0.0,5.0
1005.90.90,10,1005,"Other Maize, Excluding wrapped/canned upto 2.5 kg",,0.0,0.0,0.0,0.0,2.0,0.0,2.0
1006.10.10,10,1006,Rice in the husk (paddy or rough) wrapped/canned upto 2.5 kg,,0.0,0.0,0.0,0.0,5.0,0.0,5.0
1006.10.90,10,1006,Rice in the husk (paddy or rough) Excl. wrapped/canned upto 2.5 kg,,0.0,0.0,0.0,0.0,5.0,0.0,5.0
1006.20.00,10,1006,Husked (Brown) Rice,,25.0,25.0,0.0,0.0,5.0,7.5,66.25
1006.30.11,10,1006,Semi-Milled Or Wholly Milled Rice,,25.0,25.0,0.0,15.0,5.0,7.5,88.75
1006.30.19,10,1006,Semi-Milled Or Wholly Milled Rice,,25.0,25.0,0.0,15.0,5.0,7.5,88.75
1006.30.91,10,1006,Semi-Milled Or Wholly Milled Rice,,25.0,25.0,0.0,15.0,5.0,7.5,88.75
1006.30.99,10,1006,Semi-Milled Or Wholly Milled Rice,,25.0,25.0,0.0,0.0,2.0,7.5,63.25
1006.40.00,10,1006,Broken Rice,,25.0,25.0,0.0,0.0,5.0,7.5,66.25
1007.10.10,10,1007,"Grain sorghum Seed, Wrapped/canned upto 2.5 Kg",,0.0,0.0,0.0,0.0,5.0,0.0,5.0
1007.10.90,10,1007,"Grain sorghum Seed, EXCL. Wrapped/canned upto 2.5 Kg",,0.0,0.0,0.0,0.0,5.0,0.0,5.0
1007.90.10,10,1007,"Grain sorghum other than Seed, Wrapped/canned upto 2.5 Kg",,5.0,0.0,0.0,15.0,5.0,7.5,33.63
1007.90.90,10,1007,"Grain sorghum other than Seed, EXCL. Wrapped/canned upto 2.5 Kg",,5.0,0.0,0.0,0.0,5.0,0.0,10.0
1008.10.10,10,1008,"Buckwheat, Wrapped/Canned upto 2.5 kg",,10.0,0.0,0.0,15.0,5.0,7.5,39.75
1008.10.90,10,1008,"Buckwheat, Nes",,10.0,0.0,0.0,0.0,5.0,0.0,15.0
1008.21.10,10,1008,"Millet Seed, Wrapped/canned upto 2.5 Kg",,10.0,0.0,0.0,0.0,5.0,7.5,23.25
1008.21.90,10,1008,"Millet Seed, EXCL. Wrapped/canned upto 2.5 Kg",,10.0,0.0,0.0,0.0,5.0,0.0,15.0
1008.29.10,10,1008,"Millet other than Seed, Wrapped/canned upto 2.5 Kg",,10.0,0.0,0.0,15.0,5.0,7.5,39.75
1008.29.90,10,1008,"Millet other than Seed, EXCL. Wrapped/canned upto 2.5 Kg",,10.0,0.0,0.0,0.0,5.0,0.0,15.0
1008.30.10,10,1008,"Canary Seed, Wrapped/Canned upto 2.5 kg",,10.0,0.0,0.0,15.0,5.0,7.5,39.75
1008.30.90,10,1008,"Canary Seeds,excl. wrapped/canned",,10.0,0.0,0.0,0.0,5.0,0.0,15.0
1008.40.10,10,1008,Fonio (Digitaria spp) Wrapped/canned upto 2.5 Kg,,10.0,0.0,0.0,15.0,5.0,7.5,39.75
1008.40.90,10,1008,"Other Fonio (Digitaria spp), EXCL. Wrapped/canned upto 2.5 Kg",,10.0,0.0,0.0,0.0,5.0,0.0,15.0
1008.50.10,10,1008,Quinoa (Chenopodium quinoa) Wrapped/canned upto 2.5 Kg,,10.0,0.0,0.0,15.0,5.0,7.5,39.75
1008.50.90,10,1008,"Other quinoa (Chenopodium quinoa), EXCL. Wrapped/canned upto 2.5 Kg",,10.0,0.0,0.0,0.0,5.0,0.0,15.0
1008.60.10,10,1008,Triticale wrapped/canned upto 2.5 Kg,,10.0,0.0,0.0,15.0,5.0,7.5,39.75
1008.60.90,10,1008,"Other Triticale, EXCL. Wrapped/canned upto 2.5 Kg",,10.0,0.0,0.0,0.0,5.0,0.0,15.0
1008.90.10,10,1008,"Other Cereal, Wrapped/Canned upto 2.5 kg",,10.0,0.0,0.0,15.0,5.0,7.5,39.75
1008.90.90,10,1008,"Other Cereal, Nes",,10.0,0.0,0.0,0.0,5.0,0.0,15.0
1101.00.10,11,1101,"Wheat Or Meslin Flour, wrapped/canned upto 2.5 kg",,10.0,0.0,0.0,0.0,5.0,7.5,23.25
1101.00.90,11,1101,"Wheat Or Meslin Flour, Excl. wrapped/canned upto 2.5 kg",,10.0,0.0,0.0,0.0,5.0,7.5,23.25
1102.20.00,11,1102,Maize (Corn) Flour,,15.0,10.0,0.0,15.0,5.0,7.5,58.13
1102.90.00,11,1102,"Other Flour Than Of Rye,Maize & Rice Flour",,15.0,10.0,0.0,15.0,5.0,7.5,58.13
1103.11.00,11,1103,Groats And Meal Of Wheat,,5.0,0.0,0.0,15.0,5.0,7.5,33.63
1103.13.00,11,1103,Groats And Meal Of Maize (Corn),,5.0,0.0,0.0,15.0,5.0,7.5,33.63
1103.19.00,11,1103,"Groats And Meal Of Other Cereals, Nes",,5.0,0.0,0.0,15.0,5.0,7.5,33.63
1103.20.00,11,1103,PELLETS,,5.0,0.0,0.0,15.0,5.0,7.5,33.63
1104.12.10,11,1104,Rolled or flaked grains of oats (Wrapped/canned upto 2.5 kg.),,25.0,3.0,0.0,15.0,5.0,7.5,61.8
1104.12.90,11,1104,Rolled or flaked grains of oats in bulk,,5.0,0.0,0.0,15.0,5.0,7.5,33.63
1104.19.10,11,1104,"Rolled or flaked grains of other cereals, nes Wrapped/canned upto 2.5 kg.",,25.0,3.0,0.0,15.0,5.0,7.5,61.8
1104.19.90,11,1104,"Rolled or flaked grains of other cereals, nes excl. Wrapped/canned upto 2.5 kg.",,5.0,0.0,0.0,15.0,5.0,7.5,33.63
1104.22.10,11,1104,"Other worked grains of oats, nes Wrapped/canned upto 2.5 kg.",,25.0,3.0,0.0,15.0,5.0,7.5,61.8
1104.22.90,11,1104,"Other worked grains of oats, nes excl. Wrapped/canned upto 2.5 kg.",,5.0,0.0,0.0,15.0,5.0,7.5,33.63
1104.23.10,11,1104,"Other worked grains of maize (corn), nes Wrapped/canned upto 2.5 kg.",,25.0,3.0,0.0,15.0,5.0,7.5,61.8
1104.23.90,11,1104,"Other worked grains of maize (corn), nes excl. Wrapped/canned upto 2.5 kg.",,5.0,0.0,0.0,15.0,5.0,7.5,33.63
1104.29.10,11,1104,"Other worked grains of other cereals, nes Wrapped/canned upto 2.5 k",,25.0,3.0,0.0,15.0,5.0,7.5,61.8
1104.29.90,11,1104,"Other worked grains of other cereals, nes excl. Wrapped/canned upto 2.5 k",,5.0,0.0,0.0,15.0,5.0,7.5,33.63
1104.30.10,11,1104,"Cereal germ, whole, rolled, flaked or ground Wrapped/canned upto 2.5 kg.",,25.0,3.0,0.0,15.0,5.0,7.5,61.8
1104.30.90,11,1104,"Cereal germ, whole, rolled, flaked or ground excl. Wrapped/canned upto 2.5 kg.",,5.0,0.0,0.0,15.0,5.0,7.5,33.63
1105.10.00,11,1105,"Potato Flour, Meal And Powder.",,25.0,3.0,0.0,15.0,5.0,7.5,61.8
1105.20.00,11,1105,"Potato Flakes, Granules And Pellets",,25.0,3.0,0.0,15.0,5.0,7.5,61.8
1106.10.00,11,1106,"Flour,Meal & Powder Of The Dried Leguminous Vegetables Of Heading No0 0173",,25.0,3.0,0.0,15.0,5.0,7.5,61.8
1106.20.00,11,1106,"Flour, Meal And Powder Of Sago Or Of Roots Or Tubers Of 0714",,25.0,3.0,0.0,15.0,5.0,7.5,61.8
1106.30.00,11,1106,"Flour, Meal And Powder Of Products Of Chapter 8",,25.0,3.0,0.0,15.0,5.0,7.5,61.8
1107.10.00,11,1107,Malt Not Roasted,,25.0,3.0,0.0,15.0,5.0,7.5,61.8
1107.20.00,11,1107,Roasted Malt,,25.0,3.0,0.0,15.0,5.0,7.5,61.8
1108.11.00,11,1108,Wheat Starch,,15.0,10.0,0.0,15.0,5.0,7.5,58.13
1108.12.00,11,1108,Maize (Corn) Starch,,15.0,20.0,0.0,15.0,5.0,7.5,70.38
1108.13.00,11,1108,Potato Starch,,15.0,10.0,0.0,15.0,5.0,7.5,58.13
1108.14.00,11,1108,Manioc (Cassava) Starch,,15.0,20.0,0.0,15.0,5.0,7.5,70.38
1108.19.00,11,1108,"Other Starches, Nes",,15.0,10.0,0.0,15.0,5.0,7.5,58.13
1108.20.00,11,1108,Inulin,,10.0,0.0,0.0,15.0,5.0,7.5,39.75
1109.00.00,11,1109,"Wheat Gluten, Wheather Or Not Dried",,15.0,3.0,0.0,15.0,5.0,7.5,49.55
1201.10.10,12,1201,"Soya beans, whether or not broken Seed, Wrapped/canned upto 2.5 Kg",,0.0,0.0,0.0,15.0,5.0,7.5,27.5
1201.10.90,12,1201,"Soya beans, whether or not broken Seed, EXCL. Wrapped/canned upto 2.5 Kg",,0.0,0.0,0.0,0.0,2.0,0.0,2.0
1201.90.10,12,1201,"Soya beans, whether or not broken other than Seed, Wrapped/canned upto 2.5 Kg",,0.0,0.0,0.0,15.0,5.0,7.5,27.5
1201.90.90,12,1201,"Soya beans, whether or not broken other than Seed, EXCL. Wrapped/canned upto 2.5 Kg",,0.0,0.0,0.0,0.0,2.0,0.0,2.0
1202.30.10,12,1202,"Ground-nuts, Seed Wrapped/canned upto 2.5 Kg",,10.0,0.0,0.0,15.0,5.0,7.5,39.75
1202.30.90,12,1202,"Ground-nuts, Seed EXCL. Wrapped/canned upto 2.5 Kg",,10.0,0.0,0.0,0.0,5.0,0.0,15.0
1202.42.10,12,1202,"Other Ground-nuts, Shelled whether or not broken Wrapped/canned upto 2.5 Kg",,10.0,0.0,0.0,15.0,5.0,7.5,39.75
1202.42.90,12,1202,"Other Ground-nuts, Shelled whether or not broken EXCL. Wrapped/canned upto 2.5 Kg",,10.0,0.0,0.0,0.0,5.0,0.0,15.0
1203.00.00,12,1203,Copra,,5.0,0.0,0.0,15.0,5.0,7.5,33.63
1204.00.10,12,1204,"Linseed Whether Or Not Broken, Wrapped/Canned upto 2.5 kg",,0.0,0.0,0.0,15.0,5.0,7.5,27.5
1204.00.90,12,1204,"Linseed Whether Or Not Broken, Nes",,0.0,0.0,0.0,0.0,2.0,0.0,2.0
1205.10.10,12,1205,"LOW ERUCIC ACID RAPE OR COLZA SEEDS, WRAPPED/CANNED upto 2.5 kg",,0.0,0.0,0.0,15.0,5.0,7.5,27.5
1205.10.90,12,1205,"LOW ERUCIC ACID RAPE OR COLZA SEEDS, Nes",,0.0,0.0,0.0,0.0,2.0,0.0,2.0
1205.90.10,12,1205,"OTHER THAN LOW ERUCIC ACID RAPE OR COLZA SEEDS, WRAPPED/CANNED upto 2.5 kg",,0.0,0.0,0.0,15.0,5.0,7.5,27.5
1205.90.90,12,1205,"OTHER THAN LOW ERUCIC ACID RAPE OR COLZA SEEDS, Nes",,0.0,0.0,0.0,0.0,5.0,0.0,5.0
1206.00.10,12,1206,"Sunflower Seeds, Whether Or Not Broken, Wrapped/Canned upto 2.5 kg",,0.0,0.0,0.0,15.0,5.0,7.5,27.5
1206.00.90,12,1206,"Sunflower Seeds, Whether Or Not Broken, Nes",,0.0,0.0,0.0,0.0,2.0,0.0,2.0
1207.10.10,12,1207,Palm nuts and kernels Wrapped/canned upto 2.5 Kg,,0.0,0.0,0.0,15.0,5.0,7.5,27.5
1207.10.90,12,1207,"Other Palm nuts and kernels, EXCL. Wrapped/canned upto 2.5 Kg",,0.0,0.0,0.0,0.0,5.0,0.0,5.0
1207.21.10,12,1207,Cotton Seeds Wrapped/canned upto 2.5 Kg,,0.0,0.0,0.0,15.0,5.0,7.5,27.5
1207.21.90,12,1207,Cotton Seeds EXCL. Wrapped/canned upto 2.5 Kg,,0.0,0.0,0.0,0.0,5.0,0.0,5.0
1207.29.10,12,1207,Cotton other than Seeds Wrapped/canned upto 2.5 Kg,,0.0,0.0,0.0,15.0,5.0,7.5,27.5
1207.29.90,12,1207,Cotton other than Seeds EXCL. Wrapped/canned upto 2.5 Kg,,0.0,0.0,0.0,0.0,5.0,0.0,5.0
1207.30.10,12,1207,Castor oil seeds Wrapped/canned upto 2.5 Kg,,0.0,0.0,0.0,15.0,5.0,7.5,27.5
1207.30.90,12,1207,"Other Castor oil seeds, EXCL. Wrapped/canned upto 2.5 Kg",,0.0,0.0,0.0,0.0,5.0,0.0,5.0
1207.40.10,12,1207,"Sesamum Seeds, Wrapped/Canned upto 2.5 kg",,0.0,0.0,0.0,15.0,5.0,7.5,27.5
1207.40.90,12,1207,"Sesamum Seeds, Nes",,0.0,0.0,0.0,0.0,2.0,0.0,2.0
1207.50.10,12,1207,"Mustard Seeds, Wrapped/Canned upto 2.5 kg",,0.0,0.0,0.0,15.0,5.0,7.5,27.5
1207.50.90,12,1207,"Mustared Seeds, Nes",,0.0,0.0,0.0,0.0,2.0,0.0,2.0
1207.60.10,12,1207,Safflower (Carthamus tinctorius) seeds Wrapped/canned upto 2.5 Kg,,0.0,0.0,0.0,15.0,5.0,7.5,27.5
1207.60.90,12,1207,"Other Safflower (Carthamus tinctorius) seeds, EXCL. Wrapped/canned upto 2.5 Kg",,0.0,0.0,0.0,0.0,5.0,0.0,5.0
1207.70.10,12,1207,Melon seeds Wrapped/canned upto 2.5 Kg,,0.0,0.0,0.0,0.0,5.0,7.5,12.5
1207.70.90,12,1207,"Other Melon seeds, EXCL. Wrapped/canned upto 2.5 Kg",,0.0,0.0,0.0,0.0,5.0,0.0,5.0
1207.91.10,12,1207,"Poppy Seeds, Wrapped/Canned upto 2.5 kg",,25.0,3.0,0.0,15.0,5.0,7.5,61.8
1207.91.90,12,1207,"Poppy Seeds, Nes",,25.0,3.0,0.0,0.0,5.0,0.0,33.0
1207.99.10,12,1207,"Other Oil Seeds And Oleaginous Fruits, Nes, Wrapped/Canned upto 2.5 kg",,25.0,3.0,0.0,15.0,5.0,7.5,61.8
1207.99.90,12,1207,"Other Oil Seeds And Oleaginous Fruits, Nes, (Excl. Wrapped/Canned upto 2.5 kg)",,25.0,3.0,0.0,0.0,5.0,0.0,33.0
1208.10.00,12,1208,Soya Bean Flours And Meals,,0.0,5.0,0.0,0.0,5.0,7.5,17.88
1208.90.00,12,1208,"Other Flours And Meal Of Oil Seeds Or Oleaginous Fruits, Nes",,10.0,0.0,0.0,15.0,5.0,7.5,39.75
1209.10.00,12,1209,SUGAR BEET SEED,,0.0,0.0,0.0,0.0,2.0,0.0,2.0
1209.21.00,12,1209,"Lucerne (Alfalfa) Seed, Of A Kind Used For Sowing",,0.0,0.0,0.0,0.0,2.0,0.0,2.0
1209.22.00,12,1209,"Clover(Trifolium spp.) Seeds, Of A Kind Used For Sowing",,0.0,0.0,0.0,0.0,5.0,0.0,5.0
1209.23.00,12,1209,"Fescue Seed, Of A Kind Used For Sowing",,0.0,0.0,0.0,0.0,2.0,0.0,2.0
1209.24.00,12,1209,"Kentucky Blue Grass(poa pratensis L.) Seed, Of A Kind Used For Sowing",,0.0,0.0,0.0,0.0,2.0,0.0,2.0
1209.25.00,12,1209,"Rye Grass(Lolium multiflorum lam., Lolium perenne L.) Seed, Of A Kind Used For Sowing",,0.0,0.0,0.0,0.0,2.0,0.0,2.0
1209.29.00,12,1209,"Other Seeds Of Forage Plants, Of A Kind Used For Sowing, Nes",,0.0,0.0,0.0,0.0,2.0,0.0,2.0
1209.30.00,12,1209,Seeds Of Herbaceous Plants Cultivated Principally For Their Flowers,,0.0,0.0,0.0,0.0,2.0,0.0,2.0
1209.91.00,12,1209,Vegetable Seeds Of A Kind Used For Sowing,,0.0,0.0,0.0,0.0,2.0,0.0,2.0
1209.99.10,12,1209,Tobacco Seeds,,25.0,3.0,0.0,15.0,5.0,7.5,61.8
1209.99.90,12,1209,Other than Tobacco Seeds,,0.0,0.0,0.0,0.0,2.0,0.0,2.0
1210.10.90,12,1210,"Hop Cones(Not Ground,Powdered Or Pellets) Fresh Or Dried, Nes",,10.0,0.0,0.0,0.0,5.0,0.0,15.0
1210.20.00,12,1210,"Hop Cones, Ground, Powdered Or In Pellets; Lupulin",,10.0,0.0,0.0,15.0,5.0,7.5,39.75
1211.20.10,12,1211,"Ginseng Roots,Of Fresh Or Dried, Wrapped/Canned upto 2.5 kg",,10.0,0.0,0.0,15.0,5.0,7.5,39.75
1211.20.90,12,1211,"Ginseng Roots,Of Fresh Or Dried, Nes",,10.0,0.0,0.0,0.0,5.0,0.0,15.0
1211.30.10,12,1211,"COCO LEAF, WRAPPED/CANNED upto 2.5 kg",,10.0,0.0,0.0,15.0,5.0,7.5,39.75
1211.30.90,12,1211,"COCO LEAF, Nes",,10.0,0.0,0.0,0.0,5.0,0.0,15.0
1211.40.10,12,1211,"POPPY STRAW, WRAPPED/CANNED upto 2.5 kg",,10.0,0.0,0.0,15.0,5.0,7.5,39.75
1211.40.90,12,1211,"POPPY STRAW, Nes",,10.0,0.0,0.0,0.0,5.0,0.0,15.0
1211.50.10,12,1211,Ephedra,,10.0,0.0,0.0,15.0,5.0,7.5,39.75
1211.50.90,12,1211,Ephedra,,10.0,0.0,0.0,15.0,5.0,7.5,39.75
1211.60.10,12,1211,Bark of African cherry (Prunus africana),,10.0,0.0,0.0,15.0,5.0,7.5,39.75
1211.60.90,12,1211,Bark of African cherry (Prunus africana),,10.0,0.0,0.0,15.0,5.0,7.5,39.75
1211.90.11,12,1211,"Plants Or Parts, Used In Perfume...,Nes, Wrapped/Canned upto 2.5 kg",,10.0,0.0,0.0,15.0,5.0,7.5,39.75
1211.90.19,12,1211,"Plants Or Parts,Used In Perfumery, Nes, (Excl. Wrapped/Canned upto 2.5 kg)",,10.0,0.0,0.0,0.0,5.0,0.0,15.0
1211.90.21,12,1211,"Plants Or Parts, Used In Pharmacy, Nes, Wrapped/Canned upto 2.5 kg",,10.0,0.0,0.0,15.0,5.0,7.5,39.75
1211.90.29,12,1211,"Plants Or Parts, Used In Pharmacy, Nes, (Excl. Wrapped/Canned upto 2.5 kg)",,10.0,0.0,0.0,0.0,5.0,0.0,15.0
1211.90.91,12,1211,"Plants Or Parts, Used In Insecticide..., Similar Purpose,Nes, Wrap./Cann upto 2.5 kg",,10.0,0.0,0.0,15.0,5.0,7.5,39.75
1211.90.99,12,1211,"Plants Or Parts, Used In Insecticide..., Similar Purpose,Nes, Wrap./Cann upto 2.5 kg",,10.0,0.0,0.0,0.0,5.0,0.0,15.0
1212.21.11,12,1212,Seaweeds and other algae: Fit for human consumption Wrapped/canned upto 2.5 Kg,,10.0,0.0,0.0,15.0,5.0,7.5,39.75
1212.91.10,12,1212,"Sugar Beet, Fresh, Dried, Chilled Or Frozen, Wrapped/Canned upto 2.5 kg",,10.0,0.0,0.0,15.0,5.0,7.5,39.75
1212.91.90,12,1212,"Sugar Beet, Fresh, Dried, Chilled Or Frozen, Nes",,10.0,0.0,0.0,0.0,5.0,0.0,15.0
1212.92.10,12,1212,Locust beans (carob)Wrapped/canned upto 2.5 Kg,,10.0,0.0,0.0,15.0,5.0,7.5,39.75
1212.92.90,12,1212,"Other Locust beans (carob), EXCL. Wrapped/canned upto 2.5 Kg",,10.0,0.0,0.0,0.0,5.0,0.0,15.0
1212.93.10,12,1212,Sugar cane Wrapped/canned upto 2.5 Kg,,10.0,0.0,0.0,15.0,5.0,7.5,39.75
1212.93.90,12,1212,"Other Sugar cane, EXCL. Wrapped/canned upto 2.5 Kg",,10.0,0.0,0.0,0.0,5.0,0.0,15.0
1212.94.10,12,1212,Chicory roots Wrapped/canned upto 2.5 Kg,,10.0,0.0,0.0,15.0,5.0,7.5,39.75
1212.94.90,12,1212,"Other Chicory roots, EXCL. Wrapped/canned upto 2.5 kg",,10.0,0.0,0.0,0.0,5.0,0.0,15.0
1212.99.10,12,1212,"Vegetable Products Used Primarily For Human...Fresh/Drd,Nes,Wrapp/Can. upto 2.5kg",,10.0,0.0,0.0,15.0,5.0,7.5,39.75
1213.00.10,12,1213,"Cereal Straw And Husks, Wrapped/Canned upto 2.5 kg",,5.0,0.0,0.0,15.0,5.0,7.5,33.63
1213.00.90,12,1213,"Cereal Straw And Husks, Nes",,5.0,0.0,0.0,0.0,5.0,0.0,10.0
1214.10.10,12,1214,"Lucerne (Alfalfa) Meal And Pellets, Wrapped/Canned upto 2.5 kg",,5.0,0.0,0.0,15.0,5.0,7.5,33.63
1214.10.90,12,1214,"Lucerne (Alfalfa) Meal And Pellets, Nes",,5.0,0.0,0.0,0.0,5.0,0.0,10.0
1214.90.10,12,1214,"Other Forage Products,Nes, Wrapped/Canned upto 2.5 kg",,5.0,0.0,0.0,15.0,5.0,7.5,33.63
1214.90.90,12,1214,"Other Forage Products, Nes, (Excl. Wrapped/Canned upto 2.5 kg)",,5.0,0.0,0.0,0.0,5.0,0.0,10.0
1301.20.00,13,1301,Gum Arabic,,5.0,5.0,0.0,0.0,5.0,0.0,15.0
1301.90.00,13,1301,"Natural gums, resins, gum-resins,natural oleoresesins and balsams (excl. gum arabic)",,5.0,5.0,0.0,0.0,5.0,0.0,15.0
1302.11.00,13,1302,Opium Vegetable Sap For Pharma,,10.0,0.0,0.0,0.0,5.0,0.0,15.0
1302.12.00,13,1302,Liquorice Sap And Extract,,10.0,0.0,0.0,0.0,5.0,0.0,15.0
1302.13.00,13,1302,Hop Sap And Extract,,10.0,0.0,0.0,0.0,5.0,0.0,15.0
1302.14.00,13,1302,Vegetable saps and extracts: Of ephedra,,10.0,0.0,0.0,0.0,5.0,0.0,15.0
1302.19.00,13,1302,"Other Vegetable Saps And Extracts,Nes(Exl.Opium,Liquorice,Hops,Pyrethrum).",,10.0,0.0,0.0,0.0,5.0,0.0,15.0
1302.20.00,13,1302,"Pectic Substances, Pectinates And Pectates",,10.0,0.0,0.0,0.0,5.0,0.0,15.0
1302.31.00,13,1302,Agar-Agar,,10.0,0.0,0.0,0.0,5.0,0.0,15.0
1302.32.00,13,1302,"Mucilages And Thickeners Of Locust Beans, Bean Seeds And Guar Seeds",,10.0,0.0,0.0,0.0,5.0,0.0,15.0
1302.39.00,13,1302,"Mucilages&Thickeners,Derived From Veg.Prod.(Ex.Locastbeans/Seeds,Guarseeds",,10.0,0.0,0.0,0.0,5.0,0.0,15.0
1401.10.00,14,1401,Bamboos,,5.0,0.0,0.0,0.0,5.0,0.0,10.0
1401.20.00,14,1401,Rattans,,10.0,0.0,0.0,0.0,5.0,0.0,15.0
1401.90.10,14,1401,Areca Leaves; Sal Leaves; Siali Leaves; Polash Leaves,,5.0,0.0,0.0,15.0,5.0,7.5,33.63
1401.90.90,14,1401,Other than Areca Leaves; Sal Leaves; Siali Leaves; Polash Leaves,,10.0,0.0,0.0,15.0,5.0,7.5,39.75
1404.20.10,14,1404,"Cotton Linters, Wrapped/Canned upto 2.5 kg",,10.0,0.0,0.0,15.0,5.0,7.5,39.75
1404.20.90,14,1404,"Cotton Linters, Nes",,10.0,0.0,0.0,0.0,5.0,0.0,15.0
1404.90.11,14,1404,"Tendu Leaves (Biri Leaves),Wrapped/Canned upto 2.5 kg",,25.0,3.0,0.0,15.0,5.0,7.5,61.8
1404.90.19,14,1404,"Tendu Leaves (Biri Leaves),Nes",,25.0,3.0,0.0,0.0,5.0,0.0,33.0
1404.90.91,14,1404,"Vegetable Products, Nes Wraped/Canned upto 2.5 kg",,10.0,0.0,0.0,15.0,5.0,7.5,39.75
1404.90.92,14,1404,BETEL LEAVES,,10.0,0.0,0.0,15.0,5.0,7.5,39.75
1404.90.99,14,1404,"Vegetable Products, Nes (Excl. Wrapped/Canned upto 2.5 kg)",,10.0,0.0,0.0,0.0,5.0,0.0,15.0
1501.10.00,15,1501,Pig fat Lard,,25.0,3.0,0.0,15.0,5.0,7.5,61.8
1501.20.00,15,1501,Other pig fat,,25.0,3.0,0.0,15.0,5.0,7.5,61.8
1501.90.00,15,1501,"Poultry fat, other than that of heading 0209 or 1503",,25.0,3.0,0.0,15.0,5.0,7.5,61.8
1502.10.00,15,1502,"Fats of bovine animals, sheep or goats, Tallow",,25.0,3.0,0.0,15.0,5.0,7.5,61.8
1502.90.00,15,1502,"Fats of bovine animals, sheep or goats, EXCL. Tallow",,25.0,3.0,0.0,15.0,5.0,7.5,61.8
1504.10.00,15,1504,Fish-Liver Oils And Their Fractions,,10.0,0.0,0.0,15.0,5.0,7.5,39.75
1504.20.00,15,1504,"Fish Fats, Oils And Fractions (Excl. Fish Liver Oils)",,10.0,0.0,0.0,15.0,5.0,7.5,39.75
1504.30.00,15,1504,"Marine Mammal Fats, Oils And Their Fractions",,10.0,0.0,0.0,15.0,5.0,7.5,39.75
1505.00.00,15,1505,Wool grease and fatty substances derived therefrom(including lanolin).,,10.0,0.0,0.0,15.0,5.0,7.5,39.75
1506.00.00,15,1506,Other Animal Fats And Oils And Their Fractions,,10.0,0.0,0.0,15.0,5.0,7.5,39.75
1507.10.00,15,1507,"CRUDE OIL, WHETHER OR NOT DEGUMMED",,0.0,0.0,0.0,15.0,0.0,7.5,22.5
1507.90.10,15,1507,Refined Soya-Bean Oil,,0.0,0.0,0.0,15.0,0.0,7.5,22.5
1507.90.90,15,1507,Other Soya-Bean Oil,,0.0,0.0,0.0,15.0,0.0,7.5,22.5
1508.10.00,15,1508,Crude Ground-Nut Oil,,10.0,0.0,0.0,15.0,5.0,7.5,39.75
1508.90.00,15,1508,"Ground-Nut Oil (Excl. Crude) And Fractions,Not Che.Modified",,10.0,0.0,0.0,15.0,5.0,7.5,39.75
1509.20.10,15,1509,Extra virgin olive oil,,25.0,3.0,0.0,15.0,5.0,7.5,61.8
1509.20.90,15,1509,Extra virgin olive oil,,10.0,0.0,0.0,15.0,5.0,7.5,39.75
1509.30.10,15,1509,Virgin olive oil,,25.0,3.0,0.0,15.0,5.0,7.5,61.8
1509.30.90,15,1509,Virgin olive oil,,10.0,0.0,0.0,15.0,5.0,7.5,39.75
1509.40.10,15,1509,Other virgin olive oils,,25.0,3.0,0.0,15.0,5.0,7.5,61.8
1509.40.90,15,1509,Other virgin olive oils,,10.0,0.0,0.0,15.0,5.0,7.5,39.75
1509.90.10,15,1509,Olive oil and fractions (excl. virgin) wrapped/canned upto 2.5kg,,25.0,3.0,0.0,15.0,5.0,7.5,61.8
1509.90.90,15,1509,Olive oil and fractions (excl. virgin) Excl. wrapped/canned upto 2.5kg,,10.0,0.0,0.0,15.0,5.0,7.5,39.75
1510.10.00,15,1510,Crude olive pomace oil,,25.0,3.0,0.0,15.0,5.0,7.5,61.8
1510.90.00,15,1510,"Crude olive pomace oil, OTHERS",,25.0,3.0,0.0,15.0,5.0,7.5,61.8
1511.10.00,15,1511,Crude oil,,10.0,0.0,0.0,0.0,0.0,7.5,18.25
1511.90.11,15,1511,Rbd Palm Stearin,,10.0,0.0,0.0,15.0,5.0,7.5,39.75
1511.90.19,15,1511,Solidified Or Hardened By Mechanical Treatment(Excl. Rbd Palm Stearin),,25.0,3.0,0.0,15.0,5.0,7.5,61.8
1511.90.90,15,1511,Palm Oil(Excl.Cude)&Its Fractns....Nes.Incld.Refiend Palm Oil,,0.0,0.0,0.0,15.0,0.0,7.5,22.5
1512.11.00,15,1512,Crude Sunflower-Seed Oil And Safflower Oil,,5.0,0.0,0.0,15.0,5.0,7.5,33.63
1512.19.00,15,1512,Sunflower-Seed And Safflower Oil (Excl. Crude) And Fractions Thereof,,10.0,0.0,0.0,15.0,0.0,7.5,34.75
1512.21.00,15,1512,"Crude Cotton-Seed Oil,Whether Or Not Gossypol Has Been Removed",,10.0,0.0,0.0,15.0,5.0,7.5,39.75
1512.29.00,15,1512,"Refined Cotton-Seed Oil & Its Fractns, Not Chemically Modifd",,10.0,0.0,0.0,15.0,5.0,7.5,39.75
1513.11.00,15,1513,Crude Coconut (Copra) Oil,,25.0,3.0,0.0,15.0,5.0,7.5,61.8
1513.19.00,15,1513,"Coconut (copra) oil (excl. crude) & its fractions, refined or not but not chem. modified",,25.0,3.0,30.0,15.0,5.0,7.5,108.84
1513.21.00,15,1513,Crude Palm Kernel Or Babassu Oil,,10.0,0.0,0.0,15.0,5.0,7.5,39.75
1513.29.00,15,1513,"Refined Palm Kernel/Babassu Oil & Fractions,Not Chem.Modifd",,25.0,0.0,0.0,15.0,5.0,7.5,58.13
1514.11.00,15,1514,"LOW ERUIC ACID RAPE OR COLZA OIL AND ITS FRACTIONS, CRUDE OIL",,10.0,0.0,0.0,15.0,5.0,7.5,39.75
1514.19.00,15,1514,"LOW ERUIC ACID RAPE OR COLZA OIL AND ITS FRACTIONS, EXCL. CRUDE OIL",,25.0,3.0,0.0,15.0,5.0,7.5,61.8
1514.91.00,15,1514,OTHER CRUDE OIL,,10.0,10.0,0.0,15.0,5.0,7.5,52.0
1515.11.00,15,1515,Crude Linseed Oil,,10.0,0.0,0.0,15.0,5.0,7.5,39.75
1515.19.00,15,1515,"Refined Inseed Oil & Fractions,Not Chemically Modified",,10.0,0.0,0.0,15.0,5.0,7.5,39.75
1515.21.00,15,1515,Crude Maize (Corn) Oil,,10.0,0.0,0.0,15.0,5.0,7.5,39.75
1515.29.00,15,1515,"Refined Maize (Corn) Oil & Fractions,Not Chemically Modifd",,10.0,0.0,0.0,15.0,0.0,7.5,34.75
1515.30.00,15,1515,Castor Oil And Its Fractions,,10.0,0.0,0.0,15.0,5.0,7.5,39.75
1515.50.00,15,1515,Sesame Oil And Fractions,,10.0,0.0,0.0,15.0,5.0,7.5,39.75
1515.60.00,15,1515,Microbial fats and oils and their fractions,,10.0,0.0,0.0,15.0,5.0,7.5,39.75
1515.90.00,15,1515,"Oth.Fixed Veg.Oil,Fats & Frac.,Nes(Ex.Maize/Castor/Tung/Sesamre/Jojobaoil)",,10.0,0.0,0.0,15.0,5.0,7.5,39.75
1516.10.00,15,1516,"Animal Fats And Oils And Fractions, Hydrogenated, Etc",,10.0,0.0,0.0,15.0,5.0,7.5,39.75
1516.20.00,15,1516,"Vegetable fats and oils and their fractions, hydrogenated, etc",,10.0,0.0,0.0,15.0,5.0,7.5,39.75
1516.30.00,15,1516,Microbial fats and oils and their fractions,,10.0,0.0,0.0,15.0,5.0,7.5,39.75
1517.10.10,15,1517,"Margarine, excluding liquid margarine in 10kg or above packing",,10.0,0.0,0.0,15.0,5.0,7.5,39.75
1517.10.90,15,1517,"Margarine, excl liquid margarine other than 10kg or above packing",,25.0,3.0,0.0,15.0,5.0,7.5,61.8
1517.90.00,15,1517,"Edible Preparations Of Animal/Veg.Fats And Oils,Nes Incld.Liquid Margarine",,25.0,3.0,0.0,15.0,5.0,7.5,61.8
1518.00.00,15,1518,"Animal Or Vegetable Fats And Oils... Chemically Modified, Nes",,10.0,0.0,0.0,15.0,5.0,7.5,39.75
1520.00.00,15,1520,"Glycerol, Crude, Glycerol Waters And Glycerol Lyes",,25.0,3.0,0.0,15.0,5.0,7.5,61.8
1521.10.00,15,1521,Vegetable waxes (excl. triglycerides),,10.0,0.0,0.0,15.0,5.0,7.5,39.75
1521.90.00,15,1521,"Beeswax, other insect waxes and spermaceti",,10.0,0.0,0.0,15.0,5.0,7.5,39.75
1522.00.00,15,1522,Degras; Residues Of Fatty Substances Or Animal Or Vegetable Waxes,,10.0,0.0,0.0,15.0,5.0,7.5,39.75
1601.00.00,16,1601,"Sausages &Similar Prod.;Of Meat,Meat Offal,Blood,Prep.Based On These Prod.",,25.0,3.0,0.0,15.0,5.0,7.5,61.8
1602.10.00,16,1602,"Homogenized Preparations Of Meat, Meat Offal Or Blood",,25.0,3.0,0.0,15.0,5.0,7.5,61.8
1602.20.00,16,1602,Preparations Of Animal Liver,,25.0,3.0,0.0,15.0,5.0,7.5,61.8
1602.31.00,16,1602,Preparations Of Turkey Meat.Offal Or Blood,,25.0,3.0,0.0,15.0,5.0,7.5,61.8
1602.32.00,16,1602,"Prepared/Preserved Meat,Offal/Blood Of Fowls Of Species Gallus Domesticus",,25.0,3.0,0.0,15.0,5.0,7.5,61.8
1602.39.00,16,1602,Preparations Of Poultry(Exc.Turkey/Fowls Of Species Gallus Domesticus),,25.0,3.0,0.0,15.0,5.0,7.5,61.8
1602.41.00,16,1602,"Preparations Of Swine, Hams And Cuts",,25.0,3.0,0.0,15.0,5.0,7.5,61.8
1602.42.00,16,1602,"Preparations Of Swine, Shoulders And Cuts",,25.0,3.0,0.0,15.0,5.0,7.5,61.8
1602.49.00,16,1602,"Preparations Of Swine Meat, Including Mixtures, Nes",,25.0,3.0,0.0,15.0,5.0,7.5,61.8
1602.50.00,16,1602,Preparations Of Meat Of Bovine Animals,,25.0,3.0,0.0,15.0,5.0,7.5,61.8
1602.90.00,16,1602,"Preparations Of Meat (Incl.Preparations Of Blood Of Any Animal), Nes",,25.0,3.0,0.0,15.0,5.0,7.5,61.8
1603.00.00,16,1603,"Extracts And Juices Of Meat,Fish Crus.,Mollus And Aquatic Invertebrates",,25.0,3.0,0.0,15.0,5.0,7.5,61.8
1604.11.00,16,1604,Prepared Or Preserved Salmon (Not Minced) Whole/Inpieces,,25.0,3.0,0.0,15.0,5.0,7.5,61.8
1604.12.00,16,1604,Prepared Or Preserved Herrings (Not Minced) Whole/Inpieces,,25.0,3.0,0.0,15.0,5.0,7.5,61.8
1604.13.00,16,1604,"Prep/Preserved Sardines,Sardinella,Brisling/Sprats(Not Minced)Whl/Inpieces",,25.0,3.0,0.0,15.0,5.0,7.5,61.8
1604.14.00,16,1604,"Prep./Preserved Tuna,Skipjack & Bonito Ex.Minced Whole/Inpieces",,25.0,3.0,0.0,15.0,5.0,7.5,61.8
1604.15.00,16,1604,Prepared Or Preserved Mackerel (Not Minced) Whole/Inpieces,,25.0,3.0,0.0,15.0,5.0,7.5,61.8
1604.16.00,16,1604,Prepared Or Preserved Anchovies (Excl. Minced) Whole/Inpieces,,25.0,3.0,0.0,15.0,5.0,7.5,61.8
1604.17.00,16,1604,Eels,,25.0,3.0,0.0,15.0,5.0,7.5,61.8
1604.18.00,16,1604,Shark Fish,,25.0,3.0,0.0,15.0,5.0,7.5,61.8
1604.19.00,16,1604,"Prepared Or Preserved Fish (Not Minced), Nes, Whole/Inpieces",,25.0,3.0,0.0,15.0,5.0,7.5,61.8
1604.20.00,16,1604,"Other Prepared Or Preserved Fish, Including Minced, Nes",,25.0,3.0,0.0,15.0,5.0,7.5,61.8
1604.31.00,16,1604,Caviar,,25.0,3.0,0.0,15.0,5.0,7.5,61.8
1604.32.00,16,1604,Caviar substitutes,,25.0,3.0,0.0,15.0,5.0,7.5,61.8
1605.10.00,16,1605,"Crab, Prepared Or Preserved",,25.0,3.0,0.0,15.0,5.0,7.5,61.8
1605.21.00,16,1605,Shrimps and prawns Not in airtight container,,25.0,3.0,0.0,15.0,5.0,7.5,61.8
1605.29.00,16,1605,Shrimps and prawns in airtight container,,25.0,3.0,0.0,15.0,5.0,7.5,61.8
1605.30.00,16,1605,"Lobster, Prepared Or Preserved",,25.0,3.0,0.0,15.0,5.0,7.5,61.8
1605.40.00,16,1605,"Oth Crustaceans,Prepared Or Preserved (Ex.Crab,Shrimps,Prawns & Lobsters",,25.0,3.0,0.0,15.0,5.0,7.5,61.8
1605.51.00,16,1605,Oysters,,25.0,3.0,0.0,15.0,5.0,7.5,61.8
1605.52.00,16,1605,"Scallops, including queen scallops",,25.0,3.0,0.0,15.0,5.0,7.5,61.8
1605.53.00,16,1605,Mussels,,25.0,3.0,0.0,15.0,5.0,7.5,61.8
1605.54.00,16,1605,Cuttle fish and squid,,25.0,3.0,0.0,15.0,5.0,7.5,61.8
1605.55.00,16,1605,Octopus,,25.0,3.0,0.0,15.0,5.0,7.5,61.8
1605.56.00,16,1605,"Clams, cockles and arkshells",,25.0,3.0,0.0,15.0,5.0,7.5,61.8
1605.57.00,16,1605,Abalone,,25.0,3.0,0.0,15.0,5.0,7.5,61.8
1605.58.00,16,1605,"Snails, other than sea snails",,25.0,3.0,0.0,15.0,5.0,7.5,61.8
1605.59.00,16,1605,Other Molluscs :,,25.0,3.0,0.0,15.0,5.0,7.5,61.8
1605.61.00,16,1605,Sea cucumbers,,25.0,3.0,0.0,15.0,5.0,7.5,61.8
1605.62.00,16,1605,Sea urchins,,25.0,3.0,0.0,15.0,5.0,7.5,61.8
1605.63.00,16,1605,Jellyfish,,25.0,3.0,0.0,15.0,5.0,7.5,61.8
1605.69.00,16,1605,Other aquatic invertebrates :,,25.0,3.0,0.0,15.0,5.0,7.5,61.8
1702.11.00,17,1702,Lactose And Lactose Syrup Cont.By Weight>=99% Lactose Calc. On Dry Matter,,25.0,3.0,0.0,15.0,5.0,7.5,61.8
1702.19.00,17,1702,Lactose And Lactose Syrup Cont.By Weight <99% Lactose Calc. On Dry Matter,,25.0,3.0,0.0,15.0,5.0,7.5,61.8
1702.20.00,17,1702,Maple Sugar And Maple Syrup,,25.0,3.0,0.0,15.0,5.0,7.5,61.8
1702.30.10,17,1702,"Dextrose, Anhydrous/Monohydrate Bp/Vsp Pyrogen Free",,25.0,3.0,20.0,15.0,5.0,7.5,93.16
1702.30.20,17,1702,"Glucose & Glucose Syrup,Containing <20% Fructose,Liquid Glucose",,25.0,3.0,20.0,15.0,5.0,7.5,93.16
1702.40.00,17,1702,"Glucose And Glucose Syrup, Containing >=20% But <50% Fructose",,25.0,3.0,20.0,15.0,5.0,7.5,93.16
1702.50.00,17,1702,Chemically Pure Fructose,,25.0,3.0,0.0,15.0,5.0,7.5,61.8
1702.60.00,17,1702,"Other Fructose And Fructose Syrup, Containing >50% Fructose",,25.0,3.0,0.0,15.0,5.0,7.5,61.8
1702.90.00,17,1702,"Artificial honey, caramel and other sugars (incl. invert sugar), nes",,25.0,3.0,0.0,15.0,5.0,7.5,61.8
1703.10.00,17,1703,Cane Molasses Resulting From The Extraction Or Refining Of Sugar,,10.0,0.0,0.0,15.0,5.0,7.5,39.75
1703.90.00,17,1703,Oth.Molasses Resulting From The Extraction/Refining Of Sugar (Ex.Cane),,25.0,3.0,0.0,15.0,5.0,7.5,61.8
1704.10.10,17,1704,"Chewing Gum Not Containing Cocoa, TV",,25.0,3.0,45.0,15.0,5.0,7.5,132.36
1704.10.90,17,1704,Chewing gum excl. Put up for retail sale,,25.0,3.0,45.0,15.0,5.0,7.5,132.36
1704.90.10,17,1704,"Sugar confe (incl. white chocolate), not cont cocoa,nes Put up for retail sale",,25.0,3.0,45.0,15.0,5.0,7.5,132.36
1704.90.90,17,1704,"Sugar confei (incl. whit chocole), not cont cocoa, nes excl. Put up for retail sale",,25.0,3.0,45.0,15.0,5.0,7.5,132.36
1801.00.00,18,1801,"Cocoa Beans, Whole Or Broken, Raw Or Roasted",,10.0,0.0,0.0,15.0,5.0,7.5,39.75
1802.00.00,18,1802,"Cocoa Shells, Husks, Skins And Other Cocoa Waste",,10.0,0.0,0.0,15.0,5.0,7.5,39.75
1803.10.00,18,1803,"Cocoa Paste, Not Defatted",,10.0,0.0,0.0,15.0,5.0,7.5,39.75
1803.20.00,18,1803,"Cocoa Paste, Wholly Or Partly Defatted",,10.0,0.0,0.0,15.0,5.0,7.5,39.75
1804.00.00,18,1804,"Cocoa Butter, Fat And Oil",,10.0,0.0,0.0,15.0,5.0,7.5,39.75
1805.00.00,18,1805,"Cocoa Powder, Not Containing Added Sugar Or Other Sweetening Matter",,25.0,3.0,0.0,15.0,5.0,7.5,61.8
1806.10.00,18,1806,"Cocoa Powder, Containing Added Sugar Or Other Sweetening Matter",,25.0,3.0,0.0,15.0,5.0,7.5,61.8
1806.31.00,18,1806,"Chocolate, Etc, Containing Cocoa, In Blocks, Slabs Or Bars, Filled, TV",,25.0,3.0,45.0,15.0,5.0,7.5,132.36
1806.32.00,18,1806,"Chocolate, Etc, Containing Cocoa In Blocks, Slabs Or Bars, Not Filled, TV",,25.0,3.0,45.0,15.0,5.0,7.5,132.36
1901.10.00,19,1901,"Preparations suitable for infants or young children, put up for retail sale",,25.0,3.0,20.0,15.0,5.0,7.5,93.16
1901.20.00,19,1901,Mixes And Doughs For Preparation Of Bakers' Wares Of 19.05,,25.0,3.0,20.0,15.0,5.0,7.5,93.16
1901.90.11,19,1901,Filled milk powder,,25.0,3.0,0.0,15.0,5.0,7.5,61.8
1901.90.19,19,1901,food prep's of goods excl. Filled milk powder imp by VAT reg milk products manu ind,,25.0,3.0,0.0,15.0,5.0,7.5,61.8
1901.90.20,19,1901,Dry mixed ingredients of food preparations,,25.0,3.0,0.0,15.0,5.0,7.5,61.8
1901.90.30,19,1901,Preparations for infant or young children,,25.0,3.0,0.0,15.0,5.0,7.5,61.8
1901.90.40,19,1901,"Nutritional supplement for pregnant women and breast feeding mothers, put up for",,25.0,3.0,0.0,15.0,5.0,7.5,61.8
1901.90.90,19,1901,Others,,25.0,0.0,20.0,15.0,5.0,7.5,88.75
1902.11.00,19,1902,Uncooked Pasta Containing Eggs Not Stuffed,,25.0,3.0,20.0,15.0,5.0,7.5,93.16
1902.19.00,19,1902,"Uncooked Pasta, Not Containing Eggs, Not Stuffed",,25.0,3.0,20.0,15.0,5.0,7.5,93.16
1902.20.00,19,1902,"Stuffed Pasta, Whether Or Not Cooked/Prepared",,25.0,3.0,20.0,15.0,5.0,7.5,93.16
1902.30.00,19,1902,"Other Pasta, Nes",,25.0,3.0,20.0,15.0,5.0,7.5,93.16
1902.40.00,19,1902,Couscous,,25.0,3.0,20.0,15.0,5.0,7.5,93.16
1903.00.00,19,1903,"Tapioca & Substitutes Prpd.From Starch In Flakes,Grains,Pearls,Sifting Etc",,10.0,0.0,0.0,15.0,5.0,7.5,39.75
1904.10.00,19,1904,Prepared food obtained by the swelling or roasting of cereals or cereal products,,25.0,3.0,20.0,15.0,5.0,7.5,93.16
1904.20.00,19,1904,Prepared Foods Obtned From Unroasted Cereal Flakes/Mixtures Unroasted/Rstd,,25.0,3.0,20.0,15.0,5.0,7.5,93.16
1904.30.00,19,1904,BULGUR WHEAT,,25.0,3.0,20.0,15.0,5.0,7.5,93.16
1904.90.00,19,1904,"Cereals In Grain,Flakes,Worked Grains,Precooked,Otherwise Prepared, Nes",,25.0,3.0,20.0,15.0,5.0,7.5,93.16
1905.10.00,19,1905,Crispbread,,25.0,3.0,0.0,15.0,5.0,7.5,61.8
1905.20.00,19,1905,Gingerbread And The Like,,25.0,3.0,0.0,15.0,5.0,7.5,61.8
1905.31.00,19,1905,"SWEET BISCUITS, TV",,25.0,3.0,45.0,15.0,5.0,7.5,132.36
1905.32.00,19,1905,"WAFFLES AND WAFERS, TV",,25.0,3.0,45.0,15.0,5.0,7.5,132.36
1905.40.00,19,1905,"Rusks, Toasted Bread And Similar Toasted Products",,25.0,3.0,45.0,15.0,5.0,7.5,132.36
1905.90.00,19,1905,"Pastry,Cakes,Other Bread, Etc, Nes; Communion Wafers, Rice Paper, Etc, TV",,25.0,3.0,45.0,15.0,5.0,7.5,132.36
2001.10.00,20,2001,"Cucumbers And Gherkins,Prepared On Preserved By Vinegar Or Acetic Acid",,25.0,3.0,0.0,15.0,5.0,7.5,61.8
2001.90.00,20,2001,"Oth.Veg.Fruits,Nuts&Edible Parts Of Plants Preserved By Vinegar/Acetic Aci",,25.0,3.0,0.0,15.0,5.0,7.5,61.8
2002.10.00,20,2002,"Tomatoes, Whole Or In Pieces, Preserved Other Than By Vinegar, Etc",,25.0,3.0,0.0,15.0,5.0,7.5,61.8
2002.90.00,20,2002,"Tomatoes,Oth.Than Whole Or Pieces Preserved Otherwise Than By Vinegar,Nes",,25.0,3.0,0.0,15.0,5.0,7.5,61.8
2003.10.00,20,2003,"Mushrooms, Preserved Otherwise Than By Vinegar Or Acetic Acid",,25.0,3.0,0.0,15.0,5.0,7.5,61.8
2004.10.00,20,2004,"Potatoes,Preserved Not By Vinegar/Acetic Acid,Frozen (Excl.Prods. Of 2006)",,25.0,3.0,0.0,15.0,5.0,7.5,61.8
2004.90.00,20,2004,"Vegetables Nes Preserved Not By Vinegar Etc, Frozen (Excl.Prods Of 2006)",,25.0,3.0,0.0,15.0,5.0,7.5,61.8
2005.10.00,20,2005,"Homogenised Vegetable, Preserved Other Than By Vinegar, Etc, Not Frozen",,25.0,3.0,0.0,15.0,5.0,7.5,61.8
2005.20.00,20,2005,"Potatoes, Preserved Other Than By Vinegar Or Acetic Acid, Not Frozen",,25.0,3.0,45.0,15.0,5.0,7.5,132.36
2005.40.00,20,2005,"Peas, Preserved Other Than By Vinegar Or Acetic Acid, Not Frozen",,25.0,3.0,0.0,15.0,5.0,7.5,61.8
2005.51.00,20,2005,"Shelled Beans, Preserved Other Than By Vinegar, Etc, Not Frozen",,25.0,3.0,0.0,15.0,5.0,7.5,61.8
2005.59.00,20,2005,"Beans, Unshelled, Preserved Other Than By Vinegar, Etc, Not Frozen",,25.0,3.0,0.0,15.0,5.0,7.5,61.8
2005.60.00,20,2005,"Asparagus, Preserved Other Than By Vinegar Or Acetic Acid, Not Frozen",,25.0,3.0,0.0,15.0,5.0,7.5,61.8
2005.70.00,20,2005,"Olives, Preserved Other Than By Vinegar Or Acetic Acid, Not Frozen",,25.0,3.0,0.0,15.0,5.0,7.5,61.8
2005.80.00,20,2005,"Sweetcorn, Preserved Other Than By Vinegar Or Acetic Acid, Not Frozen",,25.0,3.0,0.0,15.0,5.0,7.5,61.8
2005.91.00,20,2005,Bamboo shoots,,25.0,3.0,0.0,15.0,5.0,7.5,61.8
2005.99.00,20,2005,"Other vegetables and mixtures of vegetables:, Excl. Bamboo shoots",,25.0,3.0,0.0,15.0,5.0,7.5,61.8
2006.00.00,20,2006,"Vegetables,Fruit,Nuts,Fruitpeel & Other Parts Of Plants,Preserved By Sugar",,25.0,3.0,0.0,15.0,5.0,7.5,61.8
2007.10.00,20,2007,"Jams,Fruit Jellies,Marmalades,Homogen.,Nut Purce/Pastes,Cooked Prep,Sweet/",,25.0,3.0,20.0,15.0,5.0,7.5,93.16
2007.91.00,20,2007,"Jams,Fruit Jellies,Marmalades,Etc,Of Citrus Fruit Oth.Than Homogenised Pre",,25.0,3.0,20.0,15.0,5.0,7.5,93.16
2007.99.00,20,2007,"Oth.Jams,Fruit Jellies,Marmalades,Nut Purce/Pastes Oth Than Citrus Fruit..",,25.0,3.0,20.0,15.0,5.0,7.5,93.16
2008.11.00,20,2008,"Ground-Nuts, Prepared On Preserved",,25.0,3.0,20.0,15.0,5.0,7.5,93.16
2008.19.00,20,2008,"Nuts And Seeds Including Mixtures, Other Than Ground Nuts, Preserved",,25.0,3.0,20.0,15.0,5.0,7.5,93.16
2008.20.00,20,2008,"Pineapples,Otherwise Prepared Or Preserved (Excl.Those Of 20.06 And 20.07)",,25.0,3.0,20.0,15.0,5.0,7.5,93.16
2008.30.00,20,2008,"Citrus Fruit,Otherwise Prepared Or Preserved (Excl.Those Of 20.06 & 20.07)",,25.0,3.0,20.0,15.0,5.0,7.5,93.16
2008.40.00,20,2008,"Pears,Otherwise Prepared Or Preserved (Excl. Those Of 20.06 And 20.07)",,25.0,3.0,20.0,15.0,5.0,7.5,93.16
2008.50.00,20,2008,"Apricots, Otherwise Prepared Or Preserved (Excl. Those Of 20.06and 20.07)",,25.0,3.0,20.0,15.0,5.0,7.5,93.16
2008.60.00,20,2008,"Cherries, Otherwise Prepared Or Preserved (Excl. Those Of 20.06 And 20.07)",,25.0,3.0,20.0,15.0,5.0,7.5,93.16
2008.70.00,20,2008,"Peaches, Otherwise Prepared Or Preserved (Excl. Those Of 20.06 And 20.07)",,25.0,3.0,20.0,15.0,5.0,7.5,93.16
2008.80.00,20,2008,"Strawberries,Otherwise Prepared Or Preserved (Excl.Those Of 20.06 & 20.07)",,25.0,3.0,20.0,15.0,5.0,7.5,93.16
2008.91.00,20,2008,"Palm Hearts,Prepared Or Preserved(Excl.Those Of 20.06 And 20.07 & 2008.19)",,25.0,3.0,20.0,15.0,5.0,7.5,93.16
2008.93.00,20,2008,"Cranberries (Vaccinium macrocarpon, Vaccinium oxycoccos, Vaccinium vitis-idaea)",,25.0,3.0,20.0,15.0,5.0,7.5,93.16
2008.97.00,20,2008,Mixture,,25.0,3.0,20.0,15.0,5.0,7.5,93.16
2008.99.00,20,2008,"Other fruit, etc, prepared or preserved, nes",,25.0,3.0,20.0,15.0,5.0,7.5,93.16
2009.11.00,20,2009,"Frzn.Orange Juice,Unfermented,Not Containing Added Spirit,Sweetened Or Not",,25.0,3.0,30.0,15.0,5.0,7.5,108.84
2009.12.00,20,2009,"ORANGE JUICE UNFORMETED NOT CON.ADDED SPRIT,NOT FROZEN,OF BRIX VALUE<20",,25.0,3.0,30.0,15.0,5.0,7.5,108.84
2009.19.00,20,2009,"Unfrzn.Orange Juice,Unfermented,Not Containing Added Spirit,Sweetened/Not",,25.0,3.0,30.0,15.0,5.0,7.5,108.84
2009.21.00,20,2009,GRAPEFRUIT JUICE OF A BRIX VALUE NOT EXCEEDING 20,,25.0,3.0,30.0,15.0,5.0,7.5,108.84
2009.29.00,20,2009,OTHER GRAPEFRUIT JUICE,,25.0,3.0,30.0,15.0,5.0,7.5,108.84
2009.31.00,20,2009,JUICE OF ANY OTHER SINGLE CITRUS FRUIT OF A BRIX VALUE NOT EXCEEDING 20,,25.0,3.0,30.0,15.0,5.0,7.5,108.84
2009.39.00,20,2009,OTHER JUICE OF ANY OTHER SINGLE CITRUS FRUIT EXCL. BRIX VAL.NOT EXCEED.20,,25.0,3.0,30.0,15.0,5.0,7.5,108.84
2009.41.00,20,2009,PINEAPPLE JUICE OF A BRIX VALUE NOT EXCEEDING 20,,25.0,3.0,30.0,15.0,5.0,7.5,108.84
2009.49.00,20,2009,OTHER PINEAPPLE JUICE EXCLUDING BRIX VALUE NOT EXCEEDING 20,,25.0,3.0,30.0,15.0,5.0,7.5,108.84
2009.50.00,20,2009,"Tomato Juice, Unfermented, Not Containing Added Spirit,Sweetened Or Not",,25.0,3.0,30.0,15.0,5.0,7.5,108.84
2009.61.00,20,2009,GRAPE JUICE (INCLUDING GRAPE MUST) OF A BRIX VALUE NOT EXCEEDING 30,,25.0,3.0,30.0,15.0,5.0,7.5,108.84
2009.69.00,20,2009,"OTHER, GRAPE JUICE (INCLUDING GRAPE MUST)EXCL. BRIX VALUE NOT EXCEEDING 30",,25.0,3.0,30.0,15.0,5.0,7.5,108.84
2009.71.00,20,2009,APPLE JUICE OF A BRIX VALUE NOT EXCEEDING 20,,25.0,3.0,30.0,15.0,5.0,7.5,108.84
2009.79.00,20,2009,"OTHER, APPLE JUICE EXCL. BRIX VALUE NOT EXCEEDING 20",,25.0,3.0,30.0,15.0,5.0,7.5,108.84
2009.81.00,20,2009,Juice of any other single fruit or vegetable Cranberry Juice,,25.0,3.0,30.0,15.0,5.0,7.5,108.84
2009.89.00,20,2009,Juice of any other single fruit or vegetable other than Cranberry Juice,,25.0,3.0,30.0,15.0,5.0,7.5,108.84
2009.90.00,20,2009,"Mixtures Of Juices,Unfermented,Not Cont. Added Spirit,Sweetened Or Not",,25.0,3.0,30.0,15.0,5.0,7.5,108.84
2101.11.00,21,2101,"Extracts, Essences And Concentrates Of Coffee",,25.0,3.0,20.0,15.0,5.0,7.5,93.16
2101.12.00,21,2101,Preparations With A Basis Of Extract/Essence Etc.Or With A Basis Of Coffee,,25.0,3.0,20.0,15.0,5.0,7.5,93.16
2101.20.00,21,2101,"Extracts, Essences, Concentrates And Preparations Of Tea Or Mate",,25.0,3.0,20.0,15.0,5.0,7.5,93.16
2101.30.00,21,2101,"Roasted Coffee Substitutes (Incl.Chicory),Extracts,Essences & Conc.Thereof",,25.0,3.0,20.0,15.0,5.0,7.5,93.16
2102.10.00,21,2102,Active Yeasts,,5.0,0.0,0.0,15.0,5.0,7.5,33.63
2102.20.00,21,2102,"Inactive yeasts; other single-cell micro-organisms, dead",,5.0,0.0,0.0,15.0,5.0,7.5,33.63
2102.30.00,21,2102,Prepared Baking Powders,,5.0,0.0,0.0,15.0,5.0,7.5,33.63
2103.10.00,21,2103,Soya Sauce,,25.0,3.0,20.0,15.0,5.0,7.5,93.16
2103.20.00,21,2103,Tomato Ketchup And Other Tomato Sauces,,25.0,3.0,20.0,15.0,5.0,7.5,93.16
2103.30.00,21,2103,"Mustard Flour And Meal, And Prepared Mustard",,25.0,3.0,20.0,15.0,5.0,7.5,93.16
2103.90.10,21,2103,Mixed seasonings,,25.0,3.0,20.0,15.0,5.0,7.5,93.16
2103.90.90,21,2103,sauce preparations; mixed condiments and seasonings;NES,,25.0,3.0,20.0,15.0,5.0,7.5,93.16
2104.10.00,21,2104,Soups And Broths And Preparations Therefor,,25.0,3.0,0.0,15.0,5.0,7.5,61.8
2104.20.00,21,2104,Homogenized Composite Food Preparations,,25.0,3.0,0.0,15.0,5.0,7.5,61.8
2105.00.00,21,2105,"Ice Cream And Other Edible Ice, Whether Or Not Containing Cocoa",,25.0,3.0,20.0,15.0,5.0,7.5,93.16
2106.10.00,21,2106,Protein Concentrates And Textured Protein Substances,,25.0,3.0,0.0,15.0,5.0,7.5,61.8
2106.90.10,21,2106,Oth.Food Nes.Containing Alcohol Exceeding Alcoholic Strength 0.5% By Volum,,25.0,3.0,350.0,15.0,5.0,7.5,610.6
2106.90.20,21,2106,Beverage concentrate,,25.0,3.0,0.0,15.0,5.0,7.5,61.8
2106.90.30,21,2106,Soya protein-based food preparations,,25.0,3.0,0.0,15.0,5.0,7.5,61.8
2106.90.40,21,2106,Stabilizer for milk,,25.0,3.0,10.0,15.0,5.0,7.5,77.48
2106.90.50,21,2106,Creamer in bulk,,25.0,3.0,20.0,15.0,5.0,7.5,93.16
2106.90.60,21,2106,Food supplement,,25.0,3.0,20.0,15.0,5.0,7.5,93.16
2106.90.90,21,2106,Other food preparations not elsewhere specified or incl.(excl. beverage concentrate),,25.0,3.0,20.0,15.0,5.0,7.5,93.16
2201.10.00,22,2201,"Mineral Waters And Aerated Waters, Unsweetened",,25.0,3.0,20.0,15.0,5.0,7.5,93.16
2201.90.00,22,2201,"OTHER WATER, EXCL.MINERAL WATERS AND AERATED WATERS",,25.0,3.0,20.0,15.0,5.0,7.5,93.16
2202.10.00,22,2202,"Waters (Incl. Mineral And Aerated), With Added Sugar, Sweetener, Etc",,25.0,3.0,100.0,15.0,5.0,7.5,218.6
2202.91.00,22,2202,Non-alcoholic beer,,25.0,3.0,100.0,15.0,5.0,7.5,218.6
2202.99.00,22,2202,"Waters, including mineral waters and aerated waters...Excl. Non-alcoholic beer",,25.0,3.0,100.0,15.0,5.0,7.5,218.6
2203.00.00,22,2203,Beer Made From Malt,,25.0,3.0,250.0,15.0,5.0,7.5,453.8
2204.10.00,22,2204,Sparkling Wine,,25.0,3.0,350.0,15.0,5.0,7.5,610.6
2204.21.00,22,2204,Wine(Not Sparkling);Grape Must With Fermt.Prevt.By Alcohol In: <=2 L Cont.,,25.0,3.0,350.0,15.0,5.0,7.5,610.6
2204.22.00,22,2204,In containers holding more than 2 L but not more than 10 L,,25.0,3.0,350.0,15.0,5.0,7.5,610.6
2204.29.00,22,2204,Wine(Not Sparkling); Grape Must With Fremt.Prevt.By Alcohol In: >=2 L Cont,,25.0,3.0,350.0,15.0,5.0,7.5,610.6
2204.30.00,22,2204,"Other Grape Must, Nes",,25.0,3.0,350.0,15.0,5.0,7.5,610.6
2205.10.00,22,2205,"Vermouth And Other Wine Of Fresh Grapes, Flavoured: <=2 Litre Cont.",,25.0,3.0,350.0,15.0,5.0,7.5,610.6
2205.90.00,22,2205,"Vermouth And Other Wine Of Fresh Grapes, Flavoured: >2 Litre Containers",,25.0,3.0,350.0,15.0,5.0,7.5,610.6
2206.00.00,22,2206,Other Ferment Beverages(E.G.Cider);Mixtures Of Fermented Beverages,,25.0,3.0,350.0,15.0,5.0,7.5,610.6
2207.10.00,22,2207,"Undenatured Ethyl Alcohol, Of Alcoholic Strength >=80% By Vol.",,25.0,3.0,0.0,15.0,20.0,7.5,76.8
2207.20.00,22,2207,Ethyl Alcohol And Other Denatured Spirits Of Any Strength,,25.0,3.0,0.0,15.0,20.0,7.5,76.8
2208.20.00,22,2208,Spirits From Distilled Grape Wine Or Grape Marc,,25.0,3.0,350.0,15.0,20.0,7.5,625.6
2208.30.00,22,2208,Whiskeys,,25.0,3.0,350.0,15.0,20.0,7.5,625.6
2208.40.00,22,2208,Rum And Tafia,,25.0,3.0,350.0,15.0,20.0,7.5,625.6
2208.50.00,22,2208,Gin And Geneva,,25.0,3.0,350.0,15.0,20.0,7.5,625.6
2208.60.00,22,2208,Vodka,,25.0,3.0,350.0,15.0,20.0,7.5,625.6
2208.70.00,22,2208,Liqueurs And Cordials,,25.0,3.0,350.0,15.0,20.0,7.5,625.6
2208.90.00,22,2208,"Other Spirituous Beverages, Nes",,25.0,3.0,350.0,15.0,20.0,7.5,625.6
2209.00.00,22,2209,Vinegar And Substitutes For Vinegar Obtained From Acetic Acid,,25.0,3.0,0.0,15.0,5.0,7.5,61.8
2301.10.90,23,2301,"Flours,Meals & Pellets,Of Meat Unfit For Human Consumption;Greaves,W./C.",,0.0,0.0,0.0,0.0,2.0,0.0,2.0
2301.20.10,23,2301,"Flours, meals and pellets, of fish or of crustaceans...wrapped/canned upto 2.5 kg",,0.0,0.0,0.0,0.0,2.0,0.0,2.0
2301.20.90,23,2301,"Flours, meals and pellets, of fish or of crustaceansàExcl.wrapped/canned upto 2.5 kg",,0.0,0.0,0.0,0.0,2.0,0.0,2.0
2302.10.00,23,2302,"Brans, Sharps And Other Residues Of Maize(Corn)",,0.0,0.0,0.0,0.0,2.0,7.5,9.5
2302.30.00,23,2302,"Brans, Sharps And Other Residues Of Wheat",,0.0,0.0,0.0,0.0,2.0,7.5,9.5
2302.40.10,23,2302,"Brans,Sharps & Oth. Residues Of Oth. Cereals Except Maize,Rice & Wheat",,0.0,0.0,0.0,0.0,2.0,7.5,9.5
2302.40.90,23,2302,"Brans,Sharps & Oth. Residues Of Oth. Cereals Except Maize,Rice & Wheat",,0.0,0.0,0.0,0.0,2.0,7.5,9.5
2302.50.00,23,2302,"Brans, Sharps And Other Residues Of Leguminous Plants",,0.0,0.0,0.0,0.0,2.0,7.5,9.5
2303.10.00,23,2303,Residues Of Starch Manufacture And Similar Residues,,0.0,0.0,0.0,0.0,2.0,7.5,9.5
2303.20.00,23,2303,"Beet Pulp, Bagasse And Other Waste Of Sugar Manufacture",,0.0,0.0,0.0,15.0,2.0,7.5,24.5
2303.30.00,23,2303,Brewing Or Distilling Dregs And Waste,,0.0,0.0,0.0,15.0,5.0,7.5,27.5
2304.00.00,23,2304,"Oil-Cake And Other Solid Residues, Of Soya-Bean Oil",,0.0,5.0,0.0,0.0,5.0,7.5,17.88
2305.00.00,23,2305,"Oil-Cake And Other Solid Residues, Of Ground-Nut Oil",,5.0,0.0,0.0,0.0,2.0,7.5,14.88
2306.10.00,23,2306,Oil-Cake And Other Solid Residues Of Cotton Seeds,,0.0,5.0,0.0,0.0,2.0,7.5,14.88
2306.20.00,23,2306,Oil-Cake And Other Solid Residues Of Linseed,,5.0,0.0,0.0,0.0,2.0,7.5,14.88
2306.30.00,23,2306,Oil-Cake And Other Solid Residues Of Sunflower Seeds,,5.0,0.0,0.0,0.0,2.0,7.5,14.88
2306.41.00,23,2306,OILCAKE&OTHER SOLID RESIDUES OF RAPE OR COLZA SEEDS OF LOW ERUCIC ACID R/C,,10.0,0.0,0.0,0.0,2.0,7.5,20.25
2306.49.00,23,2306,"OIL-CAKE AND OTHER SOLID RESIDUES OF RAPE OR COLZA SEEDS, OTHER",,5.0,0.0,0.0,0.0,2.0,7.5,14.88
2306.50.00,23,2306,Oil-Cake And Other Solid Residues Of Coconut Or Copra,,5.0,0.0,0.0,15.0,2.0,7.5,30.63
2306.60.00,23,2306,Oil-Cake And Other Solid Residues Of Palm Nuts Or Kernels,,0.0,5.0,0.0,0.0,2.0,7.5,14.88
2306.90.00,23,2306,"Oil-Cake And Other Solid Residues, Of Other Vegetable Fats And Oils",,5.0,0.0,0.0,0.0,2.0,7.5,14.88
2307.00.00,23,2307,Wine Lees; Argol,,5.0,0.0,0.0,15.0,5.0,7.5,33.63
2308.00.00,23,2308,"VEGETABLE MATERIALS&VEG.WASTE,VEG.RESIDUES&BY-PRODUCTS,..ANIMAL FEEDING..",,0.0,0.0,0.0,0.0,2.0,0.0,2.0
2309.10.00,23,2309,"Dog Or Cat Food, Put Up For Retail Sale",,25.0,3.0,0.0,15.0,5.0,7.5,61.8
2309.90.11,23,2309,Vitamin or mineral or amino acid or their combination (feed grade),,5.0,0.0,0.0,0.0,2.0,7.5,14.88
2309.90.12,23,2309,Vitamin premix or mineral premix or amino acid premix or their combination(feed grade,,5.0,0.0,0.0,0.0,2.0,7.5,14.88
2309.90.13,23,2309,Probiotics or Prebiotics or their combinatioin (feed grade),,5.0,0.0,0.0,0.0,2.0,7.5,14.88
2309.90.14,23,2309,Essential oil or combination of essential oils (feed grade),,5.0,0.0,0.0,0.0,2.0,7.5,14.88
2309.90.19,23,2309,"Oth, Preparations for use in making complete feed or supplementary feed",,5.0,0.0,0.0,0.0,2.0,7.5,14.88
2309.90.21,23,2309,Vitamin or mineral or amino acid or their combination (feed grade),,10.0,0.0,0.0,15.0,5.0,7.5,39.75
2309.90.22,23,2309,Vitamin premix or mineral premix or amino acid premix or their combination (feed grad,,10.0,0.0,0.0,15.0,5.0,7.5,39.75
2309.90.23,23,2309,Probiotics or Prebiotics or their combination (feed grade),,10.0,0.0,0.0,15.0,5.0,7.5,39.75
2309.90.24,23,2309,Essential oil or combination of essential oils (feed grade),,10.0,0.0,0.0,15.0,5.0,7.5,39.75
2309.90.29,23,2309,"Preparations for use in making complete feed or supplementary feed for fish,NES",,10.0,0.0,0.0,15.0,5.0,7.5,39.75
2309.90.90,23,2309,"OTH..Preparations of a kind used in animal feeding. ,OTHER",,10.0,0.0,0.0,0.0,2.0,7.5,20.25
2401.10.00,24,2401,"Tobacco, Not Stemmed/Stripped",,25.0,3.0,100.0,15.0,5.0,7.5,218.6
2401.20.00,24,2401,"Tobacco, Partly Or Wholly Stemmed/Stripped",,25.0,3.0,100.0,15.0,5.0,7.5,218.6
2401.30.00,24,2401,Tobacco Refuse,,25.0,3.0,100.0,15.0,5.0,7.5,218.6
2402.10.00,24,2402,"Cigars, Cheroots And Cigarillos Containing Tobacco",,25.0,3.0,350.0,15.0,5.0,7.5,610.6
2402.20.00,24,2402,Cigarettes Containing Tobacco,,25.0,3.0,350.0,15.0,5.0,7.5,610.6
2402.90.00,24,2402,"Cigars, cigarillos, cigarettes, etc, not containing tobacco",,25.0,3.0,150.0,15.0,5.0,7.5,297.0
2403.11.00,24,2403,"Smoking tobacco, Water pipe tobacco specified in Subheading Note 1 to this Chapter",,25.0,3.0,150.0,15.0,5.0,7.5,297.0
2403.91.00,24,2403,Homogenized Or Reconstituted Tobacco,,25.0,3.0,150.0,15.0,5.0,7.5,297.0
2404.11.00,24,2404,Products intended for inhalation without combustion : Containing/reconstituted tobacc,,25.0,3.0,150.0,15.0,5.0,7.5,297.0
2404.12.00,24,2404,"Products intended for inhalation without combustion:Other, containing nicotine",,25.0,3.0,150.0,15.0,5.0,7.5,297.0
2404.19.00,24,2404,"Products intended for inhalation without combustion,NES",,25.0,3.0,150.0,15.0,5.0,7.5,297.0
2404.91.00,24,2404,"Other,For oral application",,25.0,3.0,150.0,15.0,5.0,7.5,297.0
2404.92.00,24,2404,"Other,For transdermal application",,25.0,3.0,150.0,15.0,5.0,7.5,297.0
2404.99.10,24,2404,"Products intended for inhalation without combustion,Other, containing nicotine…nes,ot",,25.0,3.0,150.0,15.0,5.0,7.5,297.0
2404.99.90,24,2404,"Products intended for inhalation without combustion,Other, containing nicotine…nes,ot",,25.0,3.0,150.0,15.0,5.0,7.5,297.0
2501.00.10,25,2501,Pure Sodium Chloride Bp/Usp Pyrogen Free,,25.0,3.0,20.0,15.0,5.0,7.5,93.16
2501.00.20,25,2501,Salt (other than pure sodium chlo.)...solution ..salt boulder for crushing & salt in bul,,25.0,3.0,20.0,15.0,5.0,7.5,93.16
2501.00.30,25,2501,"Rock salt, bhit lobon",,25.0,3.0,20.0,15.0,5.0,7.5,93.16
2501.00.91,25,2501,Denatured salt (coloured),,25.0,3.0,20.0,15.0,5.0,7.5,93.16
2501.00.99,25,2501,Other Salt,,25.0,3.0,20.0,15.0,5.0,7.5,93.16
2502.00.00,25,2502,Unroasted Iron Pyrites,,10.0,0.0,0.0,15.0,5.0,7.5,39.75
2503.00.00,25,2503,"Sulphur Of All Kinds (Excl. Sublimed, Precipitated And Colloidal Sulphur)",,0.0,0.0,0.0,0.0,5.0,7.5,12.5
2504.10.00,25,2504,Natural Graphite In Powder Or In Flakes,,5.0,0.0,0.0,15.0,5.0,7.5,33.63
2504.90.00,25,2504,Other Natural Graphite (Excl. In Powder Or In Flakes),,5.0,0.0,0.0,15.0,5.0,7.5,33.63
2505.10.00,25,2505,Silica Sands And Quartz Sands,,5.0,0.0,0.0,15.0,5.0,7.5,33.63
2505.90.00,25,2505,Natural Sands(Ex.Silica & Quartz Sands & Metal-Bearing Sands Of Ch.26)Nes,,5.0,0.0,0.0,15.0,5.0,7.5,33.63
2506.10.00,25,2506,Quartz,,5.0,0.0,0.0,15.0,5.0,7.5,33.63
2506.20.00,25,2506,Quartzite,,5.0,0.0,0.0,15.0,5.0,7.5,33.63
2507.00.10,25,2507,China clays,,15.0,0.0,0.0,15.0,5.0,7.5,45.88
2507.00.90,25,2507,"Kaolin And Other Kaolinic Clays, Whether Or Not Calcined",,15.0,0.0,0.0,15.0,5.0,7.5,45.88
2508.10.00,25,2508,Bentonite,,5.0,0.0,0.0,15.0,5.0,7.5,33.63
2508.30.00,25,2508,Fire-Clay,,5.0,0.0,0.0,15.0,5.0,7.5,33.63
2508.40.10,25,2508,Ball clays,,10.0,0.0,0.0,15.0,5.0,7.5,39.75
2508.40.90,25,2508,"Other Clays, Nes",,10.0,0.0,0.0,15.0,5.0,7.5,39.75
2508.50.00,25,2508,"Andalusite, Kyanite And Sillimanite",,5.0,0.0,0.0,15.0,5.0,7.5,33.63
2508.60.00,25,2508,Mullite,,5.0,0.0,0.0,15.0,5.0,7.5,33.63
2508.70.00,25,2508,Chamotte Or Dinas Earths,,5.0,0.0,0.0,15.0,5.0,7.5,33.63
2509.00.00,25,2509,CHALK,,10.0,0.0,0.0,15.0,5.0,7.5,39.75
2511.10.00,25,2511,Natural Barium Sulphate (Barytes),,5.0,0.0,0.0,15.0,5.0,7.5,33.63
2511.20.00,25,2511,Natural Barium Carbonate (Whitherife),,5.0,0.0,0.0,15.0,5.0,7.5,33.63
2512.00.00,25,2512,"Siliceous Fossil Meals (Kieselguhr, Tripolite, Etc); Siliceous Earths",,5.0,0.0,0.0,15.0,5.0,7.5,33.63
2513.10.00,25,2513,Pumice stone,,5.0,0.0,0.0,15.0,5.0,7.5,33.63
2513.20.00,25,2513,"Emery, Natural Corundum, Natural Garnet And Other Natural Abrasives",,5.0,0.0,0.0,15.0,5.0,7.5,33.63
2514.00.00,25,2514,"Slate, Roughly Trimmed Or Merely Cut Into Blocks On Slabs",,25.0,3.0,0.0,15.0,5.0,7.5,61.8
2515.11.00,25,2515,"MARBLE AND TRAVERTINE,CRUDE OR ROUGHLY TRIMMED",,25.0,3.0,45.0,15.0,5.0,7.5,132.36
2515.12.00,25,2515,"Merely cut, by sawing or otherwise, into blocks ....a rectan.. (including square) shape",,25.0,3.0,45.0,15.0,5.0,7.5,132.36
2515.20.00,25,2515,Ecaussine And Other Calcareous Building Stone; Alabaster,,25.0,3.0,45.0,15.0,5.0,7.5,132.36
2516.11.00,25,2516,"GRANITE, CRUDE OR ROUGHLY TRIMMED",,25.0,3.0,45.0,15.0,5.0,7.5,132.36
2516.12.00,25,2516,"Granite, Merely Cut Into Blocks On Slabs Of A Square Or Rectangular Shape",,25.0,3.0,45.0,15.0,5.0,7.5,132.36
2516.20.00,25,2516,Sandstone,,5.0,20.0,0.0,15.0,5.0,7.5,58.13
2516.90.10,25,2516,Boulder stone,,5.0,0.0,10.0,15.0,5.0,7.5,46.49
2516.90.90,25,2516,Other than Boulder stone,,25.0,3.0,0.0,15.0,5.0,7.5,61.8
2517.10.10,25,2517,Flint/grinding pebbles,,5.0,0.0,0.0,15.0,5.0,7.5,33.63
2517.10.90,25,2517,Broken or crushed stone,,5.0,0.0,30.0,15.0,5.0,7.5,72.21
2517.20.00,25,2517,"Macadam Of Slag, Dross Or Similar Industrial Waste",,25.0,3.0,0.0,15.0,5.0,7.5,61.8
2517.30.00,25,2517,Tarred Macadam,,25.0,3.0,0.0,15.0,5.0,7.5,61.8
2517.41.00,25,2517,"Marble Granules, Chippings And Powder",,25.0,3.0,0.0,15.0,5.0,7.5,61.8
2518.10.00,25,2518,Dolomite Not Calcined,,5.0,0.0,0.0,15.0,5.0,7.5,33.63
2518.20.00,25,2518,Calcined Dolomite,,5.0,0.0,0.0,15.0,5.0,7.5,33.63
2519.10.00,25,2519,NATURAL MAGNESIUM CARBONATE (MAGNESITE),,10.0,0.0,0.0,15.0,5.0,7.5,39.75
2519.90.00,25,2519,Magnesia And Other Magnesium Oxide,,10.0,0.0,0.0,15.0,5.0,7.5,39.75
2520.10.10,25,2520,Gypsum; Anhydrite,,0.0,0.0,0.0,0.0,5.0,7.5,12.5
2520.10.90,25,2520,Gypsum; Anhydrite,,5.0,0.0,0.0,15.0,5.0,7.5,33.63
2520.20.00,25,2520,Plasters,,5.0,0.0,0.0,15.0,5.0,7.5,33.63
2521.00.10,25,2521,Boulder limestone,,5.0,0.0,10.0,15.0,5.0,7.5,46.49
2521.00.90,25,2521,Other,,5.0,0.0,30.0,15.0,5.0,7.5,72.21
2522.10.00,25,2522,Quicklime,,5.0,0.0,0.0,15.0,5.0,7.5,33.63
2522.20.00,25,2522,Slaked Lime,,5.0,0.0,0.0,15.0,5.0,7.5,33.63
2522.30.00,25,2522,Hydraulic Lime,,5.0,0.0,0.0,15.0,5.0,7.5,33.63
2523.10.00,25,2523,Cement clinkers,,25.0,3.0,0.0,15.0,2.0,7.5,58.8
2523.21.00,25,2523,White Portland Cement,,25.0,3.0,20.0,15.0,5.0,7.5,93.16
2523.29.00,25,2523,"PORTLAND CEMENT, EXCL WHITE CEMENT, WHETHER OR NOT ARTIFICIALLY COLOURED",,25.0,3.0,20.0,15.0,5.0,7.5,93.16
2523.30.00,25,2523,Aluminous cement,,25.0,3.0,0.0,15.0,5.0,7.5,61.8
2523.90.00,25,2523,Other Hydraulic Cements,,25.0,3.0,0.0,15.0,5.0,7.5,61.8
2524.10.00,25,2524,Crocidolite,,25.0,3.0,0.0,15.0,5.0,7.5,61.8
2524.90.10,25,2524,Chrysolite fibre,,25.0,3.0,0.0,15.0,5.0,7.5,61.8
2524.90.90,25,2524,Asbestos. Excl. Crocidolite,,25.0,3.0,0.0,15.0,5.0,7.5,61.8
2525.10.00,25,2525,Crude Mica And Mica Rifted Into Sheets Or Splittings,,5.0,0.0,0.0,15.0,5.0,7.5,33.63
2525.20.00,25,2525,Mica Powder,,5.0,0.0,0.0,15.0,5.0,7.5,33.63
2525.30.00,25,2525,Mica Waste,,5.0,0.0,0.0,15.0,5.0,7.5,33.63
2526.10.00,25,2526,"Natural Steatite, Talc, Not Crushed Or Powdered",,10.0,0.0,0.0,15.0,5.0,7.5,39.75
2526.20.10,25,2526,"Natural Steatite, Talc, Crushed Or Powdered",,10.0,0.0,0.0,15.0,5.0,7.5,39.75
2526.20.90,25,2526,"Natural Steatite, Talc, Crushed Or Powdered",,10.0,0.0,0.0,15.0,5.0,7.5,39.75
2528.00.00,25,2528,Natural borates and concentrates thereof (whether or not calcined) but not including ..H,,10.0,0.0,0.0,15.0,5.0,7.5,39.75
2529.10.00,25,2529,Felspar,,5.0,0.0,0.0,15.0,5.0,7.5,33.63
2529.21.00,25,2529,Fluorspar Containing By Weight <=97% Of Calcium Fluoride,,5.0,0.0,0.0,15.0,5.0,7.5,33.63
2529.22.00,25,2529,Fluorspar Containing By Weight >97% Of Calcium Fluoride,,5.0,0.0,0.0,15.0,5.0,7.5,33.63
2529.30.00,25,2529,Leucite Nepheline And Nepheline Syenite,,5.0,0.0,0.0,15.0,5.0,7.5,33.63
2530.10.00,25,2530,"Vermiculite, perlite and chlorites, unexpanded",,5.0,0.0,0.0,15.0,5.0,7.5,33.63
2530.20.00,25,2530,"Kieserite, Epsomite (Natural Magnesium Sulphates)",,5.0,0.0,0.0,15.0,5.0,7.5,33.63
2530.90.00,25,2530,"Other Mineral Substances, Nes",,5.0,0.0,0.0,15.0,5.0,7.5,33.63
2601.11.00,26,2601,"Non-Agglomerated Iron Ores & Concentrates,Other Than Roasted Iron Pyrites",,5.0,0.0,0.0,0.0,2.0,7.5,14.88
2601.12.00,26,2601,"Agglomerated Iron Ores & Concentrates,Other Than Roasted Iron Pyrites",,5.0,0.0,0.0,0.0,2.0,7.5,14.88
2601.20.00,26,2601,Roasted Iron Pyrites,,5.0,0.0,0.0,0.0,2.0,7.5,14.88
2602.00.00,26,2602,"Manganese Ores/Concentrates(Inc.Ferruginous), With Manganese Cont.Of=>20%",,0.0,0.0,0.0,0.0,2.0,7.5,9.5
2603.00.00,26,2603,Copper Ores And Concentrates,,5.0,0.0,0.0,15.0,5.0,7.5,33.63
2604.00.00,26,2604,Nickel Ores And Concentrates,,5.0,0.0,0.0,15.0,5.0,7.5,33.63
2605.00.00,26,2605,Cobalt Ores And Concentrates,,5.0,0.0,0.0,15.0,5.0,7.5,33.63
2606.00.00,26,2606,Aluminium Ores And Concentrates,,5.0,0.0,0.0,15.0,5.0,7.5,33.63
2607.00.00,26,2607,Lead Ores And Concentrates,,5.0,0.0,0.0,15.0,5.0,7.5,33.63
2608.00.00,26,2608,Zinc Ores And Concentrates,,5.0,0.0,0.0,15.0,5.0,7.5,33.63
2609.00.00,26,2609,Tin Ores And Concentrates,,5.0,0.0,0.0,15.0,5.0,7.5,33.63
2610.00.00,26,2610,Chromium Ores And Concentrates,,5.0,0.0,0.0,15.0,5.0,7.5,33.63
2611.00.00,26,2611,Tungsten Ores And Concentrates,,5.0,0.0,0.0,15.0,5.0,7.5,33.63
2612.10.00,26,2612,Uranium Ores And Concentrates,,5.0,0.0,0.0,15.0,5.0,7.5,33.63
2612.20.00,26,2612,Thorium Ores And Concentrates,,5.0,0.0,0.0,15.0,5.0,7.5,33.63
2613.10.00,26,2613,Roasted Molybdenum Ores And Concentrates,,5.0,0.0,0.0,15.0,5.0,7.5,33.63
2613.90.00,26,2613,Molybdenum Ores And Concentrates (Excl. Roasted),,5.0,0.0,0.0,15.0,5.0,7.5,33.63
2614.00.00,26,2614,Titanium Ores And Concentrates,,5.0,0.0,0.0,15.0,5.0,7.5,33.63
2615.10.00,26,2615,Zirconium Ores And Concentrates,,5.0,0.0,0.0,15.0,5.0,7.5,33.63
2615.90.00,26,2615,"Niobium, Tantalum And Vanadium Ores And Concentrates",,5.0,0.0,0.0,15.0,5.0,7.5,33.63
2616.10.00,26,2616,Silver Ores And Concentrates,,5.0,0.0,0.0,15.0,5.0,7.5,33.63
2616.90.10,26,2616,Gold ores,,5.0,0.0,0.0,15.0,5.0,7.5,33.63
2616.90.90,26,2616,Precious metal ores and concentrates.. other than ind. IRC holder VAT Com gold ref,,5.0,0.0,0.0,15.0,5.0,7.5,33.63
2617.10.00,26,2617,Antimony Ores And Concentrates,,5.0,0.0,0.0,15.0,5.0,7.5,33.63
2617.90.00,26,2617,"Other Ores And Concentrates, Nes",,5.0,0.0,0.0,15.0,5.0,7.5,33.63
2618.00.00,26,2618,Granulated Slag (Slag Sand) From The Manufacture Of Iron Or Steel,,5.0,0.0,0.0,15.0,5.0,7.5,33.63
2619.00.00,26,2619,"Slag,Dross,Etc,From The Manufacture Of Iron/Steel (Excl.Granulated Slag)",,10.0,0.0,0.0,15.0,5.0,7.5,39.75
2620.11.00,26,2620,Hard Zinc Spelter,,5.0,0.0,0.0,15.0,5.0,7.5,33.63
2620.19.00,26,2620,Ash And Residues Containing Mainly Zinc (Excl. Hard Zinc Spelter),,5.0,0.0,0.0,15.0,5.0,7.5,33.63
2620.29.00,26,2620,"CONTAINING MAINLY LEAD, OTHER",,5.0,0.0,0.0,15.0,5.0,7.5,33.63
2620.30.00,26,2620,Ash And Residues Containing Mainly Copper,,5.0,0.0,0.0,15.0,5.0,7.5,33.63
2620.40.00,26,2620,Ash And Residues Containing Mainly Aluminium,,5.0,0.0,0.0,15.0,5.0,7.5,33.63
2620.91.00,26,2620,"CONTAINING ANTIMONY,BERYLLIUM,CADMIUM,CHROMIUM OR THEIR MIXTURES",,5.0,0.0,0.0,15.0,5.0,7.5,33.63
2620.99.10,26,2620,FLY ASH,,5.0,5.0,0.0,15.0,5.0,7.5,39.75
2621.10.00,26,2621,ASH AND RESIDUES FROM THE INCINERATION OF MUNICIPAL WASTE,,5.0,0.0,0.0,15.0,5.0,7.5,33.63
2621.90.10,26,2621,CRUDE POTASSIUM SAALTS OBTAINED FROM RESIDUES OF BEET MOLASSES,,5.0,0.0,0.0,15.0,5.0,7.5,33.63
2701.11.00,27,2701,"Anthracite Coal, Not Agglomerated",,0.0,0.0,0.0,15.0,5.0,7.5,27.5
2701.12.00,27,2701,"Bituminous Coal, Not Agglomerated",,0.0,0.0,0.0,15.0,5.0,7.5,27.5
2701.19.00,27,2701,"Other Coal, Not Agglomerated, Nes",,0.0,0.0,0.0,15.0,5.0,7.5,27.5
2701.20.00,27,2701,"Briquettes, Ovoids And Similar Solid Fuels Manufactured From Coal",,5.0,0.0,0.0,15.0,5.0,7.5,33.63
2702.10.00,27,2702,"Lignite, Not Agglomerated",,10.0,0.0,0.0,15.0,5.0,7.5,39.75
2702.20.00,27,2702,Agglomerated Lignite,,10.0,0.0,0.0,15.0,5.0,7.5,39.75
2703.00.00,27,2703,"Peat (Incl. Peat Litter), Whetehr Or Not Agglomerated.",,10.0,0.0,0.0,15.0,5.0,7.5,39.75
2704.00.00,27,2704,"Coke And Semi-Coke Of Coal, Of Lignite Or Of Peat; Retort Carbon",,5.0,0.0,0.0,15.0,5.0,7.5,33.63
2705.00.00,27,2705,"Coal Gas, Water Gas, Producer Gas And Similar Gases, Not Petroleum Gases",,10.0,0.0,0.0,15.0,5.0,7.5,39.75
2706.00.10,27,2706,"Crude, Tar",,15.0,0.0,0.0,15.0,5.0,7.5,45.88
2706.00.90,27,2706,"Tar Distilled From Coal,Lignite Or Peat,& Other Mineral Tars Nes(Exc.Crude",,10.0,15.0,0.0,15.0,5.0,7.5,58.13
2707.10.00,27,2707,Benzole,,10.0,0.0,0.0,15.0,5.0,7.5,39.75
2707.20.00,27,2707,Toluole,,10.0,0.0,0.0,15.0,5.0,7.5,39.75
2707.30.00,27,2707,Xylole,,10.0,0.0,0.0,15.0,5.0,7.5,39.75
2707.40.00,27,2707,Naphthalene,,10.0,0.0,0.0,15.0,5.0,7.5,39.75
2707.50.10,27,2707,Rubber process oil,,10.0,0.0,0.0,15.0,5.0,7.5,39.75
2707.50.90,27,2707,Other Aromatic Hydrocarbon Mixtures Of Which >=65% Distils At 250oc,,10.0,0.0,0.0,15.0,5.0,7.5,39.75
2707.91.00,27,2707,Creosote Oils,,10.0,0.0,0.0,15.0,5.0,7.5,39.75
2707.99.10,27,2707,Rubber process oil,,10.0,0.0,0.0,15.0,5.0,7.5,39.75
2707.99.90,27,2707,"Other Oils And Other Products, Of The Distil Of Coal Tar.",,10.0,0.0,0.0,15.0,5.0,7.5,39.75
2708.10.00,27,2708,Pitch Obtained From Coal Tar Or From Other Mineral Tars,,10.0,0.0,0.0,15.0,5.0,7.5,39.75
2708.20.00,27,2708,Pitch Coke Obtained From Coal Tar Or From Other Mineral Tars,,10.0,0.0,0.0,15.0,5.0,7.5,39.75
2709.00.00,27,2709,"Petroleum Oils And Oils Obtained From Bituminous Minerals, Crude TV",,3.0,0.0,0.0,15.0,2.0,7.5,28.18
2710.12.11,27,2710,"Motor spirit of HBOC Type, TV",,6.0,0.0,0.0,15.0,2.0,7.5,31.85
2710.12.19,27,2710,"Other motor spirits, including aviation spirit, TV",,6.0,0.0,0.0,15.0,2.0,7.5,31.85
2710.12.20,27,2710,"Spirit type jet fuel, TV",,6.0,0.0,0.0,15.0,2.0,7.5,31.85
2710.12.31,27,2710,"White spirit, TV",,6.0,0.0,0.0,15.0,2.0,7.5,31.85
2710.12.32,27,2710,"Naphtha, TV",,3.0,0.0,0.0,15.0,2.0,7.5,28.18
2710.12.39,27,2710,"Other light oils and preparation, (EXLC. White spirit & naphtah)",,25.0,3.0,0.0,15.0,2.0,7.5,58.8
2710.12.41,27,2710,"JP1 kerosene type jet fuels, TV",,6.0,0.0,0.0,15.0,2.0,7.5,31.85
2710.12.42,27,2710,"JP4 kerosene type jet fuels, TV",,6.0,0.0,0.0,15.0,2.0,7.5,31.85
2710.12.43,27,2710,"Other kerosene type jet fuels, TV",,6.0,0.0,0.0,15.0,2.0,7.5,31.85
2710.12.49,27,2710,"Other kerosene, TV",,6.0,0.0,0.0,15.0,2.0,7.5,31.85
2710.12.50,27,2710,Other medium oils and preparations,,25.0,3.0,0.0,15.0,2.0,7.5,58.8
2710.12.61,27,2710,"Light diesel oils, TV",,6.0,0.0,0.0,15.0,2.0,7.5,31.85
2710.12.62,27,2710,"High speed diesel oils, TV",,6.0,0.0,0.0,15.0,2.0,7.5,31.85
2710.12.69,27,2710,Other gas oils (EXCL. Lithg diesel oil &high speed disel oils),,25.0,3.0,0.0,15.0,2.0,7.5,58.8
2710.19.11,27,2710,"OTHER FUEL OILS FURNACE OILS, TV",,10.0,0.0,0.0,15.0,2.0,7.5,36.75
2710.19.19,27,2710,"Fuel oil, NES",,25.0,3.0,0.0,15.0,2.0,7.5,58.8
2710.19.21,27,2710,Base oil,,25.0,3.0,0.0,15.0,5.0,7.5,61.8
2710.19.22,27,2710,"RECYCLED LUBE BASE OIL, TV",,25.0,3.0,0.0,15.0,5.0,7.5,61.8
2710.19.29,27,2710,"LUBRICATING OILS, NES",,25.0,3.0,0.0,15.0,5.0,7.5,61.8
2710.19.31,27,2710,LUBRICATING OIL WHICH HAS ITS FLASHING POINT .. below 220 F b..Jy Abel close test,,15.0,5.0,0.0,15.0,5.0,7.5,52.0
2710.19.32,27,2710,RECYCLED LUBRICATING OIL,,25.0,3.0,0.0,15.0,5.0,7.5,61.8
2710.19.39,27,2710,"OTHER HEAVY OILS AND PREPARATIONS, NES",,25.0,3.0,0.0,15.0,5.0,7.5,61.8
2710.19.41,27,2710,HEAVEY NORMAL PARAFFIN IN DRUM,,15.0,3.0,0.0,15.0,5.0,7.5,49.55
2710.19.49,27,2710,HEAVY NORMAL PARAFFIN OTHER THAN DRUM,,15.0,3.0,0.0,15.0,5.0,7.5,49.55
2710.19.51,27,2710,LIQUID PARAFFIN IN DRUM,,15.0,0.0,0.0,15.0,5.0,7.5,45.88
2710.19.59,27,2710,LIQUID PARAFIN OTHER THAN DRUM,,15.0,0.0,0.0,15.0,5.0,7.5,45.88
2710.19.61,27,2710,LIQUID PARAFFIN IN DRUM,,15.0,0.0,0.0,15.0,5.0,7.5,45.88
2710.19.69,27,2710,LIQUID PARAFFIN OTHER THAN DRUM,,15.0,0.0,0.0,15.0,5.0,7.5,45.88
2710.19.71,27,2710,Transforme Oil in Drum,,10.0,0.0,0.0,15.0,5.0,7.5,39.75
2710.19.79,27,2710,Transformer Oil Other than in drum,,10.0,0.0,0.0,15.0,5.0,7.5,39.75
2710.19.81,27,2710,Greases (mineral) wrapped/canned up to 2.5kg,,25.0,3.0,0.0,15.0,5.0,7.5,61.8
2710.19.89,27,2710,Greases (mineral) other than wrapped/canned,,25.0,3.0,0.0,15.0,5.0,7.5,61.8
2710.19.91,27,2710,MINERAL OIL WHICH HAS ITS FLASIHING POINT =>200D F USED AT JUT OF OTHER FIBER,,15.0,3.0,0.0,15.0,5.0,7.5,49.55
2710.19.92,27,2710,MINERAL OIL FOR THE MANUFACTURE OF INSECTICIDES,,5.0,0.0,0.0,15.0,5.0,7.5,33.63
2710.19.93,27,2710,PARTLY REFINED PETROLEUM INCLUDING TOPPED CRUDES,,25.0,3.0,0.0,15.0,5.0,7.5,61.8
2710.19.99,27,2710,"OTHER HEAVY OILS AND PREPARATION, NES",,25.0,3.0,0.0,15.0,5.0,7.5,61.8
2710.20.00,27,2710,"Petroleum oils and oils obtained from bituminous minerals , containing biodiesel, othe",,10.0,0.0,0.0,15.0,5.0,7.5,39.75
2710.91.00,27,2710,"WASTE OILS,CONTAINING POLYCHLORINATED BIPHENYLS(PCBS)..POL.BIP. (PBBS)",,25.0,3.0,0.0,15.0,5.0,7.5,61.8
2710.99.00,27,2710,OTHER WASTE OILS,,25.0,3.0,0.0,15.0,5.0,7.5,61.8
2711.11.00,27,2711,"Natural Gas, Liquefied",,0.0,0.0,0.0,0.0,2.0,7.5,9.5
2711.12.00,27,2711,"Propane, Liquefied",,0.0,0.0,0.0,0.0,2.0,7.5,9.5
2711.13.00,27,2711,"Butanes, Liquefied",,0.0,0.0,0.0,0.0,2.0,7.5,9.5
2711.14.10,27,2711,Ethylene/propylene,,5.0,0.0,0.0,15.0,5.0,7.5,33.63
2711.14.90,27,2711,"Ethylene, Propylene, Butylene And Butadiene, Liquefied",,5.0,0.0,0.0,15.0,5.0,7.5,33.63
2711.19.00,27,2711,"Petroleum Gases And Other Gaseous Hydrocarbons, Liquefied, Nes",,5.0,0.0,0.0,15.0,5.0,7.5,33.63
2711.21.00,27,2711,Natural Gas In Gaseous State,,5.0,0.0,0.0,15.0,5.0,7.5,33.63
2711.29.00,27,2711,"Petroleum Gases And Other Gaseous Hydrocarbons In Gaseous State, Nes",,5.0,0.0,0.0,15.0,5.0,7.5,33.63
2712.10.00,27,2712,Petroleum Jelly,,15.0,0.0,0.0,15.0,5.0,7.5,45.88
2712.20.00,27,2712,Paraffin wax containing by weight less than 0.75% of oil,,15.0,0.0,0.0,15.0,5.0,7.5,45.88
2712.90.10,27,2712,Tube lessening jel,,15.0,0.0,0.0,15.0,5.0,7.5,45.88
2713.11.00,27,2713,"Petroleum Coke, Not Calcined",,10.0,0.0,0.0,15.0,5.0,7.5,39.75
2713.12.00,27,2713,Calcined Petroleum Coke,,5.0,0.0,0.0,15.0,5.0,7.5,33.63
2713.90.00,27,2713,Other Residues Of Petroleum Oils Or Of Oils... Mineral,,5.0,0.0,0.0,15.0,5.0,7.5,33.63
2714.10.00,27,2714,Bituminous Or Oil Shale And Tar Sands,,10.0,0.0,0.0,15.0,5.0,7.5,39.75
2715.00.00,27,2715,"Bituminous Mixtures Based On Natural Asphalt, Bitumen...(Eg. Cut-Backs)",,10.0,0.0,0.0,15.0,5.0,7.5,39.75
2716.00.00,27,2716,Electrical Energy(Optional Heading),,5.0,0.0,0.0,15.0,5.0,7.5,33.63
2801.10.00,28,2801,Chlorine,,5.0,0.0,0.0,15.0,5.0,7.5,33.63
2801.20.00,28,2801,Iodine,,5.0,0.0,0.0,15.0,5.0,7.5,33.63
2801.30.00,28,2801,Fluorine; Bromine,,5.0,0.0,0.0,15.0,5.0,7.5,33.63
2802.00.00,28,2802,"Sulphur, Sublimed Or Precipitated; Colloidal Sulphur",,5.0,0.0,0.0,15.0,5.0,7.5,33.63
2803.00.00,28,2803,"Carbon (Carbon Blacks And Other Forms Of Carbon, Nesoi)",,5.0,0.0,0.0,15.0,5.0,7.5,33.63
2804.10.00,28,2804,Hydrogen,,5.0,0.0,0.0,15.0,5.0,7.5,33.63
2804.21.00,28,2804,0Argon,,5.0,15.0,0.0,15.0,5.0,7.5,52.0
2804.29.00,28,2804,Rare Gases (Excl. Argon),,5.0,0.0,0.0,15.0,5.0,7.5,33.63
2804.30.00,28,2804,Nitrogen,,5.0,15.0,0.0,15.0,5.0,7.5,52.0
2804.40.00,28,2804,Oxygen,,5.0,15.0,0.0,15.0,5.0,7.5,52.0
2804.50.00,28,2804,Boron; Tellurium,,5.0,0.0,0.0,15.0,5.0,7.5,33.63
2804.61.00,28,2804,Silicon Containing By Weight >=99.99% Silicon,,5.0,0.0,0.0,15.0,5.0,7.5,33.63
2804.69.00,28,2804,Silicon Containing By Weight <99.99% Silicon,,5.0,0.0,0.0,15.0,5.0,7.5,33.63
2804.70.00,28,2804,Phosphorus,,5.0,0.0,0.0,15.0,5.0,7.5,33.63
2804.80.00,28,2804,Arsenic,,5.0,0.0,0.0,15.0,5.0,7.5,33.63
2804.90.00,28,2804,Selenium,,5.0,0.0,0.0,15.0,5.0,7.5,33.63
2805.11.00,28,2805,Sodium,,10.0,0.0,0.0,15.0,5.0,7.5,39.75
2805.12.00,28,2805,CALCIUM,,10.0,0.0,0.0,15.0,5.0,7.5,39.75
2805.19.00,28,2805,Alkali Metals (Excl. Sodium),,10.0,0.0,0.0,15.0,5.0,7.5,39.75
2805.30.00,28,2805,"Rare-Earth Metals, Scandium And Yttrium",,10.0,0.0,0.0,15.0,5.0,7.5,39.75
2805.40.00,28,2805,Mercury,,10.0,0.0,0.0,15.0,5.0,7.5,39.75
2806.10.00,28,2806,Hydrogen Chloride (Hydrochloric Acid),,10.0,0.0,0.0,15.0,5.0,7.5,39.75
2806.20.00,28,2806,Chlorosulphuric Acid,,10.0,0.0,0.0,15.0,5.0,7.5,39.75
2807.00.00,28,2807,Sulphuric Acid; Oleum,,5.0,15.0,20.0,15.0,5.0,7.5,81.4
2808.00.00,28,2808,Nitric Acid; Sulphonitric Acids,,10.0,0.0,0.0,15.0,5.0,7.5,39.75
2809.10.00,28,2809,Diphosphorus Pentaoxide,,10.0,0.0,0.0,15.0,5.0,7.5,39.75
2809.20.00,28,2809,Phosphoric Acid And Polyphosphoric Acids,,10.0,0.0,0.0,15.0,5.0,7.5,39.75
2810.00.10,28,2810,Boric Acid,,0.0,0.0,0.0,15.0,5.0,7.5,27.5
2810.00.90,28,2810,OTH..Oxides of boron; boric acids,,10.0,0.0,0.0,15.0,5.0,7.5,39.75
2811.11.00,28,2811,Hydrogen Fluoride (Hydrofluoric Acid),,10.0,0.0,0.0,15.0,5.0,7.5,39.75
2811.12.00,28,2811,Hydrogen cyanide (hydrocyanic acid),,10.0,0.0,0.0,15.0,5.0,7.5,39.75
2811.19.00,28,2811,"Other Inorganic Acids, Nes",,10.0,0.0,0.0,15.0,5.0,7.5,39.75
2811.21.00,28,2811,Carbon Dioxide,,5.0,5.0,0.0,15.0,5.0,7.5,39.75
2811.22.00,28,2811,Silicon Dioxide,,5.0,0.0,0.0,15.0,5.0,7.5,33.63
2811.29.10,28,2811,Silica gel,,10.0,0.0,0.0,15.0,5.0,7.5,39.75
2811.29.90,28,2811,Silica gel imported by other than VAT registered motorcycle assembling and manufa,,10.0,0.0,0.0,15.0,5.0,7.5,39.75
2812.11.00,28,2812,"Chlorides & Chloride Oxides, Carbonyl dichloride (phosgene)",,10.0,0.0,0.0,15.0,5.0,7.5,39.75
2812.12.00,28,2812,Phosphorus oxychloride,,10.0,0.0,0.0,15.0,5.0,7.5,39.75
2812.13.00,28,2812,Phosphorus trichloride,,10.0,0.0,0.0,15.0,5.0,7.5,39.75
2812.14.00,28,2812,Phosphorus pentachloride,,10.0,0.0,0.0,15.0,5.0,7.5,39.75
2812.15.00,28,2812,Sulphur monochloride,,10.0,0.0,0.0,15.0,5.0,7.5,39.75
2812.16.00,28,2812,Sulphur dichloride,,10.0,0.0,0.0,15.0,5.0,7.5,39.75
2812.17.00,28,2812,Thionyl chloride,,10.0,0.0,0.0,15.0,5.0,7.5,39.75
2812.19.10,28,2812,Arsenic trichloride,,10.0,0.0,0.0,15.0,5.0,7.5,39.75
2812.19.90,28,2812,Other Than Arsenic trichloride,,10.0,0.0,0.0,15.0,5.0,7.5,39.75
2812.90.00,28,2812,"Halides And Halide Oxides Of Non-Metals, Nes",,10.0,0.0,0.0,15.0,5.0,7.5,39.75
2813.10.00,28,2813,Carbon Disulphide,,10.0,0.0,0.0,15.0,5.0,7.5,39.75
2813.90.00,28,2813,"Sulphides Of Non-Metals(Ex.Carbon Disulphide)Comrcl,Phosphorus Trisulphide",,10.0,0.0,0.0,15.0,5.0,7.5,39.75
2814.10.00,28,2814,Anhydrous Ammonia,,10.0,0.0,0.0,15.0,5.0,7.5,39.75
2814.20.00,28,2814,Ammonia In Aqueous Solution,,10.0,0.0,0.0,15.0,5.0,7.5,39.75
2815.11.00,28,2815,"Sodium Hydroxide (Caustic Soda), Solid",,25.0,3.0,0.0,15.0,5.0,7.5,61.8
2815.12.00,28,2815,Sodium Hydroxide In Aqueous Solution (Soda Lye Or Liquid Soda),,25.0,3.0,0.0,15.0,5.0,7.5,61.8
2815.20.00,28,2815,Potassium Hydroxide (Caustic Potash),,25.0,3.0,0.0,15.0,5.0,7.5,61.8
2815.30.00,28,2815,Peroxides Of Sodium Or Potassium,,25.0,3.0,0.0,15.0,5.0,7.5,61.8
2816.10.00,28,2816,Hydroxide and peroxide of magnesium,,5.0,0.0,0.0,15.0,5.0,7.5,33.63
2816.40.00,28,2816,"OXIDES, HYDROXIDES AND PEROXIDES OF STRONTIUM OR BARIUM",,5.0,0.0,0.0,15.0,5.0,7.5,33.63
2817.00.00,28,2817,Zinc Oxide; Zinc Peroxide,,5.0,0.0,0.0,15.0,5.0,7.5,33.63
2818.10.00,28,2818,"Artificial corundum, whether or not chemically defined",,5.0,0.0,0.0,15.0,5.0,7.5,33.63
2818.20.00,28,2818,"Aluminium oxide, other than artificial corundum",,5.0,0.0,0.0,0.0,5.0,7.5,17.88
2818.30.00,28,2818,Aluminium Hydroxide,,5.0,0.0,0.0,15.0,5.0,7.5,33.63
2819.10.00,28,2819,Chromium Trioxide,,5.0,0.0,0.0,15.0,5.0,7.5,33.63
2819.90.00,28,2819,Chromium Oxides And Hydroxides (Excl. Chromium Trioxide),,5.0,0.0,0.0,15.0,5.0,7.5,33.63
2820.10.00,28,2820,Manganese Dioxide,,5.0,0.0,0.0,15.0,5.0,7.5,33.63
2820.90.00,28,2820,Other Manganese Oxides (Excl. Manganese Dioxide),,5.0,0.0,0.0,15.0,5.0,7.5,33.63
2821.10.00,28,2821,Iron Oxides And Hydroxides,,5.0,0.0,0.0,0.0,2.0,7.5,14.88
2821.20.00,28,2821,Earth Colours Containing >=70% By Weight Of Combined Iron,,5.0,0.0,0.0,15.0,5.0,7.5,33.63
2822.00.00,28,2822,Cobalt Oxides And Hydroxides; Commercial Cobalt Oxides,,5.0,0.0,0.0,15.0,5.0,7.5,33.63
2823.00.00,28,2823,Titanium Oxides,,5.0,0.0,0.0,15.0,5.0,7.5,33.63
2824.10.00,28,2824,"Lead Monoxide (Litharge, Massicot)",,5.0,0.0,0.0,15.0,5.0,7.5,33.63
2824.90.10,28,2824,Red Lead,,5.0,0.0,0.0,15.0,5.0,7.5,33.63
2824.90.20,28,2824,Red lead oxide,,5.0,0.0,0.0,15.0,5.0,7.5,33.63
2824.90.90,28,2824,Excl. Red Lead,,5.0,0.0,0.0,15.0,5.0,7.5,33.63
2825.10.00,28,2825,Hydrazine And Hydroxylamine And Their Inorganic Salts,,10.0,0.0,0.0,15.0,5.0,7.5,39.75
2825.20.00,28,2825,Lithium Oxide And Hydroxide,,10.0,0.0,0.0,15.0,5.0,7.5,39.75
2825.30.00,28,2825,Vanadium Oxides And Hydroxides,,10.0,0.0,0.0,15.0,5.0,7.5,39.75
2825.40.00,28,2825,Nickel Oxides And Hydroxides,,10.0,0.0,0.0,15.0,5.0,7.5,39.75
2825.50.00,28,2825,Copper Oxides And Hydroxides,,5.0,0.0,0.0,15.0,5.0,7.5,33.63
2825.60.00,28,2825,Germanium Oxides And Zirconium Dioxides,,10.0,0.0,0.0,15.0,5.0,7.5,39.75
2825.70.00,28,2825,Molybdenum Oxides And Hydroxides,,10.0,0.0,0.0,15.0,5.0,7.5,39.75
2825.80.00,28,2825,Antimony Oxides,,10.0,0.0,0.0,15.0,5.0,7.5,39.75
2825.90.00,28,2825,"Other Inorganic Bases; Other Metal Oxides, Hydroxides And Peroxides, Nes",,10.0,0.0,0.0,15.0,5.0,7.5,39.75
2826.12.00,28,2826,Fluorides Of Aluminium,,10.0,0.0,0.0,15.0,5.0,7.5,39.75
2826.19.10,28,2826,Sodium silicon fluoride,,5.0,0.0,0.0,15.0,5.0,7.5,33.63
2826.19.90,28,2826,Other than Sodium silicon fluoride,,10.0,0.0,0.0,15.0,5.0,7.5,39.75
2826.30.00,28,2826,Sodium Hexafluoro Aluminate (Synthetic Cryolite),,10.0,0.0,0.0,15.0,5.0,7.5,39.75
2826.90.00,28,2826,"Fluorosilicates Nes;Fluoroaluminates And Other Complex Fluorine Salts,Nes",,10.0,0.0,0.0,15.0,5.0,7.5,39.75
2827.10.00,28,2827,Ammonium Chloride,,10.0,0.0,0.0,15.0,5.0,7.5,39.75
2827.20.00,28,2827,Calcium Chloride,,10.0,0.0,0.0,15.0,5.0,7.5,39.75
2827.31.00,28,2827,Magnesium Chloride,,5.0,0.0,0.0,15.0,5.0,7.5,33.63
2827.32.00,28,2827,Aluminium Chloride,,10.0,0.0,0.0,15.0,5.0,7.5,39.75
2827.35.00,28,2827,Nickel Chloride,,10.0,0.0,0.0,15.0,5.0,7.5,39.75
2827.39.00,28,2827,"Chlorides, nes",,10.0,0.0,0.0,15.0,5.0,7.5,39.75
2827.41.00,28,2827,Chloride Oxides And Chloride Hydroxides Of Copper,,10.0,0.0,0.0,15.0,5.0,7.5,39.75
2827.49.00,28,2827,Chloride Oxides And Chloride Hydroxides (Excl. Of Copper),,10.0,0.0,0.0,15.0,5.0,7.5,39.75
2827.51.00,28,2827,Bromides Of Sodium Or Of Potassium,,10.0,0.0,0.0,15.0,5.0,7.5,39.75
2827.59.00,28,2827,Bromides And Bromide Oxides (Excl. Of Sodium And Potassium),,10.0,0.0,0.0,15.0,5.0,7.5,39.75
2827.60.00,28,2827,Iodides And Iodide Oxides,,10.0,0.0,0.0,15.0,5.0,7.5,39.75
2828.10.00,28,2828,Commercial Calcium Hypochlorite And Other Calcium Hypochlorites,,10.0,0.0,0.0,15.0,5.0,7.5,39.75
2828.90.00,28,2828,Hypochlorites (Excl. Of Calcium) And Chlorites; Hypobromites,,10.0,0.0,0.0,15.0,5.0,7.5,39.75
2829.11.00,28,2829,Chlorates Of Sodium,,10.0,0.0,0.0,15.0,5.0,7.5,39.75
2829.19.00,28,2829,Chlorates (excl. of sodium),,10.0,0.0,0.0,15.0,5.0,7.5,39.75
2829.90.10,28,2829,POTASSIUM IODATES,,0.0,0.0,0.0,15.0,5.0,7.5,27.5
2830.10.00,28,2830,Sodium Sulphides,,5.0,0.0,0.0,15.0,5.0,7.5,33.63
2830.90.00,28,2830,"Other Sulphides And Polysulphides (Excl. Of Sodium,Zinc & Cadmium)",,10.0,0.0,0.0,15.0,5.0,7.5,39.75
2831.10.00,28,2831,Dithionites And Sulphoxylates Of Sodium,,5.0,0.0,0.0,15.0,5.0,7.5,33.63
2831.90.00,28,2831,Dithionites And Sulphoxylates (Excl. Of Sodium),,5.0,0.0,0.0,15.0,5.0,7.5,33.63
2832.10.00,28,2832,Sodium Sulphites,,10.0,0.0,0.0,15.0,5.0,7.5,39.75
2832.20.00,28,2832,Other Sulphites (Excl. Sodium),,10.0,0.0,0.0,15.0,5.0,7.5,39.75
2832.30.00,28,2832,Thiosulphates,,10.0,0.0,0.0,15.0,5.0,7.5,39.75
2833.11.00,28,2833,Disodium Sulphate,,25.0,3.0,20.0,15.0,5.0,7.5,93.16
2833.19.00,28,2833,Sodium Sulphates (Excl. Disodium Sulphate),,25.0,3.0,20.0,15.0,5.0,7.5,93.16
2833.21.00,28,2833,Sulphates Of Magnesium,,0.0,0.0,0.0,0.0,2.0,7.5,9.5
2833.22.00,28,2833,Sulphates Of Aluminium,,10.0,0.0,0.0,15.0,5.0,7.5,39.75
2833.24.00,28,2833,Sulphates Of Nickel,,10.0,0.0,0.0,15.0,5.0,7.5,39.75
2833.25.00,28,2833,Sulphates Of Copper,,10.0,0.0,0.0,15.0,5.0,7.5,39.75
2833.27.00,28,2833,Sulphates Of Barium,,5.0,0.0,0.0,15.0,5.0,7.5,33.63
2833.29.10,28,2833,Zinc sulphate,,0.0,0.0,0.0,0.0,2.0,7.5,9.5
2833.29.20,28,2833,CHROMIUM SULPHATE,,5.0,0.0,0.0,15.0,5.0,7.5,33.63
2833.29.90,28,2833,"Sulphates; alums; peroxosulphates (persulphates), nes",,10.0,0.0,0.0,0.0,5.0,7.5,23.25
2833.30.00,28,2833,Alums,,10.0,0.0,0.0,15.0,5.0,7.5,39.75
2833.40.00,28,2833,Peroxosulphates (Persulphates),,10.0,0.0,0.0,15.0,5.0,7.5,39.75
2834.10.00,28,2834,Nitrites,,5.0,0.0,0.0,15.0,5.0,7.5,33.63
2834.21.00,28,2834,Nitrates Of Potassium,,5.0,0.0,0.0,15.0,5.0,7.5,33.63
2834.29.10,28,2834,Sodium nitrate,,5.0,0.0,0.0,15.0,5.0,7.5,33.63
2834.29.90,28,2834,Other than Sodium nitrate,,5.0,0.0,0.0,15.0,5.0,7.5,33.63
2835.10.00,28,2835,Phosphinates (hypophosphites) and phosphonates (phosphites),,5.0,0.0,0.0,15.0,5.0,7.5,33.63
2835.22.00,28,2835,Phosphates Of Mono Or Disodium,,5.0,0.0,0.0,15.0,5.0,7.5,33.63
2835.24.00,28,2835,Phosphates Of Potassium,,5.0,0.0,0.0,15.0,5.0,7.5,33.63
2835.25.00,28,2835,Calcium Hydrogenorthophosphate (Dicalcium Phosphate),,0.0,0.0,0.0,15.0,5.0,7.5,27.5
2835.26.00,28,2835,"Other Phosphates Of Calcium, Nes",,5.0,0.0,0.0,15.0,5.0,7.5,33.63
2835.29.00,28,2835,"Phosphates, nes",,5.0,0.0,0.0,15.0,5.0,7.5,33.63
2835.31.00,28,2835,Sodium Triphosphate (Sodium Tripolyphosphates),,5.0,0.0,0.0,15.0,5.0,7.5,33.63
2835.39.00,28,2835,"Polyphosphates, Nes",,5.0,0.0,0.0,15.0,5.0,7.5,33.63
2836.20.00,28,2836,Disodium Carbonate,,5.0,0.0,0.0,15.0,5.0,7.5,33.63
2836.30.00,28,2836,Sodium Hydrogencarbonate (Sodium Bicarbonate),,5.0,0.0,0.0,15.0,5.0,7.5,33.63
2836.40.00,28,2836,Potassium Carbonates,,5.0,0.0,0.0,15.0,5.0,7.5,33.63
2836.50.00,28,2836,Calcium Carbonate,,10.0,0.0,0.0,15.0,5.0,7.5,39.75
2836.60.00,28,2836,Barium Carbonate,,5.0,0.0,0.0,15.0,5.0,7.5,33.63
2836.91.00,28,2836,Lithium Carbonates,,5.0,0.0,0.0,15.0,5.0,7.5,33.63
2836.92.00,28,2836,Strontium Carbonate,,5.0,0.0,0.0,15.0,5.0,7.5,33.63
2836.99.10,28,2836,Ferrous Carbonate,,5.0,0.0,0.0,15.0,5.0,7.5,33.63
2836.99.90,28,2836,"Other Carnonates; Peroxocarbonates, Excl. Ferrous Carbonate",,5.0,0.0,0.0,15.0,5.0,7.5,33.63
2837.11.00,28,2837,Cyanides And Cyanide Oxides Of Sodium,,10.0,0.0,0.0,15.0,5.0,7.5,39.75
2837.19.00,28,2837,"Other Cyanides, Cyanide Oxides (Excl. Sodium)",,10.0,0.0,0.0,15.0,5.0,7.5,39.75
2837.20.00,28,2837,Complex Cyanides,,10.0,0.0,0.0,15.0,5.0,7.5,39.75
2839.11.00,28,2839,Sodium Metasilicates,,10.0,0.0,0.0,15.0,5.0,7.5,39.75
2839.19.00,28,2839,"Other Silicates And Com. Alkali Metal Silicates,Of Sodium (Ex.Metasilicate",,10.0,0.0,0.0,15.0,5.0,7.5,39.75
2839.90.10,28,2839,Silicates; commercial alkali metal silicates Of potassium,,10.0,0.0,0.0,15.0,5.0,7.5,39.75
2839.90.90,28,2839,"Silicates; commercial alkali metal silicates, nes",,10.0,0.0,0.0,15.0,5.0,7.5,39.75
2840.11.00,28,2840,Anhydrous Disodium Tetraborate (Refined Borax),,10.0,0.0,0.0,15.0,5.0,7.5,39.75
2840.19.00,28,2840,"Disodium Tetraborate, Not Anhydrous",,10.0,0.0,0.0,0.0,2.0,7.5,20.25
2840.20.10,28,2840,Solubo boron,,0.0,0.0,0.0,0.0,5.0,7.5,12.5
2840.20.90,28,2840,"Other Borates, Nes",,10.0,0.0,0.0,15.0,5.0,7.5,39.75
2840.30.00,28,2840,Peroxoborates (Perborates),,10.0,0.0,0.0,15.0,5.0,7.5,39.75
2841.30.00,28,2841,Sodium Dichromate,,5.0,0.0,0.0,15.0,5.0,7.5,33.63
2841.50.00,28,2841,"Other Chromates And Dichromates, Peroxochromates",,10.0,0.0,0.0,15.0,5.0,7.5,39.75
2841.61.00,28,2841,Potassium Permanganate,,10.0,0.0,0.0,15.0,5.0,7.5,39.75
2841.69.00,28,2841,"Manganites, Manganates And Permanganates (Excl. Potassium Permanganate)",,10.0,0.0,0.0,15.0,5.0,7.5,39.75
2841.70.00,28,2841,Molybdates,,10.0,0.0,0.0,15.0,5.0,7.5,39.75
2841.80.00,28,2841,Tungstates (Wolframates),,10.0,0.0,0.0,15.0,5.0,7.5,39.75
2841.90.00,28,2841,"Other Salts Of Oxometallic And Peroxometallic Acids, Nes",,10.0,0.0,0.0,15.0,5.0,7.5,39.75
2842.10.10,28,2842,Aluminium sodium silicate; Zeolite,,5.0,0.0,0.0,15.0,5.0,7.5,33.63
2842.10.90,28,2842,Other salt of inorganic acids .. Excluding aluminium sodium silicate,,10.0,0.0,0.0,15.0,5.0,7.5,39.75
2842.90.10,28,2842,"Other Salts Of Inorganic Acids Or Peroxoacids,Excl. Azides",,10.0,0.0,0.0,15.0,5.0,7.5,39.75
2842.90.90,28,2842,"Other Salts Of Inorganic Acids Or Peroxoacids,Excl. Azides",,10.0,0.0,0.0,15.0,5.0,7.5,39.75
2843.10.00,28,2843,Colloidal Precious Metals,,10.0,0.0,0.0,15.0,5.0,7.5,39.75
2843.21.00,28,2843,Silver Nitrate,,10.0,0.0,0.0,15.0,5.0,7.5,39.75
2843.29.00,28,2843,Other Silver Compounds (Excl. Silver Nitrate),,10.0,0.0,0.0,15.0,5.0,7.5,39.75
2843.30.00,28,2843,Gold Compounds,,10.0,0.0,0.0,15.0,5.0,7.5,39.75
2843.90.10,28,2843,"CISPLATIN BP, OXALIPLATIN BP, CARBOPLATIN BP",,0.0,0.0,0.0,0.0,5.0,7.5,12.5
2843.90.90,28,2843,OTHER COMPOUNDS; AMALGAMS,,10.0,0.0,0.0,15.0,5.0,7.5,39.75
2844.41.10,28,2844,"Tritium its compounds;alloys, dispersions (incl. cermets),ceramic products mixtures",,0.0,0.0,0.0,15.0,5.0,7.5,27.5
2844.41.90,28,2844,"Tritium its compounds;alloys, dispersions (incl. cermets),ceramic products mixtures",,10.0,0.0,0.0,15.0,5.0,7.5,39.75
2844.42.10,28,2844,"Act.225,227,calif-253,curI.240..244,einst.253,254,gad.148,pol.208..210,rad.223,ura230",,0.0,0.0,0.0,15.0,5.0,7.5,27.5
2844.42.90,28,2844,"Act.225,227,calif-253,curI.240..244,einst.253,254,gad.148,pol.208..210,rad.223,ura230",,10.0,0.0,0.0,15.0,5.0,7.5,39.75
2844.43.10,28,2844,"Other radioactive elements and isotopes and compounds; other alloys,dispersions etc.",,0.0,0.0,0.0,15.0,5.0,7.5,27.5
2844.43.90,28,2844,"Other radioactive elements and isotopes and compounds; other alloys,dispersions etc.",,10.0,0.0,0.0,15.0,5.0,7.5,39.75
2844.44.00,28,2844,Radioactive residues,,10.0,0.0,0.0,15.0,5.0,7.5,39.75
2844.50.00,28,2844,Spent (Irradiated) Fuel Elements (Cartridges) Of Nuclear Reactors,,10.0,0.0,0.0,15.0,5.0,7.5,39.75
2845.10.00,28,2845,Heavy Water (Deuterium Oxide),,10.0,0.0,0.0,15.0,5.0,7.5,39.75
2845.20.00,28,2845,Boron enriched in boron-10 and its compounds,,10.0,0.0,0.0,15.0,5.0,7.5,39.75
2845.30.00,28,2845,Lithium enriched in lithium-6 and its compounds,,10.0,0.0,0.0,15.0,5.0,7.5,39.75
2845.40.00,28,2845,Helium-3,,10.0,0.0,0.0,15.0,5.0,7.5,39.75
2845.90.00,28,2845,"Other Isotopes And Their Inorganic Or Organic Compounds, Nes",,10.0,0.0,0.0,15.0,5.0,7.5,39.75
2846.10.00,28,2846,Cerium Compounds,,10.0,0.0,0.0,15.0,5.0,7.5,39.75
2846.90.00,28,2846,"Compounds, Inorganic Or Organic, Of Rare-Earth Metals, Etc(Excl. Cerium)",,10.0,0.0,0.0,15.0,5.0,7.5,39.75
2847.00.00,28,2847,"Hydrogen Peroxide, Whether Or Not Sokidified With Urea",,10.0,0.0,0.0,15.0,5.0,7.5,39.75
2849.10.00,28,2849,Carbides Of Calcium,,10.0,0.0,0.0,15.0,5.0,7.5,39.75
2849.20.00,28,2849,Carbides Of Silicon,,10.0,0.0,0.0,15.0,5.0,7.5,39.75
2849.90.00,28,2849,Other Carbides (Excl. Of Calcium And Silicon),,10.0,0.0,0.0,15.0,5.0,7.5,39.75
2850.00.00,28,2850,"Hydrides,Nitrides,Azides,Silicides&Borides,Chem.Defnd/Not;Ex.Carbds Hd2849",,10.0,0.0,0.0,15.0,5.0,7.5,39.75
2852.10.00,28,2852,"Inorganic or organic compounds of mercury . Chemically defined, excluding amalgams",,10.0,0.0,0.0,15.0,5.0,7.5,39.75
2853.10.00,28,2853,Cyanogen chloride (chlorcyan),,5.0,0.0,0.0,15.0,5.0,7.5,33.63
2853.90.00,28,2853,Other,,5.0,0.0,0.0,15.0,5.0,7.5,33.63
2901.10.00,29,2901,"Acyclic Hydrocarbons, Saturated",,10.0,0.0,0.0,15.0,5.0,7.5,39.75
2901.21.00,29,2901,Ethylene,,10.0,0.0,0.0,15.0,5.0,7.5,39.75
2901.22.00,29,2901,Propene (Propylene),,10.0,0.0,0.0,15.0,5.0,7.5,39.75
2901.23.10,29,2901,Refrigerant (isobutane/R600a),,10.0,0.0,0.0,15.0,5.0,7.5,39.75
2901.23.90,29,2901,Butene excl. Refrigerant isobutane/R600a imp by VAT registered refrigerator manu ind,,10.0,0.0,0.0,15.0,5.0,7.5,39.75
2901.24.00,29,2901,"Buta-1,3-Diene And Isoprene",,10.0,0.0,0.0,15.0,5.0,7.5,39.75
2901.29.00,29,2901,"Other Unsaturated Acyclic Hydrocarbons, Nes",,10.0,0.0,0.0,15.0,5.0,7.5,39.75
2902.11.00,29,2902,Cyclohexane,,10.0,0.0,0.0,15.0,5.0,7.5,39.75
2902.19.10,29,2902,Cyclopentane,,10.0,0.0,0.0,15.0,5.0,7.5,39.75
2902.19.90,29,2902,Cyclopentane imported by other than VAT registered motorcycle assembling and manu,,10.0,0.0,0.0,15.0,5.0,7.5,39.75
2902.20.00,29,2902,Benzene,,10.0,0.0,0.0,15.0,5.0,7.5,39.75
2902.30.00,29,2902,Toluene,,5.0,0.0,0.0,15.0,5.0,7.5,33.63
2902.41.00,29,2902,O-Xylene,,10.0,0.0,0.0,15.0,5.0,7.5,39.75
2902.42.00,29,2902,M-Xylene,,10.0,0.0,0.0,15.0,5.0,7.5,39.75
2902.43.00,29,2902,P-Xylene,,10.0,0.0,0.0,15.0,5.0,7.5,39.75
2902.44.00,29,2902,Mixed Xylene Isomers,,10.0,0.0,0.0,15.0,5.0,7.5,39.75
2902.50.00,29,2902,Styrene,,10.0,0.0,0.0,0.0,5.0,7.5,23.25
2902.60.00,29,2902,Ethylbenzene,,10.0,0.0,0.0,15.0,5.0,7.5,39.75
2902.70.00,29,2902,Cumene,,10.0,0.0,0.0,15.0,5.0,7.5,39.75
2902.90.10,29,2902,"Other Cyclic Hydrocarbons, Nes",,15.0,0.0,0.0,15.0,5.0,7.5,45.88
2902.90.90,29,2902,"Other Cyclic Hydrocarbons, Nes",,10.0,0.0,0.0,15.0,5.0,7.5,39.75
2903.11.00,29,2903,Chloromethane (Methyl Chloride) And Chloroethane (Ethyl Chloride),,10.0,0.0,0.0,15.0,5.0,7.5,39.75
2903.12.00,29,2903,Dichloromethane (Methylene Chloride),,10.0,0.0,0.0,15.0,5.0,7.5,39.75
2903.13.00,29,2903,Chloroform (Trichloromethane),,10.0,0.0,0.0,15.0,5.0,7.5,39.75
2903.14.00,29,2903,Carbon Tetrachloride,,10.0,0.0,0.0,15.0,5.0,7.5,39.75
2903.15.00,29,2903,"1,2-Dichloroethane (Ethylene Dichloride)",,10.0,0.0,0.0,15.0,5.0,7.5,39.75
2903.19.00,29,2903,"Other Saturated Chlorinated Derivatives Of Acyclic Hydrocarbons, Nes",,10.0,0.0,0.0,15.0,5.0,7.5,39.75
2903.21.00,29,2903,Vinyl Chloride (Chloroethylene),,5.0,0.0,0.0,15.0,5.0,7.5,33.63
2903.22.00,29,2903,Trichloroethylene,,10.0,0.0,0.0,15.0,5.0,7.5,39.75
2903.23.00,29,2903,Tetrachloroethylene (Perchloroethylene),,10.0,0.0,0.0,15.0,5.0,7.5,39.75
2903.29.00,29,2903,"Other Unsaturated Chlorinated Derivatives Of Acyclic Hydrocarbons , Nes",,10.0,0.0,0.0,15.0,5.0,7.5,39.75
2903.41.00,29,2903,Trifluoromethane(HFC-23),,10.0,0.0,0.0,15.0,5.0,7.5,39.75
2903.42.00,29,2903,Trifluoromethane(HFC-23),,10.0,0.0,0.0,15.0,5.0,7.5,39.75
2903.43.00,29,2903,"Fluoromethane(HFC-41), 1,2-difluo..(HFC-152)..(HFC-152a)",,10.0,0.0,0.0,15.0,5.0,7.5,39.75
2903.44.00,29,2903,"Pentafluoroethane(HFC-125), 1,1,1-trifluo..(HFC-143a)and 1,1,2(HFC-143)",,10.0,0.0,0.0,15.0,5.0,7.5,39.75
2903.45.00,29,2903,"1,1,1,2-Tetrafluoroethane(HFC-134a)and 1,1,2,2.. (HFC-134)",,10.0,0.0,0.0,15.0,5.0,7.5,39.75
2903.46.00,29,2903,"1,1,1,2,3,3,3-Heptafluoropropane (HFC-227ea)..(HFC-236cb),(HFC-236ea)..",,10.0,0.0,0.0,15.0,5.0,7.5,39.75
2903.47.00,29,2903,"1,1,1,3,3-Pentafluoropropane (HFC-245fa) and(HFC-245ca)",,10.0,0.0,0.0,15.0,5.0,7.5,39.75
2903.48.00,29,2903,"1,1,1,3,3-Pentafluorobutane (HFC-365mfc) and 1,1,1,2,2,3,4,5,5,5-decaf.HFC-43-10mee",,10.0,5.0,0.0,15.0,5.0,7.5,45.88
2903.49.10,29,2903,"PFIB: 1,1,3,3,3-Pentafluoro-2-(trifluoromethyl)-1-prope",,10.0,0.0,0.0,15.0,5.0,7.5,39.75
2903.49.90,29,2903,"Other than PFIB: 1,1,3,3,3-Pentafluoro-2-(trifluoromethyl)-1-prope",,10.0,0.0,0.0,15.0,5.0,7.5,39.75
2903.51.00,29,2903,"2,3,3,3-Tetrafluoropropene (HFO-1234yf),(HFO-1234ze)and (Z)(HFO-1336mzz)",,10.0,0.0,0.0,15.0,5.0,7.5,39.75
2903.59.00,29,2903,Other,,10.0,0.0,0.0,15.0,5.0,7.5,39.75
2903.61.00,29,2903,Methyl bromide (bromomethane),,10.0,0.0,0.0,15.0,5.0,7.5,39.75
2903.62.00,29,2903,"Ethylene dibromide (ISO) (1,2-dibromoethane)",,10.0,0.0,0.0,15.0,5.0,7.5,39.75
2903.69.00,29,2903,Other,,10.0,0.0,0.0,15.0,5.0,7.5,39.75
2903.71.00,29,2903,Chlorodifluoromethane(R-22),,5.0,0.0,0.0,15.0,5.0,7.5,33.63
2903.72.00,29,2903,Dichlorotrifluoroethanes,,10.0,0.0,0.0,15.0,5.0,7.5,39.75
2903.73.00,29,2903,Dichlorofluoroethanes,,10.0,0.0,0.0,15.0,5.0,7.5,39.75
2903.74.00,29,2903,Chlorodifluoroethanes,,10.0,0.0,0.0,15.0,5.0,7.5,39.75
2903.75.00,29,2903,Dichloropentafluoropropanes,,10.0,0.0,0.0,15.0,5.0,7.5,39.75
2903.76.00,29,2903,"Bromochlorodifluoromethane, bromotrifluoromethane and Dibromotetrafluoroethanes",,10.0,0.0,0.0,15.0,5.0,7.5,39.75
2903.77.10,29,2903,Trichlorofluoromethane,,10.0,0.0,0.0,15.0,5.0,7.5,39.75
2903.77.20,29,2903,Dichlorodifluoromethane,,25.0,3.0,0.0,15.0,5.0,7.5,61.8
2903.77.30,29,2903,Trichlorotrifluoroethanes,,10.0,0.0,0.0,15.0,5.0,7.5,39.75
2903.77.40,29,2903,Dichlorotetrafluoroethanes and chloropentafluoroethane,,10.0,0.0,0.0,15.0,5.0,7.5,39.75
2903.77.50,29,2903,Other derivatives perhalogenated only with fluorine and chlorine,,10.0,0.0,0.0,15.0,5.0,7.5,39.75
2903.78.00,29,2903,Other perhalogenated derivatives,,10.0,0.0,0.0,15.0,5.0,7.5,39.75
2903.79.00,29,2903,HFC 134a; R-22,,10.0,0.0,0.0,15.0,5.0,7.5,39.75
2903.81.00,29,2903,"1,2,3,4,5,6-Hexachlorocyclohexane (HCH (ISO)), including lindane (ISO, INN)",,10.0,0.0,0.0,15.0,5.0,7.5,39.75
2903.82.00,29,2903,"Aldrin (ISO), chlordane (ISO) and heptachlor (ISO)",,10.0,0.0,0.0,15.0,5.0,7.5,39.75
2903.83.00,29,2903,Mirex (ISO),,10.0,0.0,0.0,15.0,5.0,7.5,39.75
2903.89.00,29,2903,"Other halogenated derivaties of .. EXLC. 1-6 Hexa ., Aldin, chlordane (ISO) and heptachl",,10.0,0.0,0.0,15.0,5.0,7.5,39.75
2903.91.00,29,2903,"Chlorobenzene, o-dichlorobenzene and p-dichlorobenzene",,10.0,0.0,0.0,15.0,5.0,7.5,39.75
2903.93.00,29,2903,Pentachlorobenzene (ISO),,10.0,0.0,0.0,15.0,5.0,7.5,39.75
2903.94.00,29,2903,Hexabromobiphenyls,,10.0,0.0,0.0,15.0,5.0,7.5,39.75
2903.99.00,29,2903,"Other helogenated aromatic hydrocabons, EXCL. Chlorobenzene ... Hexachlorobenzene",,10.0,0.0,0.0,15.0,5.0,7.5,39.75
2904.10.10,29,2904,Methane Sulphonate,,10.0,0.0,0.0,15.0,5.0,7.5,39.75
2904.10.90,29,2904,Hydrocarbon Derivatives Cont.Only Sulpho Grp.Treir Slats(Ex.Methane Sulp..,,10.0,0.0,0.0,15.0,5.0,7.5,39.75
2904.20.00,29,2904,Hydrocarbon Derivatives Containing Only Nitro/Nitroso Groups,,10.0,0.0,0.0,15.0,5.0,7.5,39.75
2904.31.00,29,2904,Perfluorooctane sulphonic acid,,10.0,0.0,0.0,15.0,5.0,7.5,39.75
2904.32.00,29,2904,Ammonium perfluorooctane sulphonate,,10.0,0.0,0.0,15.0,5.0,7.5,39.75
2904.33.00,29,2904,Lithium perfluorooctane sulphonate,,10.0,0.0,0.0,15.0,5.0,7.5,39.75
2904.34.00,29,2904,Potassium perfluorooctane sulphonate,,10.0,0.0,0.0,15.0,5.0,7.5,39.75
2904.35.00,29,2904,Other salts of perfluorooctane sulphonic acid,,10.0,0.0,0.0,15.0,5.0,7.5,39.75
2904.36.00,29,2904,Perfluorooctane sulphonyl fluoride,,10.0,0.0,0.0,15.0,5.0,7.5,39.75
2904.91.00,29,2904,Trichloronitromethane (chloropicrin),,10.0,0.0,0.0,15.0,5.0,7.5,39.75
2904.99.00,29,2904,Other,,10.0,0.0,0.0,15.0,5.0,7.5,39.75
2905.11.10,29,2905,Methanol (Methyl Alcohol),,10.0,0.0,0.0,15.0,5.0,7.5,39.75
2905.11.90,29,2905,Other methanol (methyl alcohol),,10.0,0.0,0.0,15.0,5.0,7.5,39.75
2905.12.10,29,2905,Isopropyl alcohol,,10.0,0.0,0.0,15.0,5.0,7.5,39.75
2905.12.90,29,2905,Propan101 (propy1 alcohol) and propan201 (isopropy1 alcohol):,,10.0,0.0,0.0,15.0,5.0,7.5,39.75
2905.13.00,29,2905,Butan-1-Ol (N-Butyl Alcohol),,10.0,0.0,0.0,15.0,5.0,7.5,39.75
2905.14.00,29,2905,"Other Butanols, Nes",,10.0,0.0,0.0,15.0,5.0,7.5,39.75
2905.16.00,29,2905,Octanol (octyl alcohol) and isomers thereof,,10.0,0.0,0.0,15.0,5.0,7.5,39.75
2905.17.00,29,2905,"Dodecan-1-Ol, Hexadecan-1-Ol And Octadecan-1-Ol",,10.0,0.0,0.0,15.0,5.0,7.5,39.75
2905.19.10,29,2905,"Pinacolyl alcohol: 3, 3-Dimethylbutan-2-ol",,10.0,0.0,0.0,15.0,5.0,7.5,39.75
2905.19.90,29,2905,"Other than Pinacolyl alcohol: 3, 3-Dimethylbutan-2-ol",,10.0,0.0,0.0,15.0,5.0,7.5,39.75
2905.22.00,29,2905,Acyclic Terpene Alcohols,,10.0,0.0,0.0,15.0,5.0,7.5,39.75
2905.29.00,29,2905,"Other Unsaturated Monohydric Alcohols, Nes",,10.0,0.0,0.0,15.0,5.0,7.5,39.75
2905.31.00,29,2905,Ethylene glycol (ethanediol),,10.0,0.0,0.0,15.0,5.0,7.5,39.75
2905.32.00,29,2905,"Propylene Glycol (Propane-1,2-Diol)",,10.0,0.0,0.0,15.0,5.0,7.5,39.75
2905.39.00,29,2905,"Other Diols, Nes",,10.0,0.0,0.0,15.0,5.0,7.5,39.75
2905.41.00,29,2905,"2-Ethyl-2-(Hydroxymethyl)Propane-1,3-Diol (Trimethylolpropane)",,10.0,0.0,0.0,15.0,5.0,7.5,39.75
2905.42.00,29,2905,Pentaerythritol,,10.0,0.0,0.0,15.0,5.0,7.5,39.75
2905.43.00,29,2905,Mannitol,,10.0,0.0,0.0,15.0,5.0,7.5,39.75
2905.44.00,29,2905,D-Glucitol (Sorbitol),,10.0,0.0,0.0,15.0,5.0,7.5,39.75
2905.45.00,29,2905,Glycerol,,10.0,0.0,0.0,15.0,5.0,7.5,39.75
2905.49.00,29,2905,"Other Polyhydric Alcohols, Nes",,10.0,0.0,0.0,15.0,5.0,7.5,39.75
2905.51.00,29,2905,ETHCHLORVYNOL(INN),,10.0,0.0,0.0,15.0,5.0,7.5,39.75
2905.59.90,29,2905,"HALOGENATED,SULPHONATED,NITRATED OR NITROSATED..ACYCLIC ALCOHOLS, NES",,10.0,0.0,0.0,15.0,5.0,7.5,39.75
2906.11.00,29,2906,Menthol,,10.0,0.0,0.0,15.0,5.0,7.5,39.75
2906.12.00,29,2906,"Cyclohexanol, Methylcyclohexanols And Dimethylcyclohexanols",,10.0,0.0,0.0,15.0,5.0,7.5,39.75
2906.13.10,29,2906,Sterols,,10.0,0.0,0.0,15.0,5.0,7.5,39.75
2906.13.20,29,2906,Inositols,,10.0,0.0,0.0,15.0,5.0,7.5,39.75
2906.19.10,29,2906,Terpinhydrat,,10.0,0.0,0.0,15.0,5.0,7.5,39.75
2906.19.90,29,2906,"Oth.Cyclanic,Cyclenic/Cycloterpenic Alcohols & Derivatives,Nes(Ex.Terpinh.",,10.0,0.0,0.0,15.0,5.0,7.5,39.75
2906.21.00,29,2906,Benzyl Alcohol,,10.0,0.0,0.0,15.0,5.0,7.5,39.75
2906.29.00,29,2906,"Other Aromatic Alcohols And Their Derivatives, Nes",,10.0,0.0,0.0,15.0,5.0,7.5,39.75
2907.11.00,29,2907,Phenol (Hydroxybenzene) And Its Salts,,5.0,0.0,0.0,15.0,5.0,7.5,33.63
2907.12.00,29,2907,Cresols And Their Salts,,5.0,0.0,0.0,15.0,5.0,7.5,33.63
2907.13.00,29,2907,"Octylphenol, Nonylphenol And Their Isomers; Salts Thereof",,5.0,0.0,0.0,15.0,5.0,7.5,33.63
2907.15.00,29,2907,Naphthols And Their Salts,,5.0,0.0,0.0,15.0,5.0,7.5,33.63
2907.19.00,29,2907,"Other Monophenols, Nes",,5.0,0.0,0.0,15.0,5.0,7.5,33.63
2907.21.00,29,2907,Resorcinol And Its Salts,,5.0,0.0,0.0,15.0,5.0,7.5,33.63
2907.22.00,29,2907,Hydroquinone (Quinol) And Its Salts,,5.0,0.0,0.0,15.0,5.0,7.5,33.63
2907.23.00,29,2907,"4,4-Isopropylidenediphenol (Bisphenol A, Diphenylolpropane) And Salts",,5.0,0.0,0.0,15.0,5.0,7.5,33.63
2907.29.00,29,2907,"Other polyphenols, nes",,5.0,0.0,0.0,15.0,5.0,7.5,33.63
2908.11.00,29,2908,Pentachlorophenol (ISO),,5.0,0.0,0.0,15.0,5.0,7.5,33.63
2908.19.10,29,2908,"Chloroxylenol, Dichlorophene Hexachlorophene, parachlorometaxylenol",,25.0,3.0,0.0,15.0,5.0,7.5,61.8
2908.19.90,29,2908,"Chloroxylenol, Dichlorophene Hexachlorophene, parachlorometaxylenol",,5.0,0.0,0.0,15.0,5.0,7.5,33.63
2908.91.00,29,2908,Dinoseb (ISO) and its salts,,5.0,0.0,0.0,15.0,5.0,7.5,33.63
2908.92.00,29,2908,"4,6-Dinitro-o-cresol (DNOC (ISO)) and its salts",,5.0,0.0,0.0,15.0,5.0,7.5,33.63
2908.99.00,29,2908,"Haloge. sulpho, nitrated or nitro. Derivat. of phenols or phenol-alco. Excl. Do",,5.0,0.0,0.0,15.0,5.0,7.5,33.63
2909.11.00,29,2909,Diethyl Ether,,5.0,0.0,0.0,15.0,5.0,7.5,33.63
2909.19.00,29,2909,"Other acyclic ethers and their halogenated... derivatives, nes",,5.0,0.0,0.0,15.0,5.0,7.5,33.63
2909.20.00,29,2909,"Cyclanic, Cyclenic... Ethers And Their Halogenated... Derivatives",,5.0,0.0,0.0,15.0,5.0,7.5,33.63
2909.30.00,29,2909,"Aromatic Ethers And Their Halogenated... Derivatives, Nes",,5.0,0.0,0.0,15.0,5.0,7.5,33.63
2909.41.00,29,2909,"2,2-Oxydiethanol (Diethylene Glycol, Digol)",,5.0,0.0,0.0,15.0,5.0,7.5,33.63
2909.43.00,29,2909,Monobutyl Ethers Of Ethylene Glycol Or Of Diethylene Glycol,,5.0,0.0,0.0,15.0,5.0,7.5,33.63
2909.44.00,29,2909,Other Monoalkylethers Of Ethylene Glycol Or Of Diethylene Glycol,,5.0,0.0,0.0,15.0,5.0,7.5,33.63
2909.49.00,29,2909,"Other Ether-Alcohols And Their Halogenated... Derivatives, Nes",,5.0,0.0,0.0,15.0,5.0,7.5,33.63
2909.50.00,29,2909,"Ether-Phenols, Ether-Alcohol-Phenols And Halogenated... Derivatives, Nes",,5.0,0.0,0.0,15.0,5.0,7.5,33.63
2909.60.00,29,2909,"Alcohol, Ether And Ketone Peroxides And Their... Derivatives, Nes",,5.0,0.0,0.0,15.0,5.0,7.5,33.63
2910.10.00,29,2910,Oxirane (Ethylene Oxide),,5.0,0.0,0.0,15.0,5.0,7.5,33.63
2910.20.00,29,2910,Methyloxirane (Propylene Oxide),,5.0,0.0,0.0,15.0,5.0,7.5,33.63
2910.30.00,29,2910,"1-Chloro-2,3-Epoxypropane (Epichlorohydrin)",,5.0,0.0,0.0,15.0,5.0,7.5,33.63
2910.40.00,29,2910,"Dieldrin (ISO, INN)",,5.0,0.0,0.0,15.0,5.0,7.5,33.63
2910.50.00,29,2910,Endrin (ISO),,5.0,0.0,0.0,15.0,5.0,7.5,33.63
2910.90.00,29,2910,"Other Epoxides... With A Three-Membered Ring And Derivatives, Nes",,5.0,0.0,0.0,15.0,5.0,7.5,33.63
2911.00.00,29,2911,Acetals And Hemiacetals And Their Halogenated... Derivatives,,5.0,0.0,0.0,15.0,5.0,7.5,33.63
2912.11.00,29,2912,Methanal/Formalin (formaldehyde),,25.0,3.0,0.0,15.0,5.0,7.5,61.8
2912.12.00,29,2912,Ethanal (acetaldehyde),,10.0,0.0,0.0,15.0,5.0,7.5,39.75
2912.19.00,29,2912,"Other Acyclic Aldehydes, Without Other Oxygen Function, Nes",,10.0,0.0,0.0,15.0,5.0,7.5,39.75
2912.21.00,29,2912,Benzaldehyde,,10.0,0.0,0.0,15.0,5.0,7.5,39.75
2912.29.00,29,2912,"Other cyclic aldehydes, without oxygen function, nes",,10.0,0.0,0.0,15.0,5.0,7.5,39.75
2912.41.00,29,2912,"Aldehyde-alcohols,...Vanillin (4-Hydroxy-3-Allthobenzaldehyde)",,10.0,0.0,0.0,15.0,5.0,7.5,39.75
2912.42.00,29,2912,Ethyvanillin (3-Ethoxy-4-Hydroxybenzaldehyde),,10.0,0.0,0.0,15.0,5.0,7.5,39.75
2912.49.00,29,2912,"Oth.Aldehyde-Ether,Aldehyde-Phenols,Aldehydes,With Oth.Oxygen Function,Nes",,10.0,0.0,0.0,15.0,5.0,7.5,39.75
2912.50.00,29,2912,Cyclic Polymers Of Aldehydes,,10.0,0.0,0.0,15.0,5.0,7.5,39.75
2912.60.00,29,2912,Paraformaldehyde,,5.0,0.0,0.0,15.0,5.0,7.5,33.63
2913.00.00,29,2913,"Halogenated, Sulphonated, Nitrated Or Nitrosated Derivatives Of 29.12",,10.0,0.0,0.0,15.0,5.0,7.5,39.75
2914.11.00,29,2914,Acetone,,10.0,0.0,0.0,15.0,5.0,7.5,39.75
2914.12.00,29,2914,Butanone (Methyl Ethyl Ketone),,10.0,0.0,0.0,15.0,5.0,7.5,39.75
2914.13.00,29,2914,4-Methylpentan-2-One (Methyl Isobutyl Ketone),,10.0,0.0,0.0,15.0,5.0,7.5,39.75
2914.19.00,29,2914,"Other acyclic ketones, without oxygen function, nes",,10.0,0.0,0.0,15.0,5.0,7.5,39.75
2914.22.00,29,2914,Cyclohexanone And Methylcyclohexanones,,10.0,0.0,0.0,15.0,5.0,7.5,39.75
2914.23.00,29,2914,Ionones And Methylionones,,10.0,0.0,0.0,15.0,5.0,7.5,39.75
2914.29.00,29,2914,"Oth.Cyclanic,Cyclenic/Cycloterpenic Ketones Without Oth.Oxy. Function,Nes",,10.0,0.0,0.0,15.0,5.0,7.5,39.75
2914.31.00,29,2914,Phenylacetone (Phenylpropan-2-One),,10.0,0.0,0.0,15.0,5.0,7.5,39.75
2914.39.00,29,2914,Other Aromatic Ketones Without Other Oxygen Function (Excl. Phenylacetone),,10.0,0.0,0.0,15.0,5.0,7.5,39.75
2914.40.00,29,2914,Ketone-alcohols and ketone-aldehydes,,10.0,0.0,0.0,15.0,5.0,7.5,39.75
2914.50.00,29,2914,Ketone-Phenols And Ketones With Other Oxygen Function,,10.0,0.0,0.0,15.0,5.0,7.5,39.75
2914.61.00,29,2914,Anthraquinone,,10.0,0.0,0.0,15.0,5.0,7.5,39.75
2914.62.00,29,2914,Coenzyme Q10 (ubidecarenone (INN)),,10.0,0.0,0.0,15.0,5.0,7.5,39.75
2914.69.00,29,2914,Other Quinones (Excl. Anthraquinone),,10.0,0.0,0.0,15.0,5.0,7.5,39.75
2914.71.00,29,2914,Chlordecone (ISO),,10.0,0.0,0.0,15.0,5.0,7.5,39.75
2914.79.00,29,2914,Other,,10.0,0.0,0.0,15.0,5.0,7.5,39.75
2915.11.00,29,2915,Formic Acid,,10.0,0.0,0.0,15.0,5.0,7.5,39.75
2915.12.00,29,2915,Salts Of Formic Acid,,10.0,0.0,0.0,15.0,5.0,7.5,39.75
2915.13.00,29,2915,Esters Of Formic Acid,,10.0,0.0,0.0,15.0,5.0,7.5,39.75
2915.21.00,29,2915,Acetic Acid,,25.0,3.0,0.0,15.0,5.0,7.5,61.8
2915.24.00,29,2915,Acetic Anhydride,,10.0,0.0,0.0,15.0,5.0,7.5,39.75
2915.29.10,29,2915,Sodium acetate,,5.0,0.0,0.0,15.0,5.0,7.5,33.63
2915.29.90,29,2915,"Formic acid, its salts and esters:Excl. Sodium Acetate",,10.0,0.0,0.0,15.0,5.0,7.5,39.75
2915.31.00,29,2915,Ethyl Acetate,,5.0,0.0,0.0,15.0,5.0,7.5,33.63
2915.32.00,29,2915,Vinyl Acetate,,5.0,0.0,0.0,15.0,5.0,7.5,33.63
2915.33.00,29,2915,N-Butyl Acetate,,10.0,0.0,0.0,15.0,5.0,7.5,39.75
2915.36.00,29,2915,Dinoseb (ISO) acetate,,10.0,0.0,0.0,15.0,5.0,7.5,39.75
2915.39.00,29,2915,"Other Esters Of Acetic Acids, Nes",,10.0,0.0,0.0,15.0,5.0,7.5,39.75
2915.40.00,29,2915,"Mono-, Di- Or Trichloroacetic Acids, Their Salts And Esters",,10.0,0.0,0.0,15.0,5.0,7.5,39.75
2915.50.10,29,2915,Deoxycortone Phenyel Propionate,,5.0,0.0,0.0,15.0,5.0,7.5,33.63
2915.50.90,29,2915,"Other Propionic Acid,Its Salts&Esters(Excl.Deoxycortone Phenyel Propionate",,10.0,0.0,0.0,15.0,5.0,7.5,39.75
2915.60.00,29,2915,"Butyric Acids, Valeric Acids, Their Salts And Esters",,10.0,0.0,0.0,15.0,5.0,7.5,39.75
2915.70.10,29,2915,"Stearic Acid,Their Salts And Esters",,10.0,0.0,0.0,15.0,5.0,7.5,39.75
2915.70.20,29,2915,Ethyl Palmitate And Isopropyl Palmitate,,10.0,0.0,0.0,15.0,5.0,7.5,39.75
2915.70.31,29,2915,Sodium salt of palmitic acid (soap noodle),,25.0,3.0,20.0,15.0,5.0,7.5,93.16
2915.70.39,29,2915,Other Palmatic Acid/Salt,,25.0,3.0,0.0,15.0,5.0,7.5,61.8
2915.90.00,29,2915,"Other Saturated Acyclic Monocarboxylic Acids And Their... Derivatives, Nes",,25.0,3.0,0.0,15.0,5.0,7.5,61.8
2916.11.00,29,2916,Acrylic Acid And Its Salts,,5.0,0.0,0.0,15.0,5.0,7.5,33.63
2916.12.00,29,2916,ESTERS OF ACRYLIC ACID,,5.0,0.0,0.0,15.0,5.0,7.5,33.63
2916.13.00,29,2916,METHACRYLIC ACID AND ITS SALTS,,5.0,0.0,0.0,15.0,5.0,7.5,33.63
2916.14.00,29,2916,ESTERS OF METHACRYLIC ACID,,5.0,0.0,0.0,15.0,5.0,7.5,33.63
2916.15.00,29,2916,"Oleic, Linoleic Or Linolenic Acids, Their Salts And Esters",,5.0,0.0,0.0,15.0,5.0,7.5,33.63
2916.16.00,29,2916,Binapacryl (ISO),,5.0,0.0,0.0,15.0,5.0,7.5,33.63
2916.19.00,29,2916,"Other Unsaturated Acyclic Monocarboxylic Acids And Their...Derivatives,Nes",,5.0,0.0,0.0,15.0,5.0,7.5,33.63
2916.20.00,29,2916,"Cyclanic...Cycloterpenic Monocarboxylic Acids, Etc, Their... Derivatives",,25.0,3.0,0.0,15.0,5.0,7.5,61.8
2916.31.00,29,2916,"Benzoic Acid, Its Salts And Esters",,5.0,0.0,0.0,15.0,5.0,7.5,33.63
2916.32.00,29,2916,Benzoyl Peroxide And Benzoyl Chloride,,5.0,0.0,0.0,15.0,5.0,7.5,33.63
2916.34.00,29,2916,Phenylacetic Acid And Its Salts,,5.0,0.0,0.0,15.0,5.0,7.5,33.63
2916.39.00,29,2916,"Aromatic monocarboxylic acids, etc, their... derivatives, nes",,5.0,0.0,0.0,15.0,5.0,7.5,33.63
2917.11.00,29,2917,"Oxalic Acid, Its Salts And Esters",,10.0,0.0,0.0,15.0,5.0,7.5,39.75
2917.12.00,29,2917,"Adipic Acid, Its Salts And Esters",,10.0,0.0,0.0,15.0,5.0,7.5,39.75
2917.13.00,29,2917,"Azelaic Acid, Sebacic Acid, Their Salts And Esters",,10.0,0.0,0.0,15.0,5.0,7.5,39.75
2917.14.00,29,2917,Maleic Anhydride,,10.0,0.0,0.0,15.0,5.0,7.5,39.75
2917.19.00,29,2917,"Acyclic polycarboxylic acids, etc, their... derivatives, nes",,10.0,0.0,0.0,15.0,5.0,7.5,39.75
2917.20.00,29,2917,"Cyclanic... Cycloterpenic Polycarboxylic Acids, Etc, Their...Derivatives",,10.0,0.0,0.0,15.0,5.0,7.5,39.75
2917.32.00,29,2917,Dioctyl orthophthalates,,25.0,0.0,10.0,15.0,5.0,7.5,73.44
2917.33.00,29,2917,Dinonyl Or Didecyl Orthophthalates,,25.0,0.0,10.0,15.0,5.0,7.5,73.44
2917.34.00,29,2917,"Other Esters Of Orthophthalic Acid,",,25.0,3.0,10.0,15.0,5.0,7.5,77.48
2917.35.00,29,2917,Phthalic Anhydride,,5.0,0.0,0.0,15.0,5.0,7.5,33.63
2917.36.00,29,2917,Terephthalic acid and its salts,,25.0,3.0,0.0,15.0,5.0,7.5,61.8
2917.37.00,29,2917,Dimethyl Terephthalate,,25.0,3.0,0.0,15.0,5.0,7.5,61.8
2917.39.10,29,2917,Purified Isophtalic Acid (IPA),,25.0,3.0,20.0,15.0,5.0,7.5,93.16
2917.39.90,29,2917,"Other Aromatic Polycarboxylic Acids, Etc, Their... Derivatives, Nes",,25.0,3.0,10.0,15.0,5.0,7.5,77.48
2918.11.00,29,2918,"Lactic Acid, Its Salts And Esters",,5.0,0.0,0.0,15.0,5.0,7.5,33.63
2918.12.00,29,2918,Tartaric Acid,,5.0,0.0,0.0,15.0,5.0,7.5,33.63
2918.13.00,29,2918,Salts And Esters Of Tartaric Acid,,5.0,0.0,0.0,15.0,5.0,7.5,33.63
2918.14.00,29,2918,Citric Acid,,5.0,0.0,0.0,15.0,5.0,7.5,33.63
2918.15.00,29,2918,Salts And Esters Of Citric Acid,,5.0,0.0,0.0,15.0,5.0,7.5,33.63
2918.16.00,29,2918,"Gluconic Acid, Its Salts And Esters",,5.0,0.0,0.0,15.0,5.0,7.5,33.63
2918.17.00,29,2918,"2,2-Diphenyl-2-hydroxyacetic acid (benzilic acid)",,5.0,0.0,0.0,15.0,5.0,7.5,33.63
2918.18.00,29,2918,Chlorobenzilate (ISO),,5.0,0.0,0.0,15.0,5.0,7.5,33.63
2918.19.10,29,2918,"Calcium,Lactate,Calcium Livulinate,Calc.Sodium Lactate,Cantharides,Canthr.",,5.0,0.0,0.0,15.0,5.0,7.5,33.63
2918.19.90,29,2918,"Carboxylic Acids With Alcohol Function,Without Oxygen Function..Nes",,10.0,0.0,0.0,15.0,5.0,7.5,39.75
2918.21.00,29,2918,Salicylic Acid And Its Salts,,5.0,0.0,0.0,15.0,5.0,7.5,33.63
2918.22.00,29,2918,"O-Acetylsalicylic Acid, Its Salts And Esters",,5.0,0.0,0.0,15.0,5.0,7.5,33.63
2918.23.00,29,2918,Other Esters Of Salicylic Acid And Their Salts,,5.0,0.0,0.0,15.0,5.0,7.5,33.63
2918.29.00,29,2918,"Oth.Carboxylic Acids With Phenol Function,But Without Derivatives Nes",,5.0,0.0,0.0,15.0,5.0,7.5,33.63
2918.30.00,29,2918,"Carboxylic Acids With Aldehyde,Or Ketone Function...& Their Derivatives",,10.0,0.0,0.0,15.0,5.0,7.5,39.75
2918.91.00,29,2918,"2, 4, 5T (ISO) (2, 4, 5trichlorophenoxyacetic acid), its salts and esters",,5.0,0.0,0.0,15.0,5.0,7.5,33.63
2918.99.00,29,2918,"Car. acids with add.Oxy.func.&their.. Excl.2, 4, 5-T (ISO) (2,4,5-trichlo.acid)",,5.0,0.0,0.0,15.0,5.0,7.5,33.63
2919.10.00,29,2919,"Tris (2, 3dibromopropyl) phosphate",,5.0,0.0,0.0,15.0,5.0,7.5,33.63
2919.90.00,29,2919,Phosphoric esters..derivatives.Exclu. Tris phosphate & Tetrasodium fosfertrol a,,5.0,0.0,0.0,15.0,5.0,7.5,33.63
2920.11.00,29,2920,Parathion (ISO) and parathionmethyl (ISO) (methylparathion),,5.0,0.0,0.0,15.0,5.0,7.5,33.63
2920.19.00,29,2920,Thiopho. esters... nitrosated derivatives: Excl. Parathion (ISO) &para.-methyl,,5.0,0.0,0.0,15.0,5.0,7.5,33.63
2920.21.00,29,2920,Dimethyl phosphite,,5.0,0.0,0.0,15.0,5.0,7.5,33.63
2920.22.00,29,2920,Diethyl phosphite,,5.0,0.0,0.0,15.0,5.0,7.5,33.63
2920.23.00,29,2920,Trimethyl phosphite,,5.0,0.0,0.0,15.0,5.0,7.5,33.63
2920.24.00,29,2920,Triethyl phosphite,,5.0,0.0,0.0,15.0,5.0,7.5,33.63
2920.29.00,29,2920,Other,,5.0,0.0,0.0,15.0,5.0,7.5,33.63
2920.30.00,29,2920,Endosulfan (ISO),,5.0,0.0,0.0,15.0,5.0,7.5,33.63
2920.90.10,29,2920,"Erythrityl Tetranitrate, Isosorbidedinitate",,5.0,0.0,0.0,15.0,5.0,7.5,33.63
2920.90.90,29,2920,"Oth.Ester Of Oth.Inorganic Acids(Exl.Of Hdrgn.Halides),Deriv.(Ex.Erythrit.",,10.0,0.0,0.0,15.0,5.0,7.5,39.75
2921.11.00,29,2921,"Methylamine, Di- Or Trimethylamine And Their Salts",,5.0,0.0,0.0,15.0,5.0,7.5,33.63
2921.12.00,29,2921,"2-(N,N-Dimethylamino)ethylchloride hydrochloride",,5.0,0.0,0.0,15.0,5.0,7.5,33.63
2921.13.00,29,2921,"2-(N,N-Diethylamino)ethylchloride hydrochloride",,5.0,0.0,0.0,15.0,5.0,7.5,33.63
2921.14.00,29,2921,"2-(N,N-Diisopropylamino)ethylchloride hydrochloride",,5.0,0.0,0.0,15.0,5.0,7.5,33.63
2921.19.10,29,2921,Nitrogen mustards: HN1: Bis(2-chloroethyl)ethylamine,,5.0,0.0,0.0,15.0,5.0,7.5,33.63
2921.19.20,29,2921,Nitrogen mustards: HN2: Bis(2-chloroethyl)methylamine,,5.0,0.0,0.0,15.0,5.0,7.5,33.63
2921.19.30,29,2921,Nitrogen mustards: HN3: Tris(2-chloroethyl)amine,,5.0,0.0,0.0,15.0,5.0,7.5,33.63
2921.19.90,29,2921,Other,,5.0,0.0,0.0,15.0,5.0,7.5,33.63
2921.21.10,29,2921,Ethylenediamine And Its Salts,,0.0,0.0,0.0,0.0,5.0,7.5,12.5
2921.21.90,29,2921,Ethylenediamine And Its Salts,,5.0,0.0,0.0,15.0,5.0,7.5,33.63
2921.22.00,29,2921,Hexamethylenediamine And Its Salts,,5.0,0.0,0.0,15.0,5.0,7.5,33.63
2921.29.00,29,2921,"Other Acyclic Polyamines And Their Derivatives, Salts Thereof, Nes",,5.0,0.0,0.0,15.0,5.0,7.5,33.63
2921.30.00,29,2921,"Cyclanic...Or Cycloterpenic Mono- Or Polyamines, Etc; Salts Thereof",,5.0,0.0,0.0,15.0,5.0,7.5,33.63
2921.41.00,29,2921,Aniline And Its Salts,,5.0,0.0,0.0,15.0,5.0,7.5,33.63
2921.42.00,29,2921,Aniline Derivatives And Their Salts,,5.0,0.0,0.0,15.0,5.0,7.5,33.63
2921.43.00,29,2921,Toluidines And Their Derivatives; Salts Thereof,,5.0,0.0,0.0,15.0,5.0,7.5,33.63
2921.44.00,29,2921,Diphenylamine And Its Derivatives; Salts Thereof,,5.0,0.0,0.0,15.0,5.0,7.5,33.63
2921.45.00,29,2921,"1-Naphthylamine, 2-Naphthylamine And Their Derivatives; Salts Thereof",,5.0,0.0,0.0,15.0,5.0,7.5,33.63
2921.46.00,29,2921,"AMFETAMINE(INN),BENZFETAMINE(NN),DEXAMFETAMINE(INN)ETILAMFETAMINE(INN)..",,5.0,0.0,0.0,15.0,5.0,7.5,33.63
2921.49.00,29,2921,"Other Aromatic Monoamines And Their Derivatives, Nes; Salts Thereof",,5.0,0.0,0.0,15.0,5.0,7.5,33.63
2921.51.00,29,2921,"O-, M-, P-Phenylenediamine, Diaminotoluenes, Etc; Salts Thereof",,5.0,0.0,0.0,15.0,5.0,7.5,33.63
2921.59.00,29,2921,"Other Aromatic Polyamines And Their Derivatives, Nes; Salts Thereof",,5.0,0.0,0.0,15.0,5.0,7.5,33.63
2922.11.00,29,2922,Monoethanolamine And Its Salts,,5.0,0.0,0.0,15.0,5.0,7.5,33.63
2922.12.00,29,2922,Diethanolamine And Its Salts,,5.0,0.0,0.0,15.0,5.0,7.5,33.63
2922.14.00,29,2922,DEXTROPROPOXYPHENE (INN) AND ITS SALTS,,5.0,0.0,0.0,15.0,5.0,7.5,33.63
2922.15.00,29,2922,Triethanolamine,,5.0,0.0,0.0,15.0,5.0,7.5,33.63
2922.16.00,29,2922,Diethanolammonium perfluorooctane sulphonate,,5.0,0.0,0.0,15.0,5.0,7.5,33.63
2922.17.00,29,2922,Methyldiethanolamine and ethyldiethanolamine,,5.0,0.0,0.0,15.0,5.0,7.5,33.63
2922.18.00,29,2922,"2-(N,N-Diisopropylamino)ethanol",,5.0,0.0,0.0,15.0,5.0,7.5,33.63
2922.19.10,29,2922,"Amino-alcohols, their ethers and esters with only 1 oxygen function, nes",,0.0,0.0,0.0,15.0,5.0,7.5,27.5
2922.19.91,29,2922,"N,N-Dialkyl (Me, Et, n-Pr or i-Pr) aminoethane-2-ols and corresponding protonated salts",,5.0,0.0,0.0,15.0,5.0,7.5,33.63
2922.21.00,29,2922,Aminohydroxynaphthalenesulphonic Acids And Their Salts,,5.0,0.0,0.0,15.0,5.0,7.5,33.63
2922.29.10,29,2922,"Acetaminophen,Methoxyphenamine,P-Acetaminopaenol",,5.0,0.0,0.0,15.0,5.0,7.5,33.63
2922.29.90,29,2922,"Other Amino-Naphthols &-Phenols,Etc.. Oxygen Function;Salts, Nes",,10.0,0.0,0.0,15.0,5.0,7.5,39.75
2922.31.00,29,2922,"AMFEPRAMONE(INN),METHADONE(INN);SALTS THEREOF",,5.0,0.0,0.0,15.0,5.0,7.5,33.63
2922.41.00,29,2922,Lysine And Its Esters; Salts Thereof,,5.0,0.0,0.0,0.0,5.0,7.5,17.88
2922.42.10,29,2922,Tasting salts ((monosodium glutamate) in retail pack upto 2.5 kg,,25.0,3.0,0.0,15.0,5.0,7.5,61.8
2922.42.20,29,2922,Tasting salts (monosodium glutamate) in other packing,,10.0,0.0,0.0,15.0,5.0,7.5,39.75
2922.42.90,29,2922,"Glutamic acid and its salts, NES",,5.0,0.0,0.0,15.0,5.0,7.5,33.63
2922.43.00,29,2922,Anthranilic Acid And Its Salts,,5.0,0.0,0.0,15.0,5.0,7.5,33.63
2922.44.00,29,2922,TILIDINE(INN) AND ITS SALTS,,5.0,0.0,0.0,15.0,5.0,7.5,33.63
2922.49.00,29,2922,"Oth.Amino-Acids&Their Esters,>1 Kind Of Oxygen Function; Salts Thereof,Nes",,5.0,0.0,0.0,15.0,5.0,7.5,33.63
2922.50.00,29,2922,"Amino-alcohol/acid-phenols; amino-compounds with oxygen function, nes",,5.0,0.0,0.0,15.0,5.0,7.5,33.63
2923.10.00,29,2923,Choline And Its Salts,,0.0,0.0,0.0,0.0,5.0,7.5,12.5
2923.20.00,29,2923,Lecithins And Other Phosphoaminolipids,,5.0,0.0,0.0,15.0,5.0,7.5,33.63
2923.30.00,29,2923,Tetraethylammonium perfluorooctane sulphonate,,5.0,0.0,0.0,15.0,5.0,7.5,33.63
2923.40.00,29,2923,Didecyldimethylammonium perfluorooctane sulphonate,,5.0,0.0,0.0,15.0,5.0,7.5,33.63
2923.90.00,29,2923,"Quaternary Ammonium Salts And Hydroxides, Nes",,5.0,0.0,0.0,15.0,5.0,7.5,33.63
2924.11.00,29,2924,MEPROBAMATE (INN),,5.0,0.0,0.0,15.0,5.0,7.5,33.63
2924.12.00,29,2924,"Fluoroacetamide (ISO), monocrotophos (ISO) and phosphamidon (ISO)",,5.0,0.0,0.0,15.0,5.0,7.5,33.63
2924.19.00,29,2924,"Acyclic amides (incl. acyclic carbamates) and derivatives; salts thereof,nes",,5.0,0.0,0.0,15.0,5.0,7.5,33.63
2924.21.00,29,2924,Ureines And Their Derivatives; Salts Thereof,,5.0,0.0,0.0,15.0,5.0,7.5,33.63
2924.23.00,29,2924,2-ACETAMIDOBENZOIC ACID (N-ACETYLANTHRANILIC ACID)&ITS SALTS,,5.0,0.0,0.0,15.0,5.0,7.5,33.63
2924.24.00,29,2924,ETHINAMATE (INN),,5.0,0.0,0.0,15.0,5.0,7.5,33.63
2924.25.00,29,2924,Alachlor (ISO),,5.0,0.0,0.0,15.0,5.0,7.5,33.63
2924.29.00,29,2924,"Cyclic amides (incl. carbamates) and derivatives; salts thereof, nes",,5.0,0.0,0.0,15.0,5.0,7.5,33.63
2925.11.00,29,2925,Saccharin And Its Salts,,5.0,0.0,0.0,15.0,5.0,7.5,33.63
2925.12.00,29,2925,GLUTETHIMIDE (INN),,5.0,0.0,0.0,15.0,5.0,7.5,33.63
2925.19.10,29,2925,Imides And Their Derivatives; Salts Thereof (Excl. Saccharin),,0.0,0.0,0.0,15.0,5.0,7.5,27.5
2925.19.90,29,2925,Imides And Their Derivatives; Salts Thereof (Excl. Saccharin),,5.0,0.0,0.0,15.0,5.0,7.5,33.63
2925.21.00,29,2925,Chlordimeform (ISO),,5.0,0.0,0.0,15.0,5.0,7.5,33.63
2925.29.10,29,2925,Paludrine and chloroguayide (projuanil),,10.0,0.0,0.0,15.0,5.0,7.5,39.75
2925.29.90,29,2925,Paludrine and chloroguayide (projuanil),,5.0,0.0,0.0,15.0,5.0,7.5,33.63
2926.10.00,29,2926,Acrylonitrile,,10.0,0.0,0.0,15.0,5.0,7.5,39.75
2926.20.00,29,2926,1-Cyanoguanidine (Dicyandiamide),,10.0,0.0,0.0,15.0,5.0,7.5,39.75
2926.30.00,29,2926,"FENPROPOREX(INN)&ITS SALTS;METHADONE(INN)INTER.(4-CYA.2-DIM.-4,4-DIPHENYL.",,10.0,0.0,0.0,15.0,5.0,7.5,39.75
2926.40.00,29,2926,alpha-Phenylacetoacetonitrile,,10.0,0.0,0.0,15.0,5.0,7.5,39.75
2926.90.10,29,2926,"Nitroxinil And Its Solution,Lsaminile",,5.0,0.0,0.0,15.0,5.0,7.5,33.63
2926.90.20,29,2926,Acetonitrile HPLC,,15.0,0.0,0.0,15.0,5.0,7.5,45.88
2926.90.90,29,2926,"Other Nitrile-Function Compounds, Nes",,25.0,3.0,0.0,15.0,5.0,7.5,61.8
2927.00.00,29,2927,"Diazo-, Azo- Or Azoxy-Compounds",,10.0,0.0,0.0,15.0,5.0,7.5,39.75
2928.00.00,29,2928,Organic Derivatives Of Hydrazine Or Of Hydroxylamine,,10.0,0.0,0.0,15.0,5.0,7.5,39.75
2929.10.00,29,2929,Isocyanates,,10.0,0.0,0.0,15.0,5.0,7.5,39.75
2929.90.10,29,2929,"N,N-Dialkyl (Me, Et, n-Pr or i-Pr) phosphoramidic dihalides",,25.0,3.0,0.0,15.0,5.0,7.5,61.8
2929.90.20,29,2929,"Dialkyl (Me, Et, n-Pr or i-Pr) N,N-dialkyl (Me, Et, n-Pr or i-Pr)-phosphoramidates",,25.0,3.0,0.0,15.0,5.0,7.5,61.8
2929.90.90,29,2929,Other,,25.0,3.0,0.0,15.0,5.0,7.5,61.8
2930.10.00,29,2930,"2-(N,N-Dimethylamino) ethanethiol",,5.0,0.0,0.0,15.0,5.0,7.5,33.63
2930.20.00,29,2930,Thiocarbamates And Dithiocarbamates,,5.0,0.0,0.0,15.0,5.0,7.5,33.63
2930.30.00,29,2930,"Thiuram Mono-, Di- Or Tetrasulphides",,5.0,0.0,0.0,15.0,5.0,7.5,33.63
2930.40.00,29,2930,Methionine,,0.0,0.0,0.0,0.0,5.0,7.5,12.5
2930.60.00,29,2930,"2-(N,N-Diethylamino)ethanethiol",,5.0,0.0,0.0,15.0,5.0,7.5,33.63
2930.70.00,29,2930,Bis(2-hydroxyethyl)sulfide (thiodiglycol (INN)),,5.0,0.0,0.0,15.0,5.0,7.5,33.63
2930.80.00,29,2930,"Aldicarb (ISO), captafol (ISO) and methamidophos (ISO)",,5.0,0.0,0.0,15.0,5.0,7.5,33.63
2930.90.10,29,2930,"Other organo-sulphurcompounds, nesr",,0.0,0.0,0.0,15.0,5.0,7.5,27.5
2930.90.11,29,2930,sulfur mustards: 2-Chloroethylchloromethylsulfide,,5.0,0.0,0.0,15.0,5.0,7.5,33.63
2930.90.12,29,2930,Mustard gas: Bis(2-chloroethyl)sulfide,,5.0,0.0,0.0,15.0,5.0,7.5,33.63
2930.90.13,29,2930,Bis(2-chloroethylthio)methane,,5.0,0.0,0.0,15.0,5.0,7.5,33.63
2930.90.14,29,2930,"Sesquimustard: 1,2-Bis (2-chloroethylthio) ethane",,5.0,0.0,0.0,15.0,5.0,7.5,33.63
2930.90.15,29,2930,"1,3-Bis(2-chloroethlthio)-n-propane",,5.0,0.0,0.0,15.0,5.0,7.5,33.63
2930.90.16,29,2930,"1,4-Bis(2-chloroethlthio)-n-butane",,5.0,0.0,0.0,15.0,5.0,7.5,33.63
2930.90.17,29,2930,"1,5-Bis(2-chloroethlthio)-n-nentane",,5.0,0.0,0.0,15.0,5.0,7.5,33.63
2930.90.18,29,2930,Bis(2-chloroethylthiomethyl)ether,,5.0,0.0,0.0,15.0,5.0,7.5,33.63
2930.90.19,29,2930,O-mustard: Bis(2-chloroethylthioethyl)ether,,5.0,0.0,0.0,15.0,5.0,7.5,33.63
2930.90.21,29,2930,"Amiton:O,O-Diethyl S-[2-(dieth)ethyl] phosphor. and corres. alkylated or protonated salts",,5.0,0.0,0.0,15.0,5.0,7.5,33.63
2930.90.22,29,2930,"N,N-Dialkyl(Me,Et,nProriPr)aminoethane-2-thiols and corresp. protonated salts",,5.0,0.0,0.0,15.0,5.0,7.5,33.63
2930.90.99,29,2930,Other,,5.0,0.0,0.0,15.0,5.0,7.5,33.63
2931.10.00,29,2931,Tetramethyl lead and tetraethyl lead,,5.0,0.0,0.0,15.0,5.0,7.5,33.63
2931.20.00,29,2931,Tributyltin compounds,,5.0,0.0,0.0,15.0,5.0,7.5,33.63
2931.41.10,29,2931,Methylphosphonyl dichloride,,5.0,0.0,0.0,15.0,5.0,7.5,33.63
2931.41.20,29,2931,Dimethyl methylphosphonate,,5.0,0.0,0.0,15.0,5.0,7.5,33.63
2931.41.90,29,2931,Other,,5.0,0.0,0.0,15.0,5.0,7.5,33.63
2931.42.00,29,2931,"Other Organo-Inorganic compunds, Dimethyl propylphosphonate",,5.0,0.0,0.0,15.0,5.0,7.5,33.63
2931.43.00,29,2931,"Other Organo-Inorganic Compounds, -- Diethyl ethylphosphonate",,5.0,0.0,0.0,15.0,5.0,7.5,33.63
2931.44.00,29,2931,"Other Organo-Inorganic Compounds, Methylphosphonic acid",,5.0,0.0,0.0,15.0,5.0,7.5,33.63
2931.46.00,29,2931,"Oth.Organo-Ingnc.Comp.2,4,6-Tripropyl-1,3,5,2,4,6-trioxatriphosphinane 2,4,6-trioxide",,5.0,0.0,0.0,15.0,5.0,7.5,33.63
2931.47.00,29,2931,"(5-Ethyl-2-methyl-2-oxido-1,3,2-dioxaphosphinan-5-yl) methyl methyl methylphosphonat",,5.0,0.0,0.0,15.0,5.0,7.5,33.63
2931.48.00,29,2931,"3,9-Dimethyl-2,4,8,10-tetraoxa-3,9-diphosphaspiro[5.5] undecane 3,9-dioxide",,5.0,0.0,0.0,15.0,5.0,7.5,33.63
2931.49.10,29,2931,"Tabun: O-Ethyl N,N-dimethyl phosphoramidocyanidate",,5.0,0.0,0.0,15.0,5.0,7.5,33.63
2931.49.90,29,2931,Other,,5.0,0.0,0.0,15.0,5.0,7.5,33.63
2931.51.00,29,2931,Halogenated organo-phosphorous derivatives: Methylphosphonic dichloride,,5.0,0.0,0.0,15.0,5.0,7.5,33.63
2931.52.00,29,2931,Halogenated organo-phosphorous derivatives: Propylphosphonic dichloride,,5.0,0.0,0.0,15.0,5.0,7.5,33.63
2931.53.00,29,2931,O-(3-chloropropyl)O-[4-nitro-3-(trifluoromethyl)phenyl] methylphosphonothionate,,5.0,0.0,0.0,15.0,5.0,7.5,33.63
2931.54.00,29,2931,Halogenated organo-phosphorous derivatives : Trichlorfon (ISO),,5.0,0.0,0.0,15.0,5.0,7.5,33.63
2931.59.10,29,2931,Sarin: O-Isopropyl methylphosphonofluoridate,,5.0,0.0,0.0,15.0,5.0,7.5,33.63
2931.59.20,29,2931,Soman: O-Pinacolyl methylphosphonofluoridate,,5.0,0.0,0.0,15.0,5.0,7.5,33.63
2931.59.30,29,2931,VX: O-Ethyl S-2-diisopropylaminoethyl methyl phosphonothiolate,,5.0,0.0,0.0,15.0,5.0,7.5,33.63
2931.59.40,29,2931,DF: Methylphosphonyldifluoride,,5.0,0.0,0.0,15.0,5.0,7.5,33.63
2931.59.50,29,2931,QL: O-Ethyl O-2-diisopropylaminoethyl methylphosphonite,,5.0,0.0,0.0,15.0,5.0,7.5,33.63
2931.59.60,29,2931,Chlorosarin: O-Isopropyl methylphosphonochloridate,,5.0,0.0,0.0,15.0,5.0,7.5,33.63
2931.59.70,29,2931,Chlorosomsn: O-Pinacolyl methylphosphonochloridate,,5.0,0.0,0.0,15.0,5.0,7.5,33.63
2931.59.90,29,2931,Other,,5.0,0.0,0.0,15.0,5.0,7.5,33.63
2932.11.00,29,2932,Tetrahydrofuran,,10.0,0.0,0.0,15.0,5.0,7.5,39.75
2932.12.00,29,2932,2-Furaldehyde (Furfuraldehyde),,10.0,0.0,0.0,15.0,5.0,7.5,39.75
2932.13.00,29,2932,Furfuryl Alcohol And Tetrahydrofurfuryl Alcohol,,10.0,0.0,0.0,15.0,5.0,7.5,39.75
2932.14.00,29,2932,Sucralose,,10.0,0.0,0.0,15.0,5.0,7.5,39.75
2932.19.00,29,2932,"Compounds containing an unfused furan ring in the structure, nes",,10.0,0.0,0.0,15.0,5.0,7.5,39.75
2932.20.00,29,2932,Lactones,,10.0,0.0,0.0,15.0,5.0,7.5,39.75
2932.91.00,29,2932,Isosafrole,,10.0,0.0,0.0,15.0,5.0,7.5,39.75
2932.92.00,29,2932,"1-(1,3-Benzodioxol-5-Yl)Propan-2-One",,10.0,0.0,0.0,15.0,5.0,7.5,39.75
2932.93.00,29,2932,Piperonal,,10.0,0.0,0.0,15.0,5.0,7.5,39.75
2932.94.00,29,2932,Safrole,,10.0,0.0,0.0,15.0,5.0,7.5,39.75
2932.95.00,29,2932,TETRAHYDROCANNABINOLS (ALL ISOMERS),,10.0,0.0,0.0,15.0,5.0,7.5,39.75
2932.96.00,29,2932,Carbofuran (ISO),,10.0,0.0,0.0,15.0,5.0,7.5,39.75
2932.99.00,29,2932,"Other Heterocyclic Compounds With Oxygen Hetero-Atom(S) Only, Nes",,10.0,0.0,0.0,15.0,5.0,7.5,39.75
2933.11.00,29,2933,Phenazone (Antipyrin) And Its Derivatives,,5.0,0.0,0.0,15.0,5.0,7.5,33.63
2933.19.00,29,2933,"Compounds containing an unfused pyrazole ring in the structure, nes",,5.0,0.0,0.0,15.0,5.0,7.5,33.63
2933.21.00,29,2933,Hydantoin And Its Derivatives,,5.0,0.0,0.0,15.0,5.0,7.5,33.63
2933.29.00,29,2933,"Other Compounds Containing An Unfused Imidazole Ring In The Structure, Nes",,5.0,0.0,0.0,15.0,5.0,7.5,33.63
2933.31.00,29,2933,Pyridine And Its Salts,,10.0,0.0,0.0,15.0,5.0,7.5,39.75
2933.32.00,29,2933,Piperidine And Its Salts,,10.0,0.0,0.0,15.0,5.0,7.5,39.75
2933.33.00,29,2933,"ALFENTANIL(INN),ANILERIDINE(INN)..PROPIRAM(INN)&TRIMEPERIDINE(INN)SAL.T.OF",,10.0,0.0,0.0,15.0,5.0,7.5,39.75
2933.34.00,29,2933,Other fentanyls and their derivatives,,10.0,0.0,0.0,15.0,5.0,7.5,39.75
2933.35.00,29,2933,Compunds containing an unfused pyridine rimg : 3-Quinuclidinol,,10.0,0.0,0.0,15.0,5.0,7.5,39.75
2933.36.00,29,2933,4-Anilino-N-phenethylpiperidine (ANPP),,10.0,0.0,0.0,15.0,5.0,7.5,39.75
2933.37.00,29,2933,N-Phenethyl-4-piperidone (NPP),,10.0,0.0,0.0,15.0,5.0,7.5,39.75
2933.39.10,29,2933,3-Quinuclidinyl benzilate,,0.0,0.0,0.0,15.0,5.0,7.5,27.5
2933.39.20,29,2933,Quinuclidin-3-ol,,0.0,0.0,0.0,15.0,5.0,7.5,27.5
2933.39.90,29,2933,Other,,0.0,0.0,0.0,15.0,5.0,7.5,27.5
2933.41.00,29,2933,LEVORPHANOL (INN)AND ITS SALTS,,10.0,0.0,0.0,15.0,5.0,7.5,39.75
2933.49.00,29,2933,"Compounds with quinoline or isoquinoline ring-system, not further fused,nes",,5.0,0.0,0.0,15.0,5.0,7.5,33.63
2933.52.00,29,2933,MALONYLUREA (BARBITURIC ACID) AND ITS SALTS,,5.0,0.0,0.0,15.0,5.0,7.5,33.63
2933.53.00,29,2933,ALLOBARBITAL(INN)AMOBARBITAL(INN)BARBITAL(INN)..SECBUTABARBITAL(INN)SECOB.,,5.0,0.0,0.0,15.0,5.0,7.5,33.63
2933.54.00,29,2933,OTHER DERIVATIVES OF MALONYLUREA(BARBITURIC ACID);SALTS THEREOF,,5.0,0.0,0.0,15.0,5.0,7.5,33.63
2933.59.10,29,2933,"5-fluorouracil BP, methotrexate BP, capecitabine USP, cytarabin",,0.0,0.0,0.0,0.0,5.0,7.5,12.5
2933.59.90,29,2933,"OTHER EXCL. 5-FLUOROURACIL BP, METHOTREXATE BP, CAPECITABINE USP",,5.0,0.0,0.0,15.0,5.0,7.5,33.63
2933.61.00,29,2933,Melamine,,5.0,0.0,0.0,15.0,5.0,7.5,33.63
2933.69.00,29,2933,Other Compounds Containing An Unfused Triazine Ring In The Structure,,5.0,0.0,0.0,15.0,5.0,7.5,33.63
2933.71.00,29,2933,6-Hexanelactam (Epsilon-Caprolactam),,5.0,0.0,0.0,15.0,5.0,7.5,33.63
2933.72.00,29,2933,CLOBAZAM(INN)AND METHYPRYLON(INN),,5.0,0.0,0.0,15.0,5.0,7.5,33.63
2933.79.10,29,2933,Other Lactams (Excl. Epsilon-Caprolactam),,0.0,0.0,0.0,15.0,5.0,7.5,27.5
2933.79.90,29,2933,Other Lactams (Excl. Epsilon-Caprolactam),,5.0,0.0,0.0,15.0,5.0,7.5,33.63
2933.92.00,29,2933,Azinphos-methyl (ISO),,5.0,0.0,0.0,15.0,5.0,7.5,33.63
2933.99.00,29,2933,"Heterocyclic compounds with nitrogen hetero-atom(s) only,nes",,0.0,0.0,0.0,15.0,5.0,7.5,27.5
2934.10.00,29,2934,Compounds Containing An Unfused Thiazole Ring In The Structure,,5.0,0.0,0.0,15.0,5.0,7.5,33.63
2934.20.00,29,2934,"Compounds Containing A Benzothiazole Ring-System, Not Further Fused",,5.0,0.0,0.0,15.0,5.0,7.5,33.63
2934.30.00,29,2934,"Compounds Containing A Phenothiazine Ring-System, Not Further Fused",,5.0,0.0,0.0,15.0,5.0,7.5,33.63
2934.91.00,29,2934,AMINOREX(INN)BROTIZOLAM(INN)CLOTIA..SUFENTANIL(INN)SALTS THEREOF,,5.0,0.0,0.0,15.0,5.0,7.5,33.63
2934.92.00,29,2934,Other fentanyls and their derivatives,,5.0,0.0,0.0,15.0,5.0,7.5,33.63
2934.99.10,29,2934,NUCLEIC ACIDS AND THEIR SALTS,,0.0,0.0,0.0,15.0,5.0,7.5,27.5
2934.99.20,29,2934,"GEMCITABINE HCI USP, CYCLOPHOSPHAMIDE BP, IPHOSPHAMIDE BP",,0.0,0.0,0.0,0.0,5.0,7.5,12.5
2934.99.90,29,2934,"OTH. HETEROCYCLIC COMPOUNDS, NES",,5.0,0.0,0.0,15.0,5.0,7.5,33.63
2935.10.00,29,2935,N-Methylperfluorooctane sulphonamide,,0.0,0.0,0.0,15.0,5.0,7.5,27.5
2935.20.00,29,2935,N-Ethylperfluorooctane sulphonamide,,0.0,0.0,0.0,15.0,5.0,7.5,27.5
2935.30.00,29,2935,N-Ethyl-N-(2-hydroxyethyl) perfluorooctane sulphonamide,,0.0,0.0,0.0,15.0,5.0,7.5,27.5
2935.40.00,29,2935,N-(2-Hydroxyethyl)-N-methylperfluorooctane sulphonamide,,0.0,0.0,0.0,15.0,5.0,7.5,27.5
2935.50.00,29,2935,Other perfluorooctane sulphonamides,,0.0,0.0,0.0,15.0,5.0,7.5,27.5
2935.90.00,29,2935,Other,,0.0,0.0,0.0,15.0,5.0,7.5,27.5
2936.21.00,29,2936,"Vitamins A And Their Derivatives, Unmixed",,0.0,0.0,0.0,15.0,5.0,7.5,27.5
2936.22.00,29,2936,"Vitamin B1 And Its Derivatives, Unmixed",,0.0,0.0,0.0,15.0,5.0,7.5,27.5
2936.23.00,29,2936,"Vitamin B2 And Its Derivatives, Unmixed",,0.0,0.0,0.0,15.0,5.0,7.5,27.5
2936.24.00,29,2936,D- Or Dl- Pantothenic Acid (Vitamin B3 Or B5) And Its Derivatives,,0.0,0.0,0.0,15.0,5.0,7.5,27.5
2936.25.00,29,2936,"Vitamin B6 And Its Derivatives, Unmixed",,0.0,0.0,0.0,15.0,5.0,7.5,27.5
2936.26.00,29,2936,"Vitamin B12 And Its Derivatives, Unmixed",,0.0,0.0,0.0,15.0,5.0,7.5,27.5
2936.27.00,29,2936,"Vitamin C And Its Derivatives, Unmixed",,0.0,0.0,0.0,15.0,5.0,7.5,27.5
2936.28.00,29,2936,"Vitamin E And Its Derivatives, Unmixed",,0.0,0.0,0.0,15.0,5.0,7.5,27.5
2936.29.00,29,2936,"Other Vitamins And Their Derivatives, Unmixed",,0.0,0.0,0.0,15.0,5.0,7.5,27.5
2936.90.00,29,2936,"Other Vitamins (Incl. Natural Concentrates), Nes",,0.0,0.0,0.0,15.0,5.0,7.5,27.5
2937.11.00,29,2937,"SOMATOTROPIN,ITS DERIVATIVES & STRUCTURAL ANALOGUES",,5.0,0.0,0.0,15.0,5.0,7.5,33.63
2937.12.00,29,2937,INSULIN AND ITS SALTS,,0.0,0.0,0.0,0.0,5.0,7.5,12.5
2937.19.10,29,2937,"HCG,LEUTINISING HORMONE & RELEASING HORMONE",,0.0,0.0,0.0,15.0,5.0,7.5,27.5
2937.21.00,29,2937,"Cortisone, Hydrocortisone... And Predisolone (Dehydrohydrocortisone)",,5.0,0.0,0.0,15.0,5.0,7.5,33.63
2937.22.00,29,2937,Halogenated Derivatives Of Adrenal Cortical Hormones,,5.0,0.0,0.0,15.0,5.0,7.5,33.63
2937.23.10,29,2937,DESOGESTREL ETHINYLOESTRADIOL AND LYNESTRENAL,,0.0,0.0,0.0,0.0,5.0,7.5,12.5
2937.23.91,29,2937,Medroxy progesterone acetate,,0.0,0.0,0.0,15.0,5.0,7.5,27.5
2937.23.99,29,2937,Other than Medroxy progesterone acetate,,5.0,0.0,0.0,15.0,5.0,7.5,33.63
2937.29.00,29,2937,"Other Adrenal Cortical Hormones And Their Derivatives, Nes",,5.0,0.0,0.0,15.0,5.0,7.5,33.63
2937.90.00,29,2937,"OTHER HORMONES,PROSTAGLANDINS,..USED PRIMARILY AS HORMONES",,5.0,0.0,0.0,15.0,5.0,7.5,33.63
2938.10.00,29,2938,Rutoside (Rutin) And Its Derivatives,,5.0,0.0,0.0,15.0,5.0,7.5,33.63
2938.90.10,29,2938,ETOPOSIDE BP,,0.0,0.0,0.0,0.0,5.0,7.5,12.5
2939.19.00,29,2939,OTHER ALKALOIDS OF OPIUM AND THEIR DERIVATIVES;SALTS THEREOF,,10.0,0.0,0.0,15.0,5.0,7.5,39.75
2939.20.10,29,2939,Quinine and its salts,,0.0,0.0,0.0,15.0,5.0,7.5,27.5
2939.20.90,29,2939,"Alkaloids of cinchona and their derivatives; salts thereof, Exlc. Quinine and i",,10.0,0.0,0.0,15.0,5.0,7.5,39.75
2939.30.00,29,2939,Caffeine And Its Salts,,10.0,0.0,0.0,15.0,5.0,7.5,39.75
2939.41.00,29,2939,Ephedrine And Its Salts Excl.Pseudoephedrine (Inn) And Its Salts,,10.0,0.0,0.0,15.0,5.0,7.5,39.75
2939.42.00,29,2939,Pseudoephedrine (Inn) And Its Salts,,10.0,0.0,0.0,15.0,5.0,7.5,39.75
2939.43.00,29,2939,CATHINE )INN) AND ITS SALTS,,10.0,0.0,0.0,15.0,5.0,7.5,39.75
2939.44.00,29,2939,Norephedrine and its salts,,10.0,0.0,0.0,15.0,5.0,7.5,39.75
2939.45.00,29,2939,"Levometamfetamine, metamfetamine (INN), metamfetamine racemate and their salts",,10.0,0.0,0.0,15.0,5.0,7.5,39.75
2939.49.00,29,2939,Other Ephedrines And Their Salts Nes,,10.0,0.0,0.0,15.0,5.0,7.5,39.75
2939.51.00,29,2939,FENETYLLINE (INN) AND ITS SALTS,,10.0,0.0,0.0,15.0,5.0,7.5,39.75
2939.59.00,29,2939,OTHER THEOPHYLLINE AND AMINOPHYLLINE..DERIVATIVES;SALTS THEREOF,,10.0,0.0,0.0,15.0,5.0,7.5,39.75
2939.61.00,29,2939,Ergometrine (Inn) And Its Salts,,10.0,0.0,0.0,15.0,5.0,7.5,39.75
2939.62.00,29,2939,Ergotamine (Inn) And Its Salts,,10.0,0.0,0.0,15.0,5.0,7.5,39.75
2939.63.00,29,2939,Lysergic Acid And Its Salts,,10.0,0.0,0.0,15.0,5.0,7.5,39.75
2939.69.00,29,2939,Other Alkaloids Of Rye Ergot And Their Derivatives; Salts Thereof;Nes,,10.0,0.0,0.0,15.0,5.0,7.5,39.75
2939.72.00,29,2939,"Cocaine, ecgonine; salts, esters and other derivatives thereof",,10.0,0.0,0.0,15.0,5.0,7.5,39.75
2939.79.10,29,2939,Other,,0.0,0.0,0.0,15.0,5.0,7.5,27.5
2939.79.90,29,2939,Other,,10.0,0.0,0.0,15.0,5.0,7.5,39.75
2939.80.00,29,2939,Other,,10.0,0.0,0.0,15.0,5.0,7.5,39.75
2940.00.00,29,2940,"SUGARS, PURE (EXCL. GLUCOSE, ETC); SUGAR ETHERS AND SALTS, ETC",,10.0,0.0,0.0,15.0,5.0,7.5,39.75
2941.10.00,29,2941,Penicillins And Derivatives With A Penicillanic Acid Structure; Salts,,0.0,0.0,0.0,15.0,5.0,7.5,27.5
2941.20.00,29,2941,Streptomycins And Their Derivatives; Salts Thereof,,0.0,0.0,0.0,15.0,5.0,7.5,27.5
2941.30.00,29,2941,Tetracyclines And Their Derivatives; Salts Thereof,,0.0,0.0,0.0,15.0,5.0,7.5,27.5
2941.40.00,29,2941,Chloramphenicol And Its Derivatives; Salts Thereof,,0.0,0.0,0.0,15.0,5.0,7.5,27.5
2941.50.10,29,2941,ERYTHROMYCIN ETHYL SUCCINATE; ERYTHROMYCIN STEARATE,,15.0,0.0,0.0,15.0,5.0,7.5,45.88
2941.50.90,29,2941,ANTIBIOTICS EXCL.ERYTHROMYCIN ETHYL SUCCINATE; ERYTHROMYCIN STEARATE,,0.0,0.0,0.0,15.0,5.0,7.5,27.5
2941.90.11,29,2941,AZITHROMYCIN,,15.0,0.0,0.0,15.0,5.0,7.5,45.88
2941.90.19,29,2941,AZITHROMYCIN,,5.0,0.0,0.0,15.0,5.0,7.5,33.63
2941.90.90,29,2941,"ANTIBIOTICS, NES",,0.0,0.0,0.0,15.0,5.0,7.5,27.5
2942.00.10,29,2942,"Daclatasvir HCL, Dasabuvir, Ledipasvir, Ombitasvir, Partitaprevir, Rito...Velpatasvir",,0.0,0.0,0.0,0.0,5.0,7.5,12.5
2942.00.90,29,2942,"Other Organic Compounds,Nes",,5.0,0.0,0.0,15.0,5.0,7.5,33.63
3001.20.00,30,3001,Extracts Of Glands Or Other Organs Or Of Their Secretions,,0.0,0.0,0.0,0.0,5.0,7.5,12.5
3002.12.00,30,3002,Antisera and other blood fractions,,0.0,0.0,0.0,0.0,5.0,0.0,5.0
3002.13.00,30,3002,"Immunological products, unmixed, not put up in measured doses or in forms or packings",,0.0,0.0,0.0,0.0,5.0,0.0,5.0
3002.14.00,30,3002,"Immunological products, mixed, not put up in measured doses or in forms or packings",,0.0,0.0,0.0,0.0,5.0,0.0,5.0
3002.15.00,30,3002,"Immunological products, put up in measured doses or in forms or packings for retail",,0.0,0.0,0.0,0.0,5.0,0.0,5.0
3002.41.00,30,3002,Vaccines for human medicine,,0.0,0.0,0.0,15.0,2.0,7.5,24.5
3002.42.00,30,3002,Vaccines for veterinary medicine,,0.0,0.0,0.0,0.0,5.0,7.5,12.5
3002.49.00,30,3002,"Vaccines, NES",,0.0,0.0,0.0,15.0,5.0,7.5,27.5
3002.51.00,30,3002,"Cell cultures, whether or not modified , Cell therapy products",,0.0,0.0,0.0,15.0,5.0,7.5,27.5
3002.59.00,30,3002,"Cell cultures, whether or not modified, EXC.Cell therapy products",,0.0,0.0,0.0,15.0,5.0,7.5,27.5
3002.90.10,30,3002,Saxitoxin,,0.0,0.0,0.0,0.0,5.0,0.0,5.0
3002.90.20,30,3002,Ricin,,0.0,0.0,0.0,0.0,5.0,0.0,5.0
3002.90.90,30,3002,Other,,0.0,0.0,0.0,0.0,5.0,0.0,5.0
3003.10.00,30,3003,"Medicaments Containing Penicillins..Or Streptomycins..,Not For Retail Sale",,5.0,0.0,0.0,0.0,5.0,0.0,10.0
3003.20.00,30,3003,"Medicaments Containing Other Antibiotics, ....Not For Retail Sale",,5.0,0.0,0.0,0.0,5.0,0.0,10.0
3003.31.00,30,3003,"Insulin, Not For Retail Sale",,0.0,0.0,0.0,0.0,5.0,0.0,5.0
3003.39.10,30,3003,"Anti-malaria-TB-cancer-leprosy,cardiovascular,anti-hepatic drug kidney dialysis solu.",,0.0,0.0,0.0,0.0,5.0,0.0,5.0
3003.39.90,30,3003,"Excl..Anti-malaria-TB-cancer...cardiovascular,anti-hepatic drug kidney dialysis solu.",,5.0,0.0,0.0,0.0,5.0,0.0,10.0
3003.41.00,30,3003,"Other, containing alkaloids or derivatives thereof containing ephedrine or its salts",,5.0,0.0,0.0,0.0,5.0,0.0,10.0
3003.42.00,30,3003,"Other, containing alkaloids or derivatives thereof, containing pseudoephedrine (inn)",,5.0,0.0,0.0,0.0,5.0,0.0,10.0
3003.43.00,30,3003,"Other, containing alkaloids or derivati..thereof containing norephedrine or its salts",,5.0,0.0,0.0,0.0,5.0,0.0,10.0
3003.49.10,30,3003,"Anti-malaria, anti-TB, anti-cancer, anti-leprosy, cardiovascular and anti-hepatic en",,0.0,0.0,0.0,0.0,5.0,0.0,5.0
3003.49.90,30,3003,"Medicaments (Excl. goods of heading No. 3002 .... not for retails sale, NES",,5.0,0.0,0.0,0.0,5.0,0.0,10.0
3003.60.00,30,3003,"Other, containing antimalarial active principles described in Subheading Note 2 ...",,0.0,0.0,0.0,15.0,5.0,7.5,27.5
3003.90.10,30,3003,Other Medicaments With>=2 Constitu..Containing More Then 15%Absolt.Alcohol,,25.0,3.0,0.0,15.0,5.0,7.5,61.8
3003.90.91,30,3003,"Other Anti-Malaria,Anti-Tb,A.-Leprosy Cardiovascular & A.-Hepatic Encep...",,0.0,0.0,0.0,0.0,5.0,0.0,5.0
3003.90.99,30,3003,"Other medicaments with >=2 constituents, not for retail sale, nes",,5.0,0.0,0.0,0.0,5.0,0.0,10.0
3004.10.00,30,3004,"Medicaments Of Penicillins... Or Streptomycins..., For Retail Sale",,5.0,0.0,0.0,0.0,5.0,0.0,10.0
3004.20.10,30,3004,"Mycophenolate mofetil, mycophenolate sodium, ciclosporin",,0.0,0.0,0.0,0.0,5.0,0.0,5.0
3004.20.90,30,3004,"Other than Mycophenolate mofetil, mycophenolate sodium, ciclosporin",,5.0,0.0,0.0,0.0,5.0,0.0,10.0
3004.31.00,30,3004,"Medicaments Containing Insulin, For Retail Sale",,0.0,0.0,0.0,0.0,5.0,0.0,5.0
3004.32.00,30,3004,"Medicaments Containing Adrenal Cortical Hormones, For Retail Sale",,5.0,0.0,0.0,0.0,5.0,0.0,10.0
3004.39.10,30,3004,"Anti-malaria-TB-cancer-leprosy,crdvsclr/anti-hepatic encephal opathy drugs/Kidney dls",,0.0,0.0,0.0,0.0,5.0,0.0,5.0
3004.39.90,30,3004,"Excl.Anti-malaria-TB-cancer-leprosy,crdvsclr/anti-hepatic..opathy drugs/Kidney dialys",,5.0,0.0,0.0,0.0,5.0,0.0,10.0
3004.41.00,30,3004,"Other, containing alkaloids or derivatives thereof",,5.0,0.0,0.0,0.0,5.0,0.0,10.0
3004.42.00,30,3004,"Other, containing alkaloids or derivatives thereof",,5.0,0.0,0.0,15.0,5.0,0.0,25.75
3004.43.00,30,3004,"Other, containing alkaloids or derivatives thereof",,5.0,0.0,0.0,15.0,5.0,0.0,25.75
3004.49.10,30,3004,Other,,0.0,0.0,0.0,0.0,5.0,0.0,5.0
3004.49.90,30,3004,Other,,5.0,0.0,0.0,0.0,5.0,0.0,10.0
3004.50.00,30,3004,Other Medicaments Containing Vitamins Or Otr Prod.Of 29.36 For Retail Sale,,5.0,0.0,0.0,0.0,5.0,0.0,10.0
3004.60.00,30,3004,"Other, containing antimalarial active principles described in Subheading Note 2...",,0.0,0.0,0.0,15.0,5.0,7.5,27.5
3004.90.10,30,3004,Oth.Medicaments Of Mixe...Containing More Than 15% Of Absolute Alcohol,,25.0,3.0,0.0,15.0,5.0,7.5,61.8
3004.90.91,30,3004,"Antimalaria, antiTB, anticancer, ... Kidney dialysis solution; Drugs for thalassaemia",,0.0,0.0,0.0,0.0,5.0,0.0,5.0
3004.90.99,30,3004,"Other(excl.anti-malaria, anti-TB, anti-leprosy....and kidney dialysis solution",,5.0,0.0,0.0,15.0,5.0,7.5,33.63
3005.10.00,30,3005,ADHESIVE DRESSINGS AND OTHER ARTICLES HAVING AND ADHESIVE LAYER,,10.0,0.0,0.0,15.0,5.0,7.5,39.75
3005.90.00,30,3005,"Wadding, Gauze, Etc With Pharmaceutical Substances For Retail Sale, Nes",,10.0,0.0,0.0,15.0,5.0,7.5,39.75
3006.10.00,30,3006,"Sterile Surgical Catgut,Materrials For Surgi.Sutures;Laminaria;Absor.Haem.",,5.0,0.0,0.0,15.0,5.0,7.5,33.63
3006.30.00,30,3006,Opacifying Preparations For X-Ray Examinations; Diagnostic Reagents...,,5.0,0.0,0.0,15.0,5.0,7.5,33.63
3006.40.00,30,3006,Dental cements and other dental fillings; bone reconstruction cements,,5.0,0.0,0.0,15.0,5.0,7.5,33.63
3006.50.00,30,3006,First-Aid Boxes And Kits,,5.0,10.0,0.0,15.0,5.0,7.5,45.88
3006.91.00,30,3006,Appliances identifiable for ostomy use,,5.0,0.0,0.0,15.0,5.0,7.5,33.63
3006.92.00,30,3006,Waste pharmaceuticals,,5.0,0.0,0.0,15.0,5.0,7.5,33.63
3006.93.00,30,3006,"Placebos and blinded (or double-blinded) clinical trial kits, for a recognised clinic",,5.0,0.0,0.0,15.0,5.0,7.5,33.63
3102.21.00,31,3102,Ammonium Sulphate,,0.0,0.0,0.0,0.0,5.0,7.5,12.5
3103.11.10,31,3103,Superphosphates : Containing by weight 35 % or more ... Triple superphosphates,,0.0,0.0,0.0,0.0,0.0,7.5,7.5
3103.11.90,31,3103,"Superphosphates : Containing by weight 35 % or more ...Excl,. Triple superphosphates",,0.0,0.0,0.0,15.0,5.0,7.5,27.5
3103.19.10,31,3103,Other,,25.0,3.0,0.0,15.0,5.0,7.5,61.8
3103.19.90,31,3103,Other,,0.0,0.0,0.0,15.0,5.0,7.5,27.5
3103.90.00,31,3103,"Other Mineral Or Chemical Fertilizers, Phosphatic, Nes",,0.0,0.0,0.0,0.0,0.0,7.5,7.5
3104.20.00,31,3104,Potassium Chloride,,0.0,0.0,0.0,0.0,0.0,7.5,7.5
3104.30.00,31,3104,Potassium Sulphate,,0.0,0.0,0.0,0.0,5.0,7.5,12.5
3104.90.00,31,3104,"Other Mineral Or Chemical Fertilizers, Potassic, Nes",,0.0,0.0,0.0,0.0,5.0,7.5,12.5
3105.10.00,31,3105,Fertilizers... In Packages Of A Gross Weight =<10kg,,0.0,0.0,0.0,0.0,0.0,7.5,7.5
3105.20.00,31,3105,"Mineral Or Chemical Fertilizers With Nitrogen, Phosphorus And Potassium",,0.0,0.0,0.0,0.0,0.0,7.5,7.5
3105.30.00,31,3105,Diammonium Hydrogenorthophosphate (Diammonium Phosphate),,0.0,0.0,0.0,0.0,5.0,7.5,12.5
3105.40.00,31,3105,Ammonium Dihydrogenorthophosphate (Monoammonium Phosphate) And Mixtures...,,0.0,0.0,0.0,0.0,5.0,0.0,5.0
3105.51.00,31,3105,Mineral Or Chemical Fertilizers Containing Nitrates And Phosphates,,0.0,0.0,0.0,0.0,5.0,7.5,12.5
3105.59.00,31,3105,"Other Mineral Or Chemical Fertilizers With Nitrogen And Phosphorus, Nes",,0.0,0.0,0.0,0.0,0.0,7.5,7.5
3105.60.00,31,3105,"Mineral Or Chemical Fertilizers With Phosphorus And Potassium, Nes",,0.0,0.0,0.0,0.0,0.0,7.5,7.5
3105.90.00,31,3105,"Other Fertilizers, Nes",,0.0,0.0,0.0,0.0,0.0,7.5,7.5
3201.10.00,32,3201,Quebracho Extract,,5.0,0.0,0.0,15.0,5.0,7.5,33.63
3201.20.00,32,3201,Wattle Extract,,5.0,0.0,0.0,15.0,5.0,7.5,33.63
3201.90.00,32,3201,"Tanning extracts of vegetable origin; tannins and other derivatives, nes",,5.0,0.0,0.0,15.0,5.0,7.5,33.63
3202.10.00,32,3202,Synthetic Organic Tanning Substances,,5.0,0.0,0.0,15.0,5.0,7.5,33.63
3202.90.00,32,3202,"Inorganic Tanning Substances; Tanning Preparations..., Nes",,5.0,0.0,0.0,15.0,5.0,7.5,33.63
3203.00.00,32,3203,"Colouring Matter Of Vege./Animal Origin,& Prepa..As Spec.In Not 3 Chp.32",,5.0,0.0,0.0,15.0,5.0,7.5,33.63
3204.11.00,32,3204,Disperse Dyes And Preparations Based Thereon,,5.0,0.0,0.0,15.0,5.0,7.5,33.63
3204.12.00,32,3204,Acid Dyes And Preparations; Mordant Dyes And Preparations,,5.0,0.0,0.0,15.0,5.0,7.5,33.63
3204.13.10,32,3204,AZO DYES,,25.0,3.0,0.0,15.0,5.0,7.5,61.8
3204.13.90,32,3204,Other basic dyes and preparation,,5.0,0.0,0.0,15.0,5.0,7.5,33.63
3204.14.00,32,3204,Direct Dyes And Preparations Based Thereon,,5.0,0.0,0.0,15.0,5.0,7.5,33.63
3204.15.00,32,3204,Vat Dyes And Preparations Based Thereon,,5.0,0.0,0.0,15.0,5.0,7.5,33.63
3204.16.00,32,3204,Reactive Dyes And Preparations Based Thereon,,5.0,0.0,0.0,15.0,5.0,7.5,33.63
3204.17.00,32,3204,Pigments And Preparations Based Thereon,,5.0,0.0,0.0,15.0,5.0,7.5,33.63
3204.18.00,32,3204,Carotenoid colouring matters and preparations based thereon,,5.0,0.0,0.0,15.0,5.0,7.5,33.63
3204.19.00,32,3204,Other Synthetic Organic Coloring Matter(Inc.Mixtrs) Of Prods 320411-320419,,5.0,0.0,0.0,15.0,5.0,7.5,33.63
3204.20.00,32,3204,Synthetic Organic Products Used As Fluorescent Brightening Agents,,5.0,0.0,0.0,15.0,5.0,7.5,33.63
3204.90.00,32,3204,Synthetic Organic Products Used As Luminophores,,5.0,0.0,0.0,15.0,5.0,7.5,33.63
3205.00.00,32,3205,Colour Lakes; Preparations Based On Colour Lakes As Specified In Note 3,,5.0,0.0,0.0,15.0,5.0,7.5,33.63
3206.11.00,32,3206,"Pigments & Preparatns Based On Titanium Dioxide,Cont.=>80%Titanium Dioxide",,5.0,0.0,0.0,15.0,5.0,7.5,33.63
3206.19.10,32,3206,"Pigments/Preparatns Based On Titanium Dioxide, Cont.< 80% Titanium Dioxide",,15.0,0.0,0.0,15.0,5.0,7.5,45.88
3206.19.20,32,3206,Color master batch,,15.0,0.0,0.0,15.0,5.0,7.5,45.88
3206.19.90,32,3206,"Pigments/Preparatns Based On Titanium Dioxide, Cont.< 80% Titanium Dioxide",,15.0,0.0,0.0,15.0,5.0,7.5,45.88
3206.20.00,32,3206,Pigments And Preparations Based On Chromium Compounds,,5.0,0.0,0.0,15.0,5.0,7.5,33.63
3206.41.00,32,3206,Ultramarine And Preparations Based On Other Colouring Matter,,5.0,0.0,0.0,15.0,5.0,7.5,33.63
3206.42.00,32,3206,Lithopone And Other Pigments And Preparations Based On Zinc Sulphide,,5.0,0.0,0.0,15.0,5.0,7.5,33.63
3206.49.00,32,3206,"Other Colouring Matter; Preparations As Specified In Note 3, Nes",,5.0,0.0,0.0,15.0,5.0,7.5,33.63
3206.50.00,32,3206,Inorganic Products Of A Kind Used As Luminophores,,5.0,0.0,0.0,15.0,5.0,7.5,33.63
3207.10.00,32,3207,"Prepared Pigments, Opacifiers & Colours... For Ceramics And Glass Ind.Etc",,5.0,0.0,0.0,15.0,5.0,7.5,33.63
3207.20.00,32,3207,"Vitrifiable Enamels And Glazes, Englobes And Similar Preparations",,5.0,0.0,0.0,15.0,5.0,7.5,33.63
3207.30.00,32,3207,LIQUID LUSTRES AND SIMILAR PREPARATIONS,,5.0,0.0,0.0,15.0,5.0,7.5,33.63
3207.40.00,32,3207,"GLASS FRIT AND OTHER GLASS,IN THE FORM OF GRANULES OR FLAKES",,5.0,0.0,0.0,15.0,5.0,7.5,33.63
3208.10.20,32,3208,Insulating varnish for copper wire,,25.0,3.0,0.0,15.0,5.0,7.5,61.8
3208.10.90,32,3208,"Other Paints Based On Polyesters, In A Non-Aqueous Medium",,25.0,3.0,30.0,15.0,5.0,7.5,108.84
3208.20.91,32,3208,Cover coat/medium,,25.0,3.0,0.0,15.0,5.0,7.5,61.8
3208.20.99,32,3208,"Other Paints Based On Acrylic Or Vinyl Polymers, In A Non-Aqueous Medium",,25.0,3.0,30.0,15.0,5.0,7.5,108.84
3208.90.20,32,3208,Heat Sealable Lacquers,,25.0,3.0,0.0,15.0,5.0,7.5,61.8
3208.90.30,32,3208,Coating materials,,25.0,3.0,0.0,15.0,5.0,7.5,61.8
3208.90.90,32,3208,"Other Paints And Varnishes, In A Non-Aqueous Medium, Nes",,25.0,3.0,30.0,15.0,5.0,7.5,108.84
3209.10.00,32,3209,Based on acrylic or vinyl polymers,,25.0,3.0,30.0,15.0,5.0,7.5,108.84
3209.90.20,32,3209,Heat Sealable Lacqers,,25.0,3.0,0.0,15.0,5.0,7.5,61.8
3209.90.30,32,3209,Coating materials,,25.0,3.0,0.0,15.0,5.0,7.5,61.8
3209.90.90,32,3209,"Other Paints And Varnishes, In An Aqueous Medium, Nes",,25.0,3.0,30.0,15.0,5.0,7.5,108.84
3210.00.20,32,3210,Prepared Water Pigments Of A Kind Used For Finishing Leather For Cleaning.,,25.0,3.0,30.0,15.0,5.0,7.5,108.84
3210.00.90,32,3210,Other Paints & Varnishes,,25.0,3.0,30.0,15.0,5.0,7.5,108.84
3211.00.00,32,3211,Prepared Driers,,10.0,0.0,0.0,15.0,5.0,7.5,39.75
3212.10.00,32,3212,Stamping Foils,,10.0,0.0,0.0,15.0,5.0,7.5,39.75
3213.10.00,32,3213,Colours in sets,,10.0,0.0,0.0,15.0,5.0,7.5,39.75
3213.90.00,32,3213,"Artists', Students' Or Signboard Painters' Colours In Packings, Nes",,10.0,0.0,0.0,15.0,5.0,7.5,39.75
3214.90.00,32,3214,Non-Refractory Surfacing Preparations,,25.0,3.0,0.0,15.0,5.0,7.5,61.8
3215.11.00,32,3215,"Black printing ink, whether or not concentrated or solid",,25.0,3.0,0.0,15.0,5.0,7.5,61.8
3215.19.00,32,3215,"Other printing ink, whether or not concentrated or solid (excl. black)",,25.0,3.0,0.0,15.0,5.0,7.5,61.8
3215.90.10,32,3215,Inkjet Refill In Injectable Form,,25.0,3.0,0.0,0.0,5.0,7.5,42.6
3215.90.20,32,3215,Writing Ink,,25.0,3.0,0.0,0.0,5.0,7.5,42.6
3215.90.30,32,3215,Inkjet Refill in injectable form,,25.0,3.0,0.0,15.0,5.0,7.5,61.8
3215.90.90,32,3215,"Other Ink,Wheterh Or Not Concentrated Or Solid(Ex.Ink For Ball Points Pens",,25.0,3.0,0.0,15.0,5.0,7.5,61.8
3301.12.00,33,3301,Essential Oils Of Orange (Incl. Concretes And Absolutes),,25.0,3.0,0.0,15.0,5.0,7.5,61.8
3301.13.00,33,3301,Essential Oils Of Lemon (Incl. Concretes And Absolutes),,25.0,3.0,0.0,15.0,5.0,7.5,61.8
3301.19.00,33,3301,"Essential Oils Of Citrus Fruit (Incl. Concretes And Absolutes), Nes",,25.0,3.0,0.0,15.0,5.0,7.5,61.8
3301.24.00,33,3301,Essential Oils Of Peppermint (Incl. Concretes And Absolutes),,25.0,3.0,0.0,15.0,5.0,7.5,61.8
3301.25.00,33,3301,"Essential Oils Of Mints (Incl. Concretes And Absolutes), Nes",,25.0,3.0,0.0,15.0,5.0,7.5,61.8
3301.29.00,33,3301,"Essential Oils (Incl. Concretes And Absolutes), Nes",,25.0,3.0,0.0,15.0,5.0,7.5,61.8
3301.30.00,33,3301,Resinoids,,25.0,3.0,0.0,15.0,5.0,7.5,61.8
3301.90.00,33,3301,"Concentrates of essential oils in fats... aqueous distillates, extracted oleoresins etc",,25.0,3.0,0.0,15.0,5.0,7.5,61.8
3302.10.90,33,3302,Mix. Of Odoriferous Subs. Excl. Those Used In Bev. Industries,,25.0,3.0,0.0,15.0,5.0,7.5,61.8
3302.90.00,33,3302,Mixtures/With Basis Of Odorifer'S Subst'S Inc.Alc.Sol'S For Use In Ind Nes,,25.0,3.0,0.0,15.0,5.0,7.5,61.8
3303.00.00,33,3303,Perfumes And Toilet Waters,,25.0,20.0,30.0,15.0,20.0,7.5,150.91
3304.10.00,33,3304,Lip Make-Up Preparations,,25.0,20.0,45.0,15.0,5.0,7.5,162.56
3304.20.00,33,3304,Eye Make-Up Preparations,,25.0,20.0,45.0,15.0,5.0,7.5,162.56
3304.30.00,33,3304,Manicure Or Pedicure Preparations,,25.0,20.0,45.0,15.0,5.0,7.5,162.56
3304.91.00,33,3304,"Powders,Whether Or Not Compressed,For Beauty/Makeup/Skin Care/Preparation",,25.0,20.0,45.0,15.0,5.0,7.5,162.56
3304.99.10,33,3304,"Powders, wheth er or not compressed, for cosmetic --face and/or skin cream",,25.0,20.0,45.0,15.0,5.0,7.5,162.56
3304.99.20,33,3304,"Beauty, make-up, skin-care (incl. suntan), nes...Moisture Lotion",,25.0,20.0,45.0,15.0,5.0,7.5,162.56
3304.99.30,33,3304,"Beauty, make-up, skin-care (incl. suntan), nes-- Petroleum jelly",,25.0,20.0,45.0,15.0,5.0,7.5,162.56
3304.99.90,33,3304,"Beauty, make-up, skin-care (incl. suntan), nes-- Petroleum jelly... than other",,25.0,20.0,45.0,15.0,5.0,7.5,162.56
3305.10.00,33,3305,Shampoos,,25.0,20.0,60.0,15.0,5.0,7.5,189.2
3305.20.00,33,3305,Preparations For Permanent Waving Or Straightening,,25.0,20.0,60.0,15.0,5.0,7.5,189.2
3305.30.00,33,3305,Hair Lacquers,,25.0,20.0,60.0,15.0,5.0,7.5,189.2
3305.90.00,33,3305,"Preparations For Use On The Hair, Nes",,25.0,20.0,60.0,15.0,5.0,7.5,189.2
3306.10.00,33,3306,Dentifrices,,25.0,20.0,20.0,15.0,5.0,7.5,118.15
3306.20.00,33,3306,"Yarn Used To Clean Between Teeth (Dental Floss),Individual Retail Packages",,25.0,20.0,0.0,15.0,5.0,7.5,82.63
3306.90.00,33,3306,"Preparations For Oral Or Dental Hygiene (Incl. Denture Fixative), Nes",,25.0,20.0,20.0,15.0,5.0,7.5,118.15
3307.10.00,33,3307,"Pre-Shave, Shaving Or After-Shave Preparations",,25.0,20.0,30.0,15.0,5.0,7.5,135.91
3307.20.00,33,3307,Personal Deodorants And Antiperspirants,,25.0,20.0,30.0,15.0,5.0,7.5,135.91
3307.30.00,33,3307,Perfumed Bath Salts And Other Bath Preparations,,25.0,20.0,30.0,15.0,5.0,7.5,135.91
3307.41.00,33,3307,Agarbatti And Other Odiferous Preparations Which Operate By Burning,,25.0,20.0,30.0,15.0,5.0,7.5,135.91
3307.49.00,33,3307,"Preparations For Deodorizing Rooms, Nes",,25.0,20.0,30.0,15.0,5.0,7.5,135.91
3401.11.00,34,3401,"Soap And Organic Surface-Active Products In Bars, Etc, For Toilet Use",,25.0,20.0,60.0,15.0,5.0,7.5,189.2
3401.19.00,34,3401,"Soap And Organic Surface-Active Products In Bars, Etc, Nes",,25.0,20.0,60.0,15.0,5.0,7.5,189.2
3401.20.00,34,3401,SOAP IN OTHER FORMS,,25.0,20.0,60.0,15.0,5.0,7.5,189.2
3401.30.00,34,3401,"ORGNC.SRFC.ACTIVE PROD.&PREPARATION FOR WASHING THE SKIN,IN THE FORM OF ..",,25.0,20.0,60.0,15.0,5.0,7.5,189.2
3402.31.00,34,3402,Anionic organic surface-active ageLinear alkylbenzene sulphonic acids and their salts,,10.0,0.0,0.0,15.0,5.0,7.5,39.75
3402.39.10,34,3402,Chips of Sodium Isethionate,,25.0,3.0,0.0,15.0,5.0,7.5,61.8
3402.39.90,34,3402,Other than Chips of Sodium Isethionate,,10.0,0.0,0.0,15.0,5.0,7.5,39.75
3402.41.00,34,3402,"Other organic surface-active agents, whether or not put up for retail sale :, Cationi",,10.0,0.0,0.0,15.0,5.0,7.5,39.75
3402.42.10,34,3402,"Other organic surface-active agents, whether or not put up for retail sale :, Non-ion",,10.0,0.0,0.0,0.0,5.0,7.5,23.25
3402.42.90,34,3402,"Other organic surface-active agents, whether or not put up for retail sale :, Non-ion",,10.0,0.0,0.0,15.0,5.0,7.5,39.75
3402.49.10,34,3402,"Other organic surface-active agents, NES",,10.0,0.0,0.0,15.0,5.0,7.5,39.75
3402.49.90,34,3402,"Other organic surface-active agents, NES",,10.0,0.0,0.0,15.0,5.0,7.5,39.75
3402.50.00,34,3402,Preparations put up for retail sale,,25.0,3.0,30.0,15.0,5.0,7.5,108.84
3402.90.10,34,3402,Detergents,,25.0,3.0,30.0,15.0,5.0,7.5,108.84
3402.90.20,34,3402,Cleaning preparation,,25.0,3.0,0.0,15.0,5.0,7.5,61.8
3402.90.90,34,3402,Washing & Cleaning Preparations (Excl. Detergents),,25.0,3.0,0.0,15.0,5.0,7.5,61.8
3403.11.00,34,3403,Lub.Preparations For Treatement Of Tex.Leather Etc With=<70% Petroleum Oil,,5.0,0.0,0.0,15.0,5.0,7.5,33.63
3403.19.00,34,3403,"Other Lubricating Preparations, With =<70% Petroleum Oil, Nes",,10.0,0.0,0.0,15.0,5.0,7.5,39.75
3403.91.00,34,3403,"Lub.Preparations For Treatement Of Tex. Leather Etc, Nes",,5.0,0.0,0.0,15.0,5.0,7.5,33.63
3403.99.10,34,3403,Compressor oil,,10.0,0.0,0.0,15.0,5.0,7.5,39.75
3403.99.20,34,3403,Semi-synthetic lubricating oil,,15.0,5.0,0.0,15.0,5.0,7.5,52.0
3403.99.30,34,3403,Synthetic lubricating Oil,,15.0,5.0,0.0,15.0,5.0,7.5,52.0
3403.99.90,34,3403,"Other Lubricating Preparations, Nes",,10.0,0.0,0.0,15.0,5.0,7.5,39.75
3404.20.00,34,3404,Artificial Waxes Of Polyethylene Glycol,,10.0,0.0,0.0,15.0,5.0,7.5,39.75
3404.90.10,34,3404,Other Waxes,,10.0,0.0,0.0,15.0,5.0,7.5,39.75
3404.90.90,34,3404,"Artificial Waxes And Prepared Waxes, Nes",,10.0,0.0,0.0,15.0,5.0,7.5,39.75
3405.10.00,34,3405,"Polishes, Creams And Similar Preparations For Footwear Or Leather",,25.0,3.0,20.0,15.0,5.0,7.5,93.16
3405.20.00,34,3405,"Polishes,Cream.&Similar Prepa.For Mainten. Of Woodwork Woden Fur.Flo.&Othr",,25.0,3.0,0.0,15.0,5.0,7.5,61.8
3405.30.00,34,3405,Polishes And Similar Preparations For Coachwork (Excl. Metal Polishes),,25.0,3.0,0.0,15.0,5.0,7.5,61.8
3405.40.00,34,3405,Scouring Pastes And Powders And Other Scouring Preparations,,25.0,3.0,0.0,15.0,5.0,7.5,61.8
3405.90.10,34,3405,Polishes and other preparations used in the finishing (including electroplating) of met,,10.0,0.0,0.0,15.0,5.0,7.5,39.75
3405.90.90,34,3405,"Other polishes, creams and similar preparations, nes",,25.0,3.0,0.0,15.0,5.0,7.5,61.8
3406.00.00,34,3406,"Candles, Tapers And The Like",,25.0,3.0,0.0,15.0,5.0,7.5,61.8
3407.00.00,34,3407,"Modelling Pastes; Dental Wax And Impression Compounds, For Retail Sale",,25.0,3.0,0.0,15.0,5.0,7.5,61.8
3501.10.00,35,3501,Casein,,5.0,0.0,0.0,15.0,5.0,7.5,33.63
3501.90.00,35,3501,Caseinates And Other Casein Derivatives; Casein Glues,,5.0,0.0,0.0,15.0,5.0,7.5,33.63
3502.11.00,35,3502,"Egg Albumin,Dried",,10.0,0.0,0.0,15.0,5.0,7.5,39.75
3502.19.00,35,3502,Egg Albumin(Excluding Dried Egg Albumin),,10.0,0.0,0.0,15.0,5.0,7.5,39.75
3502.20.00,35,3502,"Milk Albumin, Including Concentrates Of Two Or More Whey Proteins",,10.0,0.0,0.0,15.0,5.0,7.5,39.75
3502.90.00,35,3502,"Albumins (excl. egg albumin and milk albumin), albuminates and other derivatives",,10.0,0.0,0.0,15.0,5.0,7.5,39.75
3503.00.10,35,3503,Ultrasound And Ecg Gel,,5.0,0.0,0.0,15.0,5.0,7.5,33.63
3503.00.90,35,3503,"Gelatin and derivatives; isinglass; glues of animal origin, nes",,10.0,0.0,0.0,15.0,5.0,7.5,39.75
3504.00.00,35,3504,"Peptones/protein substances and derivatives, nes; hide powder",,10.0,0.0,0.0,15.0,5.0,7.5,39.75
3505.10.00,35,3505,Dextrin and other modified starches,,5.0,15.0,0.0,15.0,5.0,7.5,52.0
3505.20.00,35,3505,"Glues Based On Starches, Dextrins Or Other Modified Starches",,5.0,15.0,0.0,15.0,5.0,7.5,52.0
3506.10.00,35,3506,"Products Put Up As Glues Or Adhesives For Retail Sale, =<1kg",,25.0,15.0,0.0,15.0,5.0,7.5,76.5
3506.91.10,35,3506,Elastic/construction glue,,25.0,15.0,0.0,15.0,5.0,7.5,76.5
3506.91.90,35,3506,Adhesives Based On Rubber Or Plastic (Incl. Artificial Resins),,25.0,15.0,0.0,15.0,5.0,7.5,76.5
3506.99.00,35,3506,Stripping chemical,,25.0,15.0,0.0,15.0,5.0,7.5,76.5
3507.10.00,35,3507,Rennet And Concentrates Thereof,,10.0,0.0,0.0,15.0,5.0,7.5,39.75
3507.90.10,35,3507,Streptokinase,,0.0,0.0,0.0,0.0,5.0,0.0,5.0
3507.90.90,35,3507,Other than Streptokinase,,10.0,0.0,0.0,15.0,5.0,7.5,39.75
3601.00.00,36,3601,Propellent Powders,,25.0,0.0,30.0,15.0,5.0,7.5,104.06
3602.00.00,36,3602,"Prepared Explosives, (Excl. Propellent Powders)",,25.0,3.0,30.0,15.0,5.0,7.5,108.84
3603.10.00,36,3603,Safety fuses,,25.0,3.0,0.0,15.0,5.0,7.5,61.8
3603.20.00,36,3603,Detonating cords,,25.0,3.0,0.0,15.0,5.0,7.5,61.8
3603.30.00,36,3603,Percussion caps,,25.0,3.0,0.0,15.0,5.0,7.5,61.8
3603.40.00,36,3603,Detonating caps,,25.0,3.0,0.0,15.0,5.0,7.5,61.8
3603.50.00,36,3603,Igniters,,25.0,3.0,0.0,15.0,5.0,7.5,61.8
3603.60.00,36,3603,Electric detonators,,25.0,3.0,0.0,15.0,5.0,7.5,61.8
3604.10.00,36,3604,Fireworks,,25.0,3.0,30.0,15.0,5.0,7.5,108.84
3604.90.00,36,3604,Signalling Flares... And Other Pyrotechnic Articles (Excl. Fireworks),,25.0,0.0,30.0,15.0,5.0,7.5,104.06
3605.00.00,36,3605,Matches (Excl. Pyrotechnic Articles Of 36.04),,25.0,3.0,20.0,15.0,5.0,7.5,93.16
3606.10.00,36,3606,"Liquid Or Liquefied-Gas Fuels In Containers, For Lighters, =<300cm3",,10.0,0.0,0.0,15.0,5.0,7.5,39.75
3606.90.00,36,3606,"Ferro-Cerium, Pyrophoric Alloys; Articles Of Combustible Materials, Nes",,10.0,0.0,0.0,15.0,5.0,7.5,39.75
3701.10.00,37,3701,"Photographic Plates... For X-Ray, In The Flat, Unexposed",,5.0,0.0,0.0,15.0,5.0,7.5,33.63
3701.20.00,37,3701,"Instant Print Flat Film, Unexposed",,10.0,0.0,0.0,15.0,5.0,7.5,39.75
3701.30.00,37,3701,"Other plates and film, with any side exceeding 255 mm",,15.0,0.0,0.0,15.0,5.0,7.5,45.88
3701.91.00,37,3701,"PHOTOGRAPHIC PLATES..., IN THE FLAT FOR COLOUR PHOTOGRAPHY, UNEXPOSED",,10.0,0.0,0.0,15.0,5.0,7.5,39.75
3701.99.00,37,3701,"Photographic plates and film, in the flat (excl. for colour), unexposed",,10.0,0.0,0.0,15.0,5.0,7.5,39.75
3702.10.00,37,3702,"Photographic Film In Rolls, For X-Ray, Unexposed",,5.0,0.0,0.0,15.0,5.0,7.5,33.63
3702.31.00,37,3702,"Photographic For Color Photos Film,In Rolls,Non-Perforated,",,10.0,0.0,0.0,15.0,5.0,7.5,39.75
3702.32.00,37,3702,"Photo Film,In Rolls,Non-Perforated, With Silver... Emulsion, Width =<105mn",,10.0,0.0,0.0,15.0,5.0,7.5,39.75
3702.39.00,37,3702,"Photo Film, In Rolls, Non-Perforated, Of Width =<105mm",,10.0,0.0,0.0,15.0,5.0,7.5,39.75
3702.41.00,37,3702,"Color Photo Film, In Rolls, Non-Perforated, Width >610mm And Length >200mm",,10.0,0.0,0.0,15.0,5.0,7.5,39.75
3702.42.00,37,3702,"Photo Film,In Rolls,Non-Perforated,Width >610mm Length >200m(Excl. Colour)",,10.0,0.0,0.0,15.0,5.0,7.5,39.75
3702.43.00,37,3702,"Photo Film, In Rolls, Non-Perforated, Width >610mm And Length =<200m",,10.0,0.0,0.0,15.0,5.0,7.5,39.75
3702.44.00,37,3702,"Photo Film, In Rolls, Non-Perforated, Width >105mm But =<610mm",,10.0,0.0,0.0,15.0,5.0,7.5,39.75
3702.52.00,37,3702,"OTH. FILM, FOR COLOUR.., OF A WIDTH NOT EXCEEDING 16MM",,10.0,0.0,0.0,15.0,5.0,7.5,39.75
3702.53.00,37,3702,"Color Photo Slide Film, In Rolls, Width >16mm But =<35mm, Length =<30m",,10.0,0.0,0.0,15.0,5.0,7.5,39.75
3702.56.00,37,3702,"OTH. FILM, FOR COLOUR..,OF A WIDTH EXCEEDING 35MM",,10.0,0.0,0.0,15.0,5.0,7.5,39.75
3702.98.00,37,3702,Other Photographic film Of a width exceeding 35 mm,,10.0,0.0,0.0,15.0,5.0,7.5,39.75
3703.20.00,37,3703,"OTHER PHOTOGRAPHIC PAPER, FOR COLOUR PHOTOGRAPHY(POLYCHROME)",,10.0,0.0,0.0,15.0,5.0,7.5,39.75
3705.00.00,37,3705,"Photographic plates and film, exposed and developed, other than cinematographic film",,10.0,0.0,0.0,15.0,5.0,7.5,39.75
3706.10.10,37,3706,"Educational & Instruct Film, Width >=35mm, Exposed & Dev.",,5.0,0.0,0.0,15.0,5.0,7.5,33.63
3706.10.90,37,3706,"Other Cinematograph Film, Exposed And Developed, Width >=35mm",,25.0,3.0,0.0,15.0,5.0,7.5,61.8
3706.90.10,37,3706,"Edu. & Instruct Cinematograph Film, Exposed And Developed, Width <35mm",,5.0,0.0,0.0,15.0,5.0,7.5,33.63
3706.90.90,37,3706,"Other Cinematograph Film, Exposed And Developed, Width <35mm",,25.0,3.0,0.0,15.0,5.0,7.5,61.8
3707.10.00,37,3707,Sensitising emulsions,,5.0,10.0,0.0,15.0,5.0,7.5,45.88
3801.10.00,38,3801,Artificial Graphite,,10.0,0.0,0.0,15.0,5.0,7.5,39.75
3801.20.00,38,3801,Colloidal Graphite Or Semi-Colloidal Graphite,,10.0,0.0,0.0,15.0,5.0,7.5,39.75
3801.30.10,38,3801,Graphite or carbon electrode paste,,10.0,0.0,0.0,15.0,5.0,7.5,39.75
3801.30.90,38,3801,Carbonaceous Pastes For Electrodes & Similar Pastes For Furnace Linings,,10.0,0.0,0.0,15.0,5.0,7.5,39.75
3801.90.00,38,3801,"Preparations Based On Graphite Or Carbon In The Form Of Pastes..., Nes",,10.0,0.0,0.0,15.0,5.0,7.5,39.75
3802.10.00,38,3802,Activated Carbon,,10.0,0.0,0.0,15.0,5.0,7.5,39.75
3802.90.00,38,3802,Activated Natural Mineral Products; Animal Black,,10.0,0.0,0.0,15.0,5.0,7.5,39.75
3803.00.00,38,3803,"Tall Oil, Whether Or Not Refined",,10.0,0.0,0.0,15.0,5.0,7.5,39.75
3804.00.00,38,3804,Residual Lyes From The Manufacture Of Wood Pulp (Excl. Tall Oil),,10.0,0.0,0.0,15.0,5.0,7.5,39.75
3805.10.00,38,3805,"Gum, Wood Or Sulphate Turpentine Oils",,10.0,0.0,0.0,15.0,5.0,7.5,39.75
3805.90.00,38,3805,"Oth.Turpenic Oils,Nes;Crude Dipentene,Sulphite Turpentine&Oth.Crude Parac.",,10.0,0.0,0.0,15.0,5.0,7.5,39.75
3806.10.10,38,3806,Gum rosin,,15.0,0.0,0.0,15.0,5.0,7.5,45.88
3806.10.90,38,3806,Rosin And Rasin Asids,,15.0,0.0,0.0,15.0,5.0,7.5,45.88
3806.20.00,38,3806,"Salts Of Resin/Res.Acids Or Of Deriv'S Rosin/Resin Acids,Excl.Rosin Adduct",,25.0,3.0,0.0,15.0,5.0,7.5,61.8
3806.30.00,38,3806,Easter Gums,,25.0,3.0,0.0,15.0,5.0,7.5,61.8
3806.90.10,38,3806,"Derivatives of rosin and resin acids,...Rosin size",,10.0,0.0,0.0,15.0,5.0,7.5,39.75
3806.90.20,38,3806,Coating materials imported by VAT registered cookingware manufacturers,,15.0,0.0,0.0,15.0,5.0,7.5,45.88
3806.90.90,38,3806,"Derivatives of rosin and resin acids,... NES",,25.0,3.0,0.0,15.0,5.0,7.5,61.8
3807.00.00,38,3807,"Wood tar; wood tar oils; wood creosote; wood naphtha..., etc",,10.0,0.0,0.0,15.0,5.0,7.5,39.75
3808.52.00,38,3808,Goods specified in Subheading Note 1 to this Chapter,,25.0,3.0,0.0,15.0,5.0,7.5,61.8
3808.59.00,38,3808,Other,,25.0,3.0,0.0,15.0,5.0,7.5,61.8
3808.61.00,38,3808,In packings of a net weight content not exceeding 300 g,,25.0,3.0,0.0,15.0,5.0,7.5,61.8
3808.62.00,38,3808,In packings of a net weight content exceeding 300 g but not exceeding 7.5 kg,,25.0,3.0,0.0,15.0,5.0,7.5,61.8
3808.69.00,38,3808,Other,,25.0,3.0,0.0,15.0,5.0,7.5,61.8
3808.91.10,38,3808,"Insecticides For Dairy, Poultry and Agricultural purposes",,5.0,0.0,0.0,0.0,5.0,7.5,17.88
3808.91.21,38,3808,Mosquito coil; aerosol; mosquito repellent,,25.0,3.0,20.0,15.0,5.0,7.5,93.16
3808.91.29,38,3808,"Insecticides, rodenticides... and similar products, for retail sale, nes",,25.0,3.0,0.0,15.0,5.0,7.5,61.8
3808.92.10,38,3808,"Fungicides For Dairy, Poultry and Agricultural purposes",,5.0,0.0,0.0,0.0,5.0,7.5,17.88
3808.92.20,38,3808,Fungicides Chromatade copper arsenate,,5.0,0.0,0.0,15.0,5.0,7.5,33.63
3808.92.91,38,3808,"Fungicides, NES In bulk",,10.0,0.0,0.0,15.0,5.0,7.5,39.75
3808.92.99,38,3808,"Fungicides, NES Cxcl.in bulk",,10.0,3.0,0.0,15.0,5.0,7.5,43.43
3808.93.10,38,3808,"Herbi., anti-sprouting prod.&plant-growth regu.:For Dairy, Poultry and Agricul",,5.0,0.0,0.0,0.0,5.0,7.5,17.88
3808.93.91,38,3808,"Herbicides, anti-sprouting products and plant-growth regulators: NES in bulk",,10.0,0.0,0.0,15.0,5.0,7.5,39.75
3808.93.99,38,3808,"Herbicides, anti-sprouting products and plant-growth regul: NES in retail pack",,25.0,3.0,0.0,15.0,5.0,7.5,61.8
3808.94.10,38,3808,"For Dairy, Poultry, Fishery and Agricultural purposes",,5.0,0.0,0.0,0.0,5.0,7.5,17.88
3808.94.91,38,3808,"Disinfectants Cetrimide In bulk, Excl. For Dairy, Poultry and Agricultural, In bulk",,10.0,0.0,0.0,15.0,5.0,7.5,39.75
3808.94.99,38,3808,"Disinfectants, NES in retail packings upto 2.5 kg",,25.0,3.0,0.0,15.0,5.0,7.5,61.8
3808.99.10,38,3808,"For Dairy, Poultry, Fishery and Agricultural purposes",,5.0,0.0,0.0,0.0,5.0,7.5,17.88
3808.99.91,38,3808,"Insecticides, rodenticides, fungicides, herbicides,..NES in bulk",,10.0,0.0,0.0,15.0,5.0,7.5,39.75
3808.99.99,38,3808,"Insecticides, rodenticides, fungicides, herbicides,..NES in bulK in retail pac",,25.0,3.0,0.0,15.0,5.0,7.5,61.8
3809.10.00,38,3809,"Finishing Agents, Etc, With A Basis Of Amylaceous Substances Nes",,5.0,0.0,0.0,15.0,5.0,7.5,33.63
3809.91.00,38,3809,Finishing Agents Etc. Of A Kind Used In The Textile Or Like Industries Nes,,5.0,0.0,0.0,15.0,5.0,7.5,33.63
3809.92.00,38,3809,"Finishing Agents, Etc, Of A Kind Used In The Paper Or Like Industries Nes",,5.0,0.0,0.0,15.0,5.0,7.5,33.63
3809.93.00,38,3809,Finishing Agents Etc. Of A Kind Used In The Leather Or Like Industries Nes,,5.0,0.0,0.0,15.0,5.0,7.5,33.63
3810.10.00,38,3810,Pickling Preparations For Metal Surfaces;Soldering..Powders&Pastes..Mater.,,10.0,0.0,0.0,15.0,5.0,7.5,39.75
3810.90.10,38,3810,Pickling preparations for metal surface....Submerge welding flux for LPG,,5.0,0.0,0.0,15.0,5.0,7.5,33.63
3810.90.90,38,3810,Pickling preparations for metal surface.... Excl. Submerge welding flux for LPG,,10.0,0.0,0.0,15.0,5.0,7.5,39.75
3811.11.00,38,3811,Anti-Knock Preparations Based On Lead Compounds,,5.0,0.0,0.0,15.0,5.0,7.5,33.63
3811.19.00,38,3811,Anti-Knock Preparations (Excl. Based On Lead),,5.0,0.0,0.0,15.0,5.0,7.5,33.63
3811.21.00,38,3811,Containing petroleum oils or oils obtained from bituminous minerals,,10.0,0.0,0.0,15.0,5.0,7.5,39.75
3811.29.00,38,3811,Other additives for lubricating oils (excl. with petroleum oils),,10.0,0.0,0.0,15.0,5.0,7.5,39.75
3812.10.00,38,3812,Prepared Rubber Accelerators,,5.0,0.0,0.0,15.0,5.0,7.5,33.63
3812.20.00,38,3812,"Compound Plasticisers For Rubber Or Plastics, Nes",,5.0,0.0,0.0,15.0,5.0,7.5,33.63
3812.31.00,38,3812,"Mixtures of oligomers of 2,2,4-trimethyl-1,2-dihydroquinoline (TMQ)",,10.0,0.0,0.0,15.0,5.0,7.5,39.75
3812.39.10,38,3812,Other,,15.0,0.0,0.0,15.0,5.0,7.5,45.88
3812.39.90,38,3812,Other,,10.0,0.0,0.0,15.0,5.0,7.5,39.75
3813.00.00,38,3813,Preprton.&Charge For Fire-Extinguishers;Charged Fire-Extinguishing Grenade,,5.0,0.0,0.0,15.0,5.0,7.5,33.63
3814.00.10,38,3814,Organic composite solvent,,15.0,0.0,0.0,15.0,5.0,7.5,45.88
3814.00.90,38,3814,"Organic Composite Solvents And Thinners, Nes; Paint Or Varnish Removers",,15.0,0.0,0.0,15.0,5.0,7.5,45.88
3815.11.00,38,3815,Supportedcatalysts With Nickel Or Its Compounds,,10.0,0.0,0.0,15.0,5.0,7.5,39.75
3815.12.00,38,3815,Supported Catalysts With Precious Metal Or Its Compounds,,10.0,0.0,0.0,15.0,5.0,7.5,39.75
3815.19.00,38,3815,"Supported Catalysts, Nes",,10.0,0.0,0.0,15.0,5.0,7.5,39.75
3815.90.00,38,3815,"Reaction Initiators, Accelerators And Catalytic Preparations, Nes",,10.0,0.0,0.0,15.0,5.0,7.5,39.75
3816.00.10,38,3816,"Refractory Cmnts.Mrtrs,Concretes&Similar Compositions,Ex.Prdcts.Of Hd38.01",,5.0,0.0,0.0,15.0,5.0,7.5,33.63
3816.00.90,38,3816,"Refractory Cmnts.Mrtrs,Concretes&Similar Compositions,Ex.Prdcts.Of Hd38.01",,5.0,0.0,0.0,15.0,5.0,7.5,33.63
3817.00.10,38,3817,Linear Alkyl Benzene (LAB),,5.0,0.0,0.0,0.0,5.0,7.5,17.88
3818.00.00,38,3818,"Chemcl.Elements In Disk Wafers/Similar From&Compounds,Doped For Electronic",,10.0,0.0,0.0,15.0,5.0,7.5,39.75
3819.00.00,38,3819,Hydraulic Brake Fluids And Similar Liquids With <70% Petroleum Oil,,15.0,0.0,0.0,15.0,5.0,7.5,45.88
3820.00.00,38,3820,Anti-Freezing Preparations And Prepared De-Icing Fluids,,10.0,0.0,0.0,15.0,5.0,7.5,39.75
3822.11.00,38,3822,DIAGNOSTIC OR LABORATORY REAGENTS FOR MALARIA,,5.0,0.0,0.0,15.0,5.0,7.5,33.63
3822.12.00,38,3822,DIAGNOSTIC...For Zika and other diseases transmitted by mosquitoes of the genus Aedes,,5.0,0.0,0.0,15.0,5.0,7.5,33.63
3822.13.00,38,3822,Diagnostic or laboratory reagents .. for For blood-grouping,,5.0,0.0,0.0,15.0,5.0,7.5,33.63
3822.19.00,38,3822,"Dignostic or lab. reagent (Exlud For alariam, Zika, blood-grouping)",,5.0,0.0,0.0,15.0,5.0,7.5,33.63
3822.90.00,38,3822,"Dianostic or Lab. Reagent, NES",,5.0,0.0,0.0,15.0,5.0,7.5,33.63
3823.11.00,38,3823,Stearic Acid,,10.0,0.0,0.0,15.0,5.0,7.5,39.75
3823.12.00,38,3823,Oleic Acid,,10.0,0.0,0.0,15.0,5.0,7.5,39.75
3823.13.00,38,3823,Tall Oil Fatty Acids,,10.0,0.0,0.0,15.0,5.0,7.5,39.75
3823.70.00,38,3823,INDUSTRIAL FATTY ALCHOLS,,10.0,0.0,0.0,15.0,5.0,7.5,39.75
3824.10.00,38,3824,Prepared Binders For Foundry Moulds Or Cores,,5.0,0.0,0.0,15.0,5.0,7.5,33.63
3824.30.00,38,3824,Non-Agglomerated Metal Carbides Mixed Together Or With Metallic Binders,,10.0,0.0,0.0,15.0,5.0,7.5,39.75
3824.40.00,38,3824,"Prepared Additives For Cements, Mortars Or Concretes",,10.0,0.0,0.0,15.0,5.0,7.5,39.75
3824.50.00,38,3824,Non-Refractory Mortars And Concretes,,10.0,0.0,0.0,15.0,5.0,7.5,39.75
3824.60.00,38,3824,Sorbitol (Excl. That Of 2905.44),,5.0,15.0,0.0,15.0,5.0,7.5,52.0
3824.81.00,38,3824,Containing oxirane (ethylene oxide),,10.0,0.0,0.0,15.0,5.0,7.5,39.75
3824.82.00,38,3824,"Containing polychlorinated biphenyls (PCBs), ?.(PCTs) or polybrominated biphen",,10.0,0.0,0.0,15.0,5.0,7.5,39.75
3824.83.00,38,3824,"Containing tris(2,3dibromopropyl) phosphate",,10.0,0.0,0.0,15.0,5.0,7.5,39.75
3824.84.00,38,3824,"Containing aldrin (ISO), camphechlor (ISO) (toxaphene), chlordane (ISO), chlordecone.",,10.0,0.0,0.0,15.0,5.0,7.5,39.75
3824.85.00,38,3824,"Containing 1,2,3,4,5,6-hexachlorocyclohexane (HCH (ISO)), including lindane (ISO, INN",,10.0,0.0,0.0,15.0,5.0,7.5,39.75
3824.86.00,38,3824,Containing pentachlorobenzene (ISO) or hexachlorobenzene (ISO),,10.0,0.0,0.0,15.0,5.0,7.5,39.75
3824.87.00,38,3824,"Containing perfluorooctane sulphonic acid, its salts, perfluorooctane sulphonamides,",,10.0,0.0,0.0,15.0,5.0,7.5,39.75
3824.88.00,38,3824,"Containing tetra-, penta-, hexa- hepta- or octabromodiphenyl ethers",,10.0,0.0,0.0,15.0,5.0,7.5,39.75
3824.89.00,38,3824,Containing short-chain chlorinated paraffins,,15.0,0.0,0.0,15.0,5.0,7.5,45.88
3824.91.00,38,3824,Mixtures and preparations consisting mainly of (5-ethyl-2-methyl-2-.......,,10.0,0.0,0.0,15.0,5.0,7.5,39.75
3824.92.00,38,3824,Polyglycol esters of methylphosphonic acid,,25.0,3.0,0.0,15.0,5.0,7.5,61.8
3824.99.10,38,3824,Other,,0.0,0.0,0.0,15.0,5.0,7.5,27.5
3824.99.20,38,3824,Chlorinated paraffin wax,,25.0,3.0,10.0,15.0,5.0,7.5,77.48
3824.99.30,38,3824,Barium/strontium ferrite powder,,10.0,0.0,0.0,15.0,5.0,7.5,39.75
3824.99.50,38,3824,Coated calcium carbonate,,25.0,3.0,0.0,15.0,5.0,7.5,61.8
3824.99.60,38,3824,Desiccant,,10.0,0.0,0.0,15.0,5.0,7.5,39.75
3824.99.91,38,3824,Thermal coating slurry,,25.0,3.0,0.0,15.0,5.0,7.5,61.8
3824.99.92,38,3824,Master batch not containing pigments,,15.0,0.0,0.0,15.0,5.0,7.5,45.88
3824.99.93,38,3824,Mould Powder,,25.0,3.0,0.0,15.0,5.0,7.5,61.8
3824.99.99,38,3824,Other,,25.0,3.0,0.0,15.0,5.0,7.5,61.8
3825.10.00,38,3825,0MUNICIPAL WASTE,,25.0,3.0,0.0,15.0,5.0,7.5,61.8
3825.20.00,38,3825,SEWAGE SLUDGE,,25.0,3.0,0.0,15.0,5.0,7.5,61.8
3825.30.00,38,3825,CLINICAL WASTE,,25.0,3.0,0.0,15.0,5.0,7.5,61.8
3825.41.00,38,3825,WASTE ORGANIC SOLVENTS; HALOGENATED,,25.0,3.0,0.0,15.0,5.0,7.5,61.8
3825.49.00,38,3825,"WASTE ORGANIC SOLVENTS,NES",,25.0,3.0,0.0,15.0,5.0,7.5,61.8
3825.50.00,38,3825,"WASTE OF METAL PCKNG LIQUORS,HYDRAULIC FLUIDS,BRADE FLUIDS&ANTI-FREZE FLUI",,25.0,3.0,0.0,15.0,5.0,7.5,61.8
3825.61.00,38,3825,MAINLY CONTAINING ORGANIC CONSTITUENTS,,25.0,3.0,0.0,15.0,5.0,7.5,61.8
3825.69.00,38,3825,"MAINLY CONTAINING ORGANIC CONSTITUENTS,NES",,25.0,3.0,0.0,15.0,5.0,7.5,61.8
3825.90.00,38,3825,"OTHER WASTES FROM CHEMICAL OR ALLIED INDUSTRIES,NES",,25.0,3.0,0.0,15.0,5.0,7.5,61.8
3826.00.00,38,3826,"Biodiesel and mixtures thereof, not containing or containing less than 70% by weight ..",,25.0,3.0,0.0,15.0,5.0,7.5,61.8
3827.11.00,38,3827,"Mixtures, Containing chlorofluorocarbons (CFCs), whether or not containing hydrochlor",,10.0,0.0,0.0,15.0,5.0,7.5,39.75
3827.12.00,38,3827,"Mixtures, Containing hydrobromofluorocarbons (HBFCs)",,10.0,0.0,0.0,15.0,5.0,7.5,39.75
3827.13.00,38,3827,"Mixtures containing halogenated , Containing carbon tetrachloride",,10.0,0.0,0.0,15.0,5.0,7.5,39.75
3827.14.00,38,3827,"Mixtures containing halogenated, Containing 1,1,1-trichloroethane (methyl chloroform)",,10.0,0.0,0.0,15.0,5.0,7.5,39.75
3827.20.00,38,3827,"Mixture Containing bromochlorodifluoromethane (Halon-1211), bromotrifluoromethane",,10.0,0.0,0.0,15.0,5.0,7.5,39.75
3827.31.00,38,3827,"Mixture, Containing substances of subheadings 2903.41 to 2903.48",,10.0,0.0,0.0,15.0,5.0,7.5,39.75
3827.32.00,38,3827,"Mixture Other, containing substances of subheadings 2903.71 to 2903.75",,10.0,0.0,0.0,15.0,5.0,7.5,39.75
3827.39.00,38,3827,"Mixture, Containing hydrochlorofluorocarbons (HCFCs), NES",,10.0,0.0,0.0,15.0,5.0,7.5,39.75
3827.40.00,38,3827,Mixture Containing methyl bromide (bromomethane) or bromochloromethane,,10.0,0.0,0.0,15.0,5.0,7.5,39.75
3827.51.00,38,3827,Mixture Containing trifluoromethane (HFC-23),,10.0,0.0,0.0,15.0,5.0,7.5,39.75
3827.59.00,38,3827,"Mixture Containing trifluoromethane (HFC-23) or perfluorocarbons (PFCs) , NES",,10.0,0.0,0.0,15.0,5.0,7.5,39.75
3827.61.00,38,3827,"Mixture, Containing 15 % or more by mass of 1,1,1-trifluoroethane (HFC-143a)",,10.0,0.0,0.0,15.0,5.0,7.5,39.75
3827.62.00,38,3827,"Other, not included in the subheading above, containing 55 % or more by mass of penta",,10.0,0.0,0.0,15.0,5.0,7.5,39.75
3827.63.00,38,3827,"Other, containing 40 % or more by mass of pentafluoroethane (HFC-125)",,10.0,0.0,0.0,15.0,5.0,7.5,39.75
3827.64.00,38,3827,"Other, containing 30 % or more by mass of 1,1,1,2-tetrafluoroethane (HFC-134a)",,10.0,0.0,0.0,15.0,5.0,7.5,39.75
3827.65.00,38,3827,"Other, containing 20 % or more by mass of difluoromethane (HFC-32)",,10.0,0.0,0.0,15.0,5.0,7.5,39.75
3827.68.10,38,3827,"Mixtures containing halogenated derivatives of methane, ethane or propane...",,10.0,0.0,0.0,15.0,5.0,7.5,39.75
3827.68.20,38,3827,"Other containing substances of subheadings 2903.41 to 2903.48, HFC R-404A",,10.0,0.0,0.0,15.0,5.0,7.5,39.75
3827.68.30,38,3827,"Other containing substances of subheadings 2903.41 to 2903.48, HFC R-404A",,10.0,0.0,0.0,15.0,5.0,7.5,39.75
3827.68.90,38,3827,"Mixtures containing halogenated derivatives of methane, ethane or propane...",,10.0,0.0,0.0,15.0,5.0,7.5,39.75
3827.69.00,38,3827,Containing other hydrofluorocarbons (HFCs) but not containing chloro... NES,,10.0,0.0,0.0,15.0,5.0,7.5,39.75
3827.90.00,38,3827,"Mixtures containing halogenated derivatives of methane,, NES",,10.0,0.0,0.0,15.0,5.0,7.5,39.75
3901.10.00,39,3901,Polyethylene having a specific gravity of less than 0.94,,5.0,0.0,0.0,15.0,5.0,7.5,33.63
3901.20.00,39,3901,Polyethylene having a specific gravity of 0.94 or more,,5.0,0.0,0.0,15.0,5.0,7.5,33.63
3901.30.00,39,3901,"Ethylene-Vinyl Acetate Copolymers, In Primary Forms",,5.0,0.0,0.0,15.0,5.0,7.5,33.63
3901.40.00,39,3901,"Ethylene-alpha-olefin copolymers, having a specific gravity of less than 0.94",,5.0,0.0,0.0,15.0,5.0,7.5,33.63
3901.90.00,39,3901,"Other Polymers Of Ethylene, In Primary Forms, Nes",,5.0,0.0,0.0,15.0,5.0,7.5,33.63
3902.10.00,39,3902,"Polypropylene, In Primary Forms",,5.0,0.0,0.0,15.0,5.0,7.5,33.63
3902.20.00,39,3902,"Polyisobutylene, In Primary Forms",,5.0,0.0,0.0,15.0,5.0,7.5,33.63
3902.30.00,39,3902,"Propylene Copolymers, In Primary Forms",,5.0,0.0,0.0,15.0,5.0,7.5,33.63
3902.90.00,39,3902,"Other Polymers Of Propylene Or Of Other Olefins, In Primary Forms, Nes",,5.0,0.0,0.0,15.0,5.0,7.5,33.63
3903.11.00,39,3903,"Expansible Polystyrene, In Primary Forms",,5.0,0.0,0.0,15.0,5.0,7.5,33.63
3903.19.00,39,3903,"Polystyrene (Excl. Expansible), In Primary Forms",,5.0,0.0,0.0,15.0,5.0,7.5,33.63
3903.20.00,39,3903,"Styrene-Acrylonitrile (San) Copolymers, In Primary Forms",,5.0,0.0,0.0,15.0,5.0,7.5,33.63
3903.30.00,39,3903,Acrylonitrile-butadiena-styrene(ABS) copolymers,,5.0,0.0,0.0,15.0,5.0,7.5,33.63
3903.90.00,39,3903,"Polymers Of Styrene, In Primary Forms, Nes",,5.0,0.0,0.0,15.0,5.0,7.5,33.63
3904.10.00,39,3904,"Polyvinyl Chloride, Not Mixed With Other Substances, In Primary Forms",,5.0,0.0,0.0,15.0,5.0,7.5,33.63
3904.21.00,39,3904,"Non-Plasticised Polyvinyl Chloride, In Primary Forms",,5.0,0.0,0.0,15.0,5.0,7.5,33.63
3904.22.00,39,3904,"Plasticised Polyvinyl Chloride, In Primary Forms",,5.0,0.0,0.0,15.0,5.0,7.5,33.63
3904.30.00,39,3904,"Vinyl Chloride-Vinyl Acetate Copolymers, In Primary Forms",,5.0,0.0,0.0,15.0,5.0,7.5,33.63
3904.40.00,39,3904,"Vinyl Chloride Copolymers, Excl. Vinyl Acetate, In Primary Forms",,5.0,0.0,0.0,15.0,5.0,7.5,33.63
3904.50.00,39,3904,"Vinylidene Chloride Polymers, In Primary Forms",,5.0,0.0,0.0,15.0,5.0,7.5,33.63
3904.61.00,39,3904,"Polytetrafluoroethylene, In Primary Forms",,5.0,0.0,0.0,15.0,5.0,7.5,33.63
3904.69.00,39,3904,"Fluoro-Polymers (Excl. Polytetrafluoroethylene), In Primary Forms",,5.0,0.0,0.0,15.0,5.0,7.5,33.63
3904.90.00,39,3904,"Polymers Of Halogenated Olefins, In Primary Forms, Nes",,5.0,0.0,0.0,15.0,5.0,7.5,33.63
3905.12.00,39,3905,Polyvinyl Acetate In Aqueous Dispersion,,10.0,0.0,0.0,15.0,5.0,7.5,39.75
3905.19.00,39,3905,"Polyvinyl Acetate, Excl. That In Aqueous Dispersions, In Primary Forms",,10.0,0.0,0.0,15.0,5.0,7.5,39.75
3905.21.00,39,3905,Vinyl Acetate Copolymers In Aqueous Dispersion,,10.0,0.0,0.0,15.0,5.0,7.5,39.75
3905.29.00,39,3905,"Vinyl Acetate Copolymers, Excl.That In Aqueous Dispersion, In Primary Form",,10.0,0.0,0.0,15.0,5.0,7.5,39.75
3905.30.00,39,3905,"Polyvinyl Alcohol, Whether Or Not Containing Unhydrolysed Acetate Groups",,10.0,0.0,0.0,15.0,5.0,7.5,39.75
3905.91.00,39,3905,Copolymers In Primary Forms,,10.0,0.0,0.0,15.0,5.0,7.5,39.75
3905.99.00,39,3905,Polymers Of Other Vinyl Esters & Other Vinyl Polymers In Primary Forms Nes,,10.0,0.0,0.0,15.0,5.0,7.5,39.75
3906.10.00,39,3906,"Polymethyl Methacrylate, In Primary Forms",,5.0,0.0,0.0,15.0,5.0,7.5,33.63
3906.90.00,39,3906,"Acrylic Polymers, In Primary Forms, Nes",,10.0,0.0,0.0,15.0,5.0,7.5,39.75
3907.10.00,39,3907,"Polyacetals, In Primary Forms",,5.0,0.0,0.0,15.0,5.0,7.5,33.63
3907.21.00,39,3907,Other polyethers : Bis (polyoxyethylene) methylphosphonate,,5.0,0.0,0.0,15.0,5.0,7.5,33.63
3907.29.00,39,3907,Other polyethers :EXLCUDING Bis (polyoxyethylene) methylphosphonate,,5.0,0.0,0.0,15.0,5.0,7.5,33.63
3907.30.00,39,3907,"Epoxide Resins, In Primary Forms",,5.0,0.0,0.0,15.0,5.0,7.5,33.63
3907.40.00,39,3907,Polycarbonate,,5.0,0.0,0.0,15.0,5.0,7.5,33.63
3907.50.00,39,3907,"Alkyd Resins, In Primary Forms",,10.0,0.0,0.0,15.0,5.0,7.5,39.75
3907.61.00,39,3907,Having a viscosity number of 78 ml/g or higher,,5.0,0.0,0.0,15.0,2.0,7.5,30.63
3907.69.00,39,3907,Other,,5.0,0.0,0.0,15.0,2.0,7.5,30.63
3907.70.00,39,3907,Poly (lactic acid),,5.0,0.0,0.0,15.0,5.0,7.5,33.63
3907.91.00,39,3907,"Unsaturated Polyesters, In Primary Forms, Nes",,5.0,0.0,0.0,15.0,5.0,7.5,33.63
3907.99.00,39,3907,"Polysters, In Primary Forms,NES",,5.0,0.0,0.0,15.0,5.0,7.5,33.63
3908.10.00,39,3908,"Polyamide 6,11,12,6,6,6,9,6,10 or 6,12:",,5.0,0.0,0.0,15.0,5.0,7.5,33.63
3908.90.00,39,3908,"Other polymides, in primary forms, nes",,5.0,0.0,0.0,15.0,5.0,7.5,33.63
3909.10.00,39,3909,UREA RESINS; THIOUREA RESINS,,15.0,5.0,0.0,15.0,5.0,7.5,52.0
3909.20.00,39,3909,Melamine resins,,10.0,0.0,0.0,15.0,5.0,7.5,39.75
3909.31.00,39,3909,"Poly(methylene phenyl isocyanate) (crude MDI, polymeric MDI)",,10.0,0.0,0.0,15.0,5.0,7.5,39.75
3909.39.00,39,3909,Other,,10.0,0.0,0.0,15.0,5.0,7.5,39.75
3909.40.00,39,3909,Phenolic resins,,10.0,0.0,0.0,15.0,5.0,7.5,39.75
3909.50.00,39,3909,"Polyurethanes, In Primary Forms",,5.0,0.0,0.0,15.0,5.0,7.5,33.63
3910.00.00,39,3910,Silicones Inprimary Forms,,5.0,0.0,0.0,15.0,5.0,7.5,33.63
3911.10.00,39,3911,"Petroleum Resins... Other Resins And Polyterpenes, In Primary Forms",,5.0,0.0,0.0,15.0,5.0,7.5,33.63
3911.20.00,39,3911,"Poly(1,3-phenylene methylphosphonate)",,5.0,0.0,0.0,15.0,5.0,7.5,33.63
3911.90.00,39,3911,"Polysulphides, Polysulphones And Other Products..., In Primary Forms",,5.0,0.0,0.0,15.0,5.0,7.5,33.63
3912.11.00,39,3912,"Non-Plasticised Cellulose Acetates, In Primary Forms",,5.0,0.0,0.0,15.0,5.0,7.5,33.63
3912.12.00,39,3912,"Plasticised Cellulose Acetates, In Primary Forms",,5.0,0.0,0.0,15.0,5.0,7.5,33.63
3912.20.00,39,3912,"Cellulose Nitrates (Incl. Collodions), In Primary Forms",,5.0,0.0,0.0,15.0,5.0,7.5,33.63
3912.31.00,39,3912,"Carboxymethylcellulose And Its Salts, In Primary Forms",,5.0,0.0,0.0,15.0,5.0,7.5,33.63
3912.39.00,39,3912,"Other Cellulose Ethers, In Primary Forms, Nes",,5.0,0.0,0.0,15.0,5.0,7.5,33.63
3912.90.00,39,3912,"Cellulose And Its Chemical Derivatives, In Primary Forms, Nes",,5.0,0.0,0.0,15.0,5.0,7.5,33.63
3913.10.00,39,3913,"Alginic Acid, Its Salts And Esters, In Primary Forms",,5.0,0.0,0.0,15.0,5.0,7.5,33.63
3913.90.00,39,3913,"Natural and modified natural polymers, in primary forms",,5.0,0.0,0.0,15.0,5.0,7.5,33.63
3914.00.00,39,3914,"Ion-Exchangers Based On Polymers Of 39.01 To 39.13, In Primary Forms",,5.0,0.0,0.0,0.0,5.0,7.5,17.88
3915.10.00,39,3915,"Waste, Parings And Scrap, Of Polymers Of Ethylene",,5.0,0.0,0.0,15.0,5.0,7.5,33.63
3915.20.00,39,3915,"Waste, Parings And Scrap, Of Polymers Of Styrene",,5.0,0.0,0.0,15.0,5.0,7.5,33.63
3915.30.00,39,3915,"Waste, Parings And Scrap, Of Polymers Of Vinyl Chloride",,5.0,0.0,0.0,15.0,5.0,7.5,33.63
3915.90.00,39,3915,"Waste, Parings And Scrap, Of Other Plastics, Nes",,5.0,0.0,0.0,15.0,5.0,7.5,33.63
3916.10.00,39,3916,"Monofilament Dimenson>1mm,Rods..&Prof.Sha.,Polym. Of Ethylene",,5.0,0.0,0.0,15.0,5.0,7.5,33.63
3916.20.00,39,3916,"Monofil..>1mm,..Of Vinyl Chloride For door, window and photo frame",,5.0,0.0,0.0,15.0,5.0,7.5,33.63
3916.90.10,39,3916,FRP rod,,5.0,0.0,0.0,15.0,5.0,7.5,33.63
3916.90.20,39,3916,Fibre reinforced polymer (FRP) sticks and profile shapes,,5.0,0.0,0.0,0.0,5.0,7.5,17.88
3916.90.90,39,3916,"Monofil.Dimension>1mm,Rods..&Profile Shapes,Of Other Plastics",,5.0,0.0,0.0,15.0,5.0,7.5,33.63
3917.10.00,39,3917,Artificial Guts Of Hardened Proteins Or Of Cellulosic Materials,,10.0,10.0,0.0,15.0,5.0,7.5,52.0
3917.21.00,39,3917,"Tubes, Pipes And Hoses, Rigid, Of Polymers Of Ethylene",,25.0,3.0,30.0,15.0,5.0,7.5,108.84
3917.22.00,39,3917,"Tubes, Pipes And Hoses, Rigid, Of Polymers Of Propylene",,25.0,3.0,30.0,15.0,5.0,7.5,108.84
3917.23.10,39,3917,Pvc Shrinkable Tube(Plain),,10.0,0.0,0.0,15.0,5.0,7.5,39.75
3917.23.90,39,3917,"Tubes,Pipes And Hoses, Rigid, Of Polymers Of Vinyl Chloride, Nes",,25.0,3.0,30.0,15.0,5.0,7.5,108.84
3917.29.10,39,3917,SILICON TUBING FOR LABORATORY USE;HOSES PIPE FOR GAS CYLINDER,,10.0,0.0,0.0,0.0,5.0,7.5,23.25
3917.29.91,39,3917,Fibre glass,,25.0,3.0,30.0,15.0,5.0,7.5,108.84
3917.29.99,39,3917,"Tubes, Pipes And Hoses, Rigid, Of Other Plastics, Nes",,25.0,3.0,30.0,15.0,5.0,7.5,108.84
3917.31.10,39,3917,"Fiexible Silicone Tubing For Laboratory Use,With A Burst Pressure>=27.6mpa",,10.0,0.0,0.0,15.0,5.0,7.5,39.75
3917.31.90,39,3917,"Other Flexible Tubes,Pipes And Hoses,With A Burst Pressure >=27.6 Mpa",,25.0,3.0,0.0,15.0,5.0,7.5,61.8
3917.32.10,39,3917,"Silicone Tubing With Fitting For Lab.Use,Not Reinforced Or Otherwise Comb.",,10.0,0.0,0.0,15.0,5.0,7.5,39.75
3917.32.20,39,3917,"Tubes Upto 10"" Dia For Packing Iv Fluid",,5.0,0.0,0.0,15.0,5.0,7.5,33.63
3917.32.90,39,3917,"Tubes, Pipes And Hoses, Not Reinforced, Without Fittings, Nes",,25.0,3.0,0.0,15.0,5.0,7.5,61.8
3917.33.10,39,3917,"Silicone Tubing For Lab. Use, Nes",,10.0,0.0,0.0,15.0,5.0,7.5,39.75
3917.33.90,39,3917,"Other Tubes,Pipes&Hoses With Fittings",,25.0,3.0,0.0,15.0,5.0,7.5,61.8
3917.39.10,39,3917,Other Silicone Tubing For Laboratory Use,,10.0,0.0,0.0,15.0,5.0,7.5,39.75
3917.39.90,39,3917,"Other Tubes, Pipes And Hoses, Nes",,25.0,3.0,0.0,15.0,5.0,7.5,61.8
3917.40.00,39,3917,"Fittings, For Tubes, Pipes And Hoses, Of Plastic",,25.0,3.0,0.0,15.0,5.0,7.5,61.8
3918.10.00,39,3918,"Floor... Coverings Of Polymers Of Vinyl Chloride, In Rolls Or Tiles",,25.0,3.0,20.0,15.0,5.0,7.5,93.16
3918.90.00,39,3918,"Floor, Wall Or Ceiling Coverings Of Plastics, Nes, In Rolls Or Tiles",,25.0,3.0,20.0,15.0,5.0,7.5,93.16
3919.10.00,39,3919,In rolls of a width not exceeding 20 cm,,25.0,3.0,0.0,15.0,5.0,7.5,61.8
3919.90.10,39,3919,Self adhesive tape in rolls exceeding 20cm,,25.0,3.0,0.0,15.0,5.0,7.5,61.8
3919.90.20,39,3919,Performance Tape/Closure/Side Tape,,25.0,0.0,0.0,15.0,5.0,7.5,58.13
3919.90.30,39,3919,Scratch off label,,25.0,3.0,0.0,15.0,5.0,7.5,61.8
3919.90.91,39,3919,Re-seal/Self adhesive tape,,25.0,3.0,0.0,15.0,5.0,7.5,61.8
3919.90.99,39,3919,"OTHER SELF-ADHESIVE PLATES, TAPE, STRIP, FOIL... OF PLASTICS, NES",,25.0,3.0,10.0,15.0,5.0,7.5,77.48
3920.10.10,39,3920,Stretch Wrapping Film,,25.0,3.0,0.0,15.0,5.0,7.5,61.8
3920.10.30,39,3920,Mulch film,,5.0,0.0,0.0,15.0,5.0,7.5,33.63
3920.10.40,39,3920,Tarpaulin,,25.0,3.0,0.0,15.0,5.0,7.5,61.8
3920.10.90,39,3920,"Plates..,Of Polymers Of Ethylene, Laminated.. Not Reinforced,Etc.,Nes",,25.0,3.0,0.0,15.0,5.0,7.5,61.8
3920.20.10,39,3920,Polymers of propylene in printed form,,25.0,3.0,10.0,15.0,5.0,7.5,77.48
3920.20.20,39,3920,Non-printed cast polypropylene film,,15.0,5.0,0.0,15.0,5.0,7.5,52.0
3920.20.90,39,3920,Other polymers of propylene(excl printed form),,15.0,5.0,0.0,15.0,5.0,7.5,52.0
3920.30.00,39,3920,"Plates..., Of Polymers Of Styrene, Laminated..Not Reinforced, Etc",,25.0,3.0,0.0,15.0,5.0,7.5,61.8
3920.43.00,39,3920,CONTAINING BY WEIGHT NOT LESS THAN 6% OF PLASTICISERS,,25.0,3.0,0.0,15.0,5.0,7.5,61.8
3920.49.10,39,3920,PVC FILM & PVDC FILM FOR BLISTER PACK FOR MEDICINE,,10.0,0.0,0.0,15.0,5.0,7.5,39.75
3920.49.20,39,3920,Printed PVC sheet,,25.0,3.0,20.0,15.0,5.0,7.5,93.16
3920.49.30,39,3920,PVC film,,25.0,3.0,0.0,15.0,5.0,7.5,61.8
3920.49.40,39,3920,Unprinted PVC sheet,,25.0,3.0,0.0,15.0,5.0,7.5,61.8
3920.49.50,39,3920,PVC film,,25.0,3.0,0.0,15.0,5.0,7.5,61.8
3920.49.90,39,3920,"Other plates...,of polymers of vinyl chloride other than not<6% of plasticisers",,25.0,3.0,0.0,15.0,5.0,7.5,61.8
3920.51.00,39,3920,"Plates..., Of Polymethyl Methacrylate, Laminated Not Reinforced, Etc",,25.0,3.0,0.0,15.0,5.0,7.5,61.8
3920.59.00,39,3920,"Plates..., Of Other Acrylic Polymers, Laminated Not Reinforced, Etc, Nes",,25.0,3.0,0.0,15.0,5.0,7.5,61.8
3920.61.00,39,3920,"Plates..., Of Polycarbonates,Laminated Not Reinforced, Etc",,25.0,3.0,0.0,15.0,5.0,7.5,61.8
3920.62.10,39,3920,poly(ethylene terephthalate in printed form,,25.0,3.0,20.0,15.0,5.0,7.5,93.16
3920.62.90,39,3920,Other poly(ethylene terepthalate) excl printed form,,15.0,0.0,0.0,15.0,5.0,7.5,45.88
3920.63.10,39,3920,Unprinted polyester film in roll form,,25.0,3.0,0.0,15.0,5.0,7.5,61.8
3920.63.90,39,3920,"Plates..., Of Unsaturated Polyesters, Laminated Not Reinforced, Etc",,25.0,3.0,0.0,15.0,5.0,7.5,61.8
3920.69.10,39,3920,Other polyester in printed form,,25.0,3.0,10.0,15.0,5.0,7.5,77.48
3920.69.20,39,3920,Unprinted polyester film in roll form,,25.0,3.0,0.0,15.0,5.0,7.5,61.8
3920.69.91,39,3920,Polyester paper/Unit binder tape,,25.0,3.0,0.0,15.0,5.0,7.5,61.8
3920.69.99,39,3920,"Other polyesters, Nes (excl. printed form)",,25.0,3.0,0.0,15.0,5.0,7.5,61.8
3920.71.00,39,3920,"Plates..., Of Regenerated Cellulose, Laminated Not Reinforced, Etc",,25.0,3.0,0.0,15.0,5.0,7.5,61.8
3920.73.00,39,3920,"Plates..., Of Cellulose Acetate, Not Reinforced, Etc",,10.0,0.0,0.0,15.0,5.0,7.5,39.75
3920.79.00,39,3920,"Plates..., Of Other Cellulose Derivatives, Not Reinforced, Etc, Nes",,25.0,3.0,0.0,15.0,5.0,7.5,61.8
3920.91.00,39,3920,"Plates..., Of Polyvinyl Butyral, Not Reinforced, Etc",,25.0,3.0,0.0,15.0,5.0,7.5,61.8
3920.92.10,39,3920,Other plastics polyamides in printed form,,25.0,3.0,10.0,15.0,5.0,7.5,77.48
3920.92.20,39,3920,Unprinted nylon film in roll form,,25.0,3.0,0.0,15.0,5.0,7.5,61.8
3920.92.30,39,3920,Unprinted nylon film in roll form,,25.0,3.0,0.0,15.0,5.0,7.5,61.8
3920.92.90,39,3920,"Other plastics polymides, Nes (excl. printed form)",,25.0,3.0,0.0,15.0,5.0,7.5,61.8
3920.93.00,39,3920,"Plates..., Of Amino-Resins, Not Reinforced, Etc",,25.0,3.0,0.0,15.0,5.0,7.5,61.8
3920.94.00,39,3920,"Plates..., Ofphenolic Resins, Not Reinforced, Etc",,25.0,3.0,0.0,15.0,5.0,7.5,61.8
3920.99.10,39,3920,Film For Blister Packing Of Other Plastics,,10.0,0.0,0.0,15.0,5.0,7.5,39.75
3920.99.90,39,3920,"Plates..., Of Other Plastics, Not Reinforced, Etc, Nes",,25.0,3.0,10.0,15.0,5.0,7.5,77.48
3921.11.00,39,3921,"Cellular Plates, Strips... Of Polymers Of Styrene",,25.0,3.0,0.0,15.0,5.0,7.5,61.8
3921.12.00,39,3921,"Cellular Plates, Strips... Of Polymers Of Vinyl Chloride",,25.0,3.0,0.0,15.0,5.0,7.5,61.8
3921.13.00,39,3921,"Cellular Plates, Strips... Of Polymers Of Polyurethanes",,25.0,3.0,0.0,15.0,5.0,7.5,61.8
3921.14.00,39,3921,"Cellular Plates, Strips... Of Polymers Of Regenerated Cellulose",,25.0,3.0,0.0,15.0,5.0,7.5,61.8
3921.19.10,39,3921,Microcellular PET light sheet having a power saving capacity of 20% or more,,10.0,0.0,0.0,15.0,5.0,7.5,39.75
3921.19.90,39,3921,"Microcellular PET light sheet having a power saving capa.of 20% or more, NES",,25.0,3.0,20.0,15.0,5.0,7.5,93.16
3921.90.20,39,3921,Multilayer extruded sheet for plastic laminated collapsible tube,,25.0,3.0,0.0,15.0,5.0,7.5,61.8
3921.90.91,39,3921,"Other cellular plates, strips in printed form..., of plastics",,25.0,3.0,30.0,15.0,5.0,7.5,108.84
3921.90.92,39,3921,PVC coated magstrip,,25.0,3.0,0.0,15.0,5.0,7.5,61.8
3921.90.93,39,3921,Tarpaulin,,25.0,3.0,0.0,15.0,5.0,7.5,61.8
3921.90.99,39,3921,"Other cellular plates, strips ..., of plastics, nes",,25.0,3.0,20.0,15.0,5.0,7.5,93.16
3922.10.00,39,3922,"Baths, Shower-Baths And Wash-Basins, Of Plastics",,25.0,3.0,20.0,15.0,5.0,7.5,93.16
3922.20.00,39,3922,Lavatory Seats And Covers Of Plastics,,25.0,3.0,20.0,15.0,5.0,7.5,93.16
3922.90.00,39,3922,"Bidets, Lavatory Pans... And Other Sanitary Ware Of Plastics, Nes",,25.0,3.0,20.0,15.0,5.0,7.5,93.16
3923.10.00,39,3923,"Boxes, Cases, Crates And Similar Articles Of Plastics",,25.0,3.0,40.0,15.0,5.0,7.5,124.52
3923.21.00,39,3923,Sacks and bags (incl. cones) of polymers of ethylene,,25.0,3.0,40.0,15.0,5.0,7.5,124.52
3923.29.10,39,3923,AIRTIGHT STORAGE BAGS WITH ZIPPER,,1.0,0.0,0.0,15.0,5.0,7.5,28.73
3923.29.90,39,3923,Article for the conve..of polymers of ther plastic excl.airtght storage bag with zipp,,25.0,3.0,40.0,15.0,5.0,7.5,124.52
3923.30.10,39,3923,"Sachet For Medicin,Inhaler Container,Actuators and Dust Caps for Inhaler",,5.0,0.0,0.0,15.0,5.0,7.5,33.63
3923.30.90,39,3923,"Other Carboys, Bottles, Flasks And Similar Articles Of Plastics",,25.0,3.0,40.0,15.0,5.0,7.5,124.52
3923.40.10,39,3923,Bobbins; Sliver/spinning can,,1.0,0.0,0.0,15.0,5.0,7.5,28.73
3923.40.20,39,3923,Autoconer Spare Parts,,5.0,0.0,0.0,15.0,5.0,7.5,33.63
3923.40.90,39,3923,"Spools, Cops And Similar Supports Of Plastics",,25.0,3.0,40.0,15.0,5.0,7.5,124.52
3923.50.00,39,3923,"Stoppers, Lids, Caps And Other Closures Of Plastics",,25.0,3.0,40.0,15.0,5.0,7.5,124.52
3923.90.10,39,3923,"Trays For Transportation And Keeping For Chicks And Eggs, Of Plastics",,25.0,3.0,0.0,15.0,5.0,7.5,61.8
3923.90.20,39,3923,"Nursery Trays For Seedlings, Of Plastics",,25.0,3.0,0.0,15.0,5.0,7.5,61.8
3923.90.30,39,3923,Aseptic pack,,10.0,0.0,0.0,15.0,5.0,7.5,39.75
3923.90.90,39,3923,"Articles for the packing of goods, of plastics, nes",,25.0,3.0,40.0,15.0,5.0,7.5,124.52
3924.10.00,39,3924,Tableware And Kitchenware Of Plastics,,25.0,3.0,40.0,15.0,5.0,7.5,124.52
3924.90.10,39,3924,Feeding Bottles,,25.0,3.0,20.0,15.0,5.0,7.5,93.16
3924.90.90,39,3924,"Other Household Articles And Toilet Articles, Of Plastics, NES",,25.0,3.0,40.0,15.0,5.0,7.5,124.52
3925.10.00,39,3925,"Reservoirs... And Similar Containers, Capacity >300 L, Of Plastics",,25.0,3.0,0.0,15.0,5.0,7.5,61.8
3925.20.00,39,3925,"Doors, Windows And Their Frames And Thresholds For Doors, Of Plastics",,25.0,3.0,40.0,15.0,5.0,7.5,124.52
3925.30.00,39,3925,"Shutters, Blinds And Similar Articles And Parts, Of Plastics",,25.0,3.0,20.0,15.0,5.0,7.5,93.16
3925.90.00,39,3925,"Builders' Ware Of Plastics, Nes",,25.0,3.0,20.0,15.0,5.0,7.5,93.16
3926.10.00,39,3926,Office Or School Supplies Of Plastics,,25.0,3.0,20.0,15.0,5.0,7.5,93.16
3926.20.10,39,3926,Gloves (Surgical) Of Plastics & Materials Of Heading 39.01-39.04,,10.0,0.0,0.0,15.0,5.0,7.5,39.75
3926.20.90,39,3926,Art.Of App.&Clothing Accessories(Exl.Gloves)Of Plastics Hd.No.39.01-39.04,,25.0,3.0,0.0,15.0,5.0,7.5,61.8
3926.30.00,39,3926,"Fittings For Furniture, Coachwork Or The Like Of Plastics",,25.0,3.0,0.0,15.0,5.0,7.5,61.8
3926.40.00,39,3926,Statuettes And Other Ornamental Articles Of Plastics,,25.0,3.0,20.0,15.0,5.0,7.5,93.16
3926.90.10,39,3926,Plastic Coil Used As Contraceptive And Coil Inserter,,0.0,0.0,0.0,15.0,5.0,7.5,27.5
3926.90.30,39,3926,"Parts And Fittings For Infusino Set, Of Plastics",,25.0,3.0,0.0,15.0,5.0,7.5,61.8
3926.90.50,39,3926,Taflon tape/PTFE tape,,25.0,3.0,0.0,15.0,5.0,7.5,61.8
3926.90.60,39,3926,Cot and Apron,,10.0,0.0,0.0,15.0,5.0,7.5,39.75
3926.90.91,39,3926,Conveyor or transmission belts of belting,,10.0,0.0,0.0,15.0,5.0,7.5,39.75
3926.90.92,39,3926,LP Gas cylinder capacity below 5000 litres,,5.0,0.0,0.0,0.0,5.0,7.5,17.88
3926.90.93,39,3926,Plastic frame works,,25.0,3.0,0.0,15.0,5.0,7.5,61.8
3926.90.99,39,3926,"PVC scrn.having intrnl.dia.from 4-8 Mulch and strct.thereof used in agri.& hoti.,nes",,25.0,3.0,30.0,15.0,5.0,7.5,108.84
4001.10.00,40,4001,"Natural Rubber Latex, In Primary Forms Or In Plates, Sheets Or Strips",,10.0,0.0,0.0,15.0,5.0,7.5,39.75
4001.21.00,40,4001,Smoked sheets,,10.0,0.0,0.0,15.0,5.0,7.5,39.75
4001.22.00,40,4001,"Technically Specified Natural Rubber, In Primary Forms Or In Plates, Etc",,10.0,0.0,0.0,15.0,5.0,7.5,39.75
4001.29.00,40,4001,"Other Natural Rubber, In Primary Forms Or In Plates, Etc, Nes",,10.0,0.0,0.0,15.0,5.0,7.5,39.75
4001.30.00,40,4001,"Balata, Gutta-Percha... And Similar Gums, In Primary Forms Or In Plates",,10.0,0.0,0.0,0.0,5.0,0.0,15.0
4002.11.00,40,4002,Latex Of Styrene-Butadiene Or Carboxylated Styrene-Butadiene Rubber,,5.0,0.0,0.0,15.0,5.0,7.5,33.63
4002.19.00,40,4002,"Styrene-Butadiene Rubber; Carboxylated Styrene-Butadiene Rubber, Nes",,5.0,0.0,0.0,15.0,5.0,7.5,33.63
4002.20.00,40,4002,"Butadiene Rubber, In Primary Forms Or In Plates, Sheets Or Strip",,5.0,0.0,0.0,15.0,5.0,7.5,33.63
4002.31.00,40,4002,Isobutene-Isoprene (Butyl) Rubber,,5.0,0.0,0.0,15.0,5.0,7.5,33.63
4002.39.00,40,4002,Halo-Isobutene-Isoprene Rubber,,5.0,0.0,0.0,15.0,5.0,7.5,33.63
4002.41.00,40,4002,Latex Of Chloroprene (Chlorobutadiene) Rubber,,5.0,0.0,0.0,15.0,5.0,7.5,33.63
4002.49.00,40,4002,Chloroprene (Chlorobutadiene) Rubber (Excl. Latex),,5.0,0.0,0.0,15.0,5.0,7.5,33.63
4002.51.00,40,4002,Latex Of Acrylonitrile-Butadiene Rubber,,5.0,0.0,0.0,15.0,5.0,7.5,33.63
4002.59.00,40,4002,Acrylonitrile-Butadiene Rubber (Excl. Latex),,5.0,0.0,0.0,15.0,5.0,7.5,33.63
4002.60.00,40,4002,Isoprene Rubber,,5.0,0.0,0.0,15.0,5.0,7.5,33.63
4002.70.00,40,4002,Ethylene-Propylene-Non-Conjugated Diene Rubber,,5.0,0.0,0.0,15.0,5.0,7.5,33.63
4002.80.00,40,4002,Mixtures Of Any Product Of 40.01 With Any Product Of 40.02,,5.0,0.0,0.0,15.0,5.0,7.5,33.63
4002.91.00,40,4002,"Latex Of Synthetic Rubber, Nes",,5.0,0.0,0.0,15.0,5.0,7.5,33.63
4002.99.00,40,4002,"Other Synthetic Rubber (Excl. Latex), Nes",,5.0,0.0,0.0,15.0,5.0,7.5,33.63
4003.00.00,40,4003,"Reclaimed Rubber In Primary Forms Or In Plates, Sheets Or Strip",,10.0,0.0,0.0,15.0,5.0,7.5,39.75
4004.00.00,40,4004,"Waste,Parings & Scrap Of Rubber(Ex.Hard Rubber)&Powders Gran.Obt.Therefrom",,10.0,0.0,0.0,15.0,5.0,7.5,39.75
4005.10.00,40,4005,"Rubber Compounded With Carbon Black Or Silica, Unvulcanized",,10.0,0.0,0.0,15.0,5.0,7.5,39.75
4005.20.00,40,4005,"Rubber Solutions; Dispersions, Unvulcanized, Nes Excl Hs 40051000",,10.0,0.0,0.0,15.0,5.0,7.5,39.75
4005.91.00,40,4005,"Plates, Sheets And Strip Of Unvulcanized, Compounded Rubber, Nes",,10.0,0.0,0.0,15.0,5.0,7.5,39.75
4005.99.00,40,4005,"Compounded Rubber, Unvulcanized, In Primary Forms",,10.0,0.0,0.0,15.0,5.0,7.5,39.75
4006.10.00,40,4006,Camel-Back Strips For Retreading Rubber Tyres,,10.0,0.0,0.0,15.0,5.0,7.5,39.75
4006.90.00,40,4006,"Other Forms And Articles Of Unvulcanized Rubber, Nes",,10.0,0.0,0.0,15.0,5.0,7.5,39.75
4007.00.00,40,4007,Vulcanized Rubber Thread And Cord,,5.0,0.0,0.0,15.0,5.0,7.5,33.63
4008.11.00,40,4008,"Plates, Sheets And Strip Of Cellular Vulcanized Rubber",,25.0,3.0,0.0,15.0,5.0,7.5,61.8
4008.19.00,40,4008,"Rods And Profile Shapes Of Cellular Vulcanized Rubber, Nes",,25.0,3.0,0.0,15.0,5.0,7.5,61.8
4008.21.00,40,4008,"Plates, Sheets And Strip Of Non-Cellular, Vulcanized Rubber(Excl. Hard)",,25.0,3.0,0.0,15.0,5.0,7.5,61.8
4008.29.00,40,4008,"Rods And Profile Shapes Of Non-Cellular, Vulcanized Rubber (Excl. Hard)",,25.0,3.0,0.0,15.0,5.0,7.5,61.8
4009.11.00,40,4009,NOT REINFORCED OR OTHERWISE COBINED WITH OTH.MATERIAL WITHOUT FITTINGS,,25.0,3.0,0.0,15.0,5.0,7.5,61.8
4009.12.00,40,4009,"TUBES,PIPES & HOSES ..NOT REINFORCED OR OTHERWISE COMB.WITH MAT.WITH FITT.",,10.0,0.0,0.0,15.0,5.0,7.5,39.75
4009.21.00,40,4009,REINFORCED OR OTH.WISE COMBINED ONLY WITH METAL-WITHOUT FITTINGS,,10.0,0.0,0.0,15.0,5.0,7.5,39.75
4009.22.00,40,4009,REINFORCED OR OTHERWISE COMBINED ONLY WITH METAL WITH FITTING,,10.0,0.0,0.0,15.0,5.0,7.5,39.75
4009.31.00,40,4009,REINFORCED OR OTH.WISE COMBINED ONLY WITH TEXTILE MTRLS.WITHOUT FITTINGS,,10.0,0.0,0.0,15.0,5.0,7.5,39.75
4009.41.00,40,4009,REINFORCED OR OTHERWISE COMBINED WITH OTHER MATERIALS-WITHOUT FITTINGS,,10.0,0.0,0.0,15.0,5.0,7.5,39.75
4009.42.00,40,4009,REINFORCED OR OTHERWISE COMBINED WITH OTHER MATERIALS-WITH FILLINGS,,10.0,0.0,0.0,15.0,5.0,7.5,39.75
4010.11.00,40,4010,"Conveyor Belts Or Belting,Of Vulcanized Rubber Reinforced Only With Metal",,5.0,0.0,0.0,15.0,5.0,7.5,33.63
4010.12.00,40,4010,Conveyor Belts/Belting Of Vulcanised Rubber Reinf'D Only With Textile Mats,,5.0,0.0,0.0,15.0,5.0,7.5,33.63
4010.19.00,40,4010,"Conveyor Belts Or Belting, Of Vulcanised Rubber, Nes",,5.0,0.0,0.0,15.0,5.0,7.5,33.63
4010.31.00,40,4010,"ENDLESS TRNSMSN.BELTS OF TRPZDL.CROSS-SEC.(V-BLT),V-RIBBED OF..>60CM,<180",,25.0,0.0,0.0,15.0,5.0,7.5,58.13
4010.32.00,40,4010,"ENDLESS TRNSMSN.BELTS OF TRPZODL.CROS-SECTION(V-BELTS),OTHER..>60CM<180CM",,25.0,0.0,0.0,15.0,5.0,7.5,58.13
4010.33.00,40,4010,"ENDLESS TRNSMSN.BELTS OF TRZDL.CROSS-SECTION(V-BELTS)V-RIBED..>180CM,<240",,25.0,0.0,0.0,15.0,5.0,7.5,58.13
4010.34.00,40,4010,"ENDLES TRNSMSN.BETLS OF TRPZDL.CROSS-SECTION(V BELTS)OTH.THAN..>180CM,<240",,5.0,20.0,0.0,15.0,5.0,7.5,58.13
4010.36.00,40,4010,"ENDLESS SYNCHRONOUS BELTS,OF AN OUTSIDE CIRCUMFERENCE >150CM,<198CM",,1.0,0.0,0.0,15.0,5.0,7.5,28.73
4010.39.10,40,4010,RUBBER BELT ROUND NOT EXCEEDING 10 in DIA/FLAT,,10.0,0.0,0.0,15.0,5.0,7.5,39.75
4010.39.90,40,4010,"TRANSMISSION BELTS OR BELTING,NES OTHER THAN RUBBER BELT ROUND<10"" dia/Flat",,5.0,0.0,0.0,15.0,5.0,7.5,33.63
4011.10.00,40,4011,"New Pneumatic Tyres, Of Rubber Of A Kind Used On Motor Cars, TV",,25.0,3.0,20.0,15.0,5.0,7.5,93.16
4011.20.10,40,4011,"New pneumatic tyres, of rubber of a kind used on buses or lorries",,25.0,5.0,0.0,15.0,5.0,7.5,64.25
4011.20.90,40,4011,"New pneumatic tyres, of rubber of a kind used on buses or lorries",,15.0,0.0,0.0,15.0,5.0,7.5,45.88
4011.30.00,40,4011,"New Pneumatic Tyres, Of Rubber For Aircraft",,1.0,0.0,0.0,15.0,5.0,7.5,28.73
4011.40.00,40,4011,"New Pneumatic Tyres, Of Rubber Of A Kind Used On Motorcycles, TV",,25.0,5.0,0.0,15.0,5.0,7.5,64.25
4011.50.00,40,4011,"New Pneumatic Tyres, Of Rubber Of A Kind Used On Bicycles",,25.0,3.0,0.0,15.0,5.0,7.5,61.8
4011.70.10,40,4011,Of a kind used on agricultural tractors,,5.0,0.0,0.0,0.0,5.0,7.5,17.88
4011.70.90,40,4011,Of a kind used on agricultural tractors,,25.0,3.0,0.0,15.0,5.0,7.5,61.8
4011.80.00,40,4011,"Of a kind used on construction, mining or industrial handling vehicles and machines",,25.0,3.0,0.0,15.0,5.0,7.5,61.8
4011.90.00,40,4011,"Other Tyre, excl. construction, mining or industrial handling vehicles and machines",,25.0,3.0,0.0,15.0,5.0,7.5,61.8
4012.11.00,40,4012,OF A KIND USED ON MOTOR CARS(INCL.STATION WAGONS & RACING CARS),,25.0,3.0,0.0,15.0,5.0,7.5,61.8
4012.12.00,40,4012,OF A KIND USED ON BUSES OR LORRIES,,25.0,3.0,0.0,15.0,5.0,7.5,61.8
4012.13.00,40,4012,OF A KIND USED ON AIRCRAFT,,25.0,3.0,0.0,15.0,5.0,7.5,61.8
4012.19.00,40,4012,"RETREADED OR USED PNMATIC.TYRES OF RUBBER;SOLID OR CUSHION TYRES,TYRE..NES",,25.0,3.0,0.0,15.0,5.0,7.5,61.8
4012.20.00,40,4012,Used Pneumatic Tyres Of Rubber,,25.0,3.0,0.0,15.0,5.0,7.5,61.8
4012.90.10,40,4012,Tyre flaps of rubber of a kind used on tructor and aircraft,,5.0,0.0,0.0,15.0,5.0,7.5,33.63
4012.90.90,40,4012,"Solid... tyres, interchangeable tyre treads and flaps, of rubber, nes",,25.0,3.0,0.0,15.0,5.0,7.5,61.8
4013.20.00,40,4013,"Inner Tubes, Of Rubber Of A Kind Used On Bicycles",,25.0,3.0,0.0,15.0,5.0,7.5,61.8
4013.90.10,40,4013,"Inner Tubes, of rubber Of a kind used on tractors and aircraft",,5.0,0.0,0.0,0.0,5.0,7.5,17.88
4013.90.20,40,4013,"Inner tube of rubber, of a kind used on motorcycles",,25.0,3.0,0.0,15.0,5.0,7.5,61.8
4013.90.90,40,4013,"Inner tubes, of rubber, nes",,15.0,5.0,0.0,15.0,5.0,7.5,52.0
4014.10.00,40,4014,Sheath Contraceptives Of Rubber,,0.0,0.0,0.0,0.0,5.0,7.5,12.5
4014.90.00,40,4014,"Hygienic Or Pharmaceutical Articles Of Vulcanized Rubber, Nes",,5.0,0.0,0.0,15.0,5.0,7.5,33.63
4015.12.00,40,4015,"Gloves, mitteens..Of a kind used for medical, surgical, dental or veterinary purposes",,10.0,0.0,0.0,15.0,5.0,7.5,39.75
4015.19.00,40,4015,Gloves Of Vulcanized Rubber (Excl. Surgical Gloves),,25.0,3.0,0.0,15.0,5.0,7.5,61.8
4015.90.00,40,4015,"Articles Of Apparel And Clothing Accessories Of Vulcanized Rubber, Nes",,10.0,0.0,0.0,15.0,5.0,7.5,39.75
4016.10.00,40,4016,Articles Of Vulcanized Cellular Rubber,,25.0,3.0,0.0,15.0,5.0,7.5,61.8
4016.91.00,40,4016,"Floor Coverings And Mats Of Vulcanized Rubber, Non-Cellular",,25.0,3.0,20.0,15.0,5.0,7.5,93.16
4016.92.00,40,4016,"Erasers, Of Vulcanized Rubber",,25.0,3.0,0.0,15.0,5.0,7.5,61.8
4016.93.00,40,4016,"Gaskets, Washers And Other Seals, Of Vulcanized Rubber",,5.0,0.0,0.0,15.0,5.0,7.5,33.63
4016.94.00,40,4016,"Boat Or Dock Fenders, Of Vulcanized Rubber",,5.0,0.0,0.0,15.0,5.0,7.5,33.63
4016.95.00,40,4016,"Inflatable Articles, Of Vulcanized Rubber, Nes",,25.0,3.0,0.0,15.0,5.0,7.5,61.8
4016.99.10,40,4016,"ARTICLES OF VULCANIZED RUBBER, RUBBER CO /APRON",,5.0,0.0,0.0,15.0,5.0,7.5,33.63
4016.99.20,40,4016,Rubber bearing,,5.0,0.0,0.0,0.0,5.0,7.5,17.88
4016.99.90,40,4016,"ARTICLES OF VULCANIZED RUBBER,NES EX.RUBBER COT/APRON",,5.0,20.0,0.0,15.0,5.0,7.5,58.13
4101.50.00,41,4101,"WHOLE HIDES AND SKINS, OF A WEIGHT EXCEEDING 16KG",,5.0,0.0,0.0,0.0,5.0,0.0,10.0
4101.90.00,41,4101,"OTHER, INCLUDING BUTTS, BENDS AND BELLIES",,5.0,0.0,0.0,0.0,5.0,0.0,10.0
4102.10.00,41,4102,"Raw Skins Of Sheep Or Lambs, With Wool On",,5.0,0.0,0.0,0.0,2.0,0.0,7.0
4102.21.00,41,4102,"Raw Pickled Skins Of Sheep Or Lambs, Without Wool, Not Tanned",,5.0,0.0,0.0,0.0,2.0,0.0,7.0
4102.29.00,41,4102,"Raw Skins Of Sheep Or Lambs, Without Wool, Not Pickled, Not Tanned",,5.0,0.0,0.0,0.0,2.0,0.0,7.0
4103.20.00,41,4103,"Raw Hides And Skins Of Reptiles, Fresh Or Preserved, Not Tanned",,5.0,0.0,0.0,0.0,2.0,0.0,7.0
4103.30.00,41,4103,OF SWINE,,5.0,0.0,0.0,0.0,5.0,0.0,10.0
4103.90.00,41,4103,"Other Raw Hides And Skins, Fresh Or Preserved, Not Tanned, Nes",,5.0,0.0,0.0,0.0,2.0,0.0,7.0
4104.11.10,41,4104,"Tanned or...,in the wet state (including wet-blue) full grains,.......Split leather",,5.0,0.0,0.0,0.0,5.0,7.5,17.88
4104.11.90,41,4104,"Tanned or...,in the wet state (inclu wet-blue) full grains, .....excl. Split leather",,5.0,0.0,0.0,0.0,5.0,7.5,17.88
4104.19.10,41,4104,"Tanned..wet-blue other than full grains unsplit, grain splits , split leather",,5.0,0.0,0.0,0.0,5.0,7.5,17.88
4104.19.90,41,4104,"Tanned..wet-blue other than full grains unsplit, grain splits , excl split leather",,5.0,0.0,0.0,0.0,5.0,7.5,17.88
4104.41.10,41,4104,Tanned or crust hieds. in the dry state full grains..Split leather,,5.0,0.0,0.0,0.0,5.0,7.5,17.88
4104.41.90,41,4104,Tanned or crust hieds. in the dry state full grains..Excl Split leather,,5.0,0.0,0.0,0.0,5.0,7.5,17.88
4104.49.10,41,4104,"Tanned or crust. in the dry state other than full grains...,Split leather",,5.0,0.0,0.0,0.0,5.0,7.5,17.88
4104.49.90,41,4104,"Tanned or crust. in the dry state other than full grains..., Excl Split leather",,5.0,0.0,0.0,0.0,5.0,7.5,17.88
4105.10.00,41,4105,IN THE WET STATE (INCL. WET-BLUE),,5.0,0.0,0.0,0.0,5.0,7.5,17.88
4105.30.00,41,4105,IN THE DRY STATE (CRUST),,5.0,0.0,0.0,0.0,5.0,7.5,17.88
4106.21.10,41,4106,"without hair, Split leather In the wet state of goats or kids",,5.0,0.0,0.0,0.0,5.0,7.5,17.88
4106.21.90,41,4106,"without hair, Excl Split leather In the wet state of goats or kids",,5.0,0.0,0.0,0.0,5.0,7.5,17.88
4106.22.10,41,4106,Split leather In the dry state (crust) of goats or kids,,5.0,0.0,0.0,0.0,5.0,7.5,17.88
4106.22.90,41,4106,Excl Split leather In the dry state (crust) of goats or kids,,5.0,0.0,0.0,0.0,5.0,7.5,17.88
4106.31.00,41,4106,"OF SWINE, IN THE WET STATE (INCL. WET-BLUE)",,5.0,0.0,0.0,0.0,5.0,7.5,17.88
4106.32.00,41,4106,"OF SWINE, IN THE DRY STATE (CRUST)",,5.0,0.0,0.0,0.0,5.0,7.5,17.88
4106.40.00,41,4106,"OF SWINE, OF REPTILES",,5.0,0.0,0.0,0.0,5.0,7.5,17.88
4106.91.00,41,4106,IN THE WET STATE (INCL. WET-BLUE),,5.0,0.0,0.0,0.0,5.0,7.5,17.88
4106.92.00,41,4106,IN THE DRY STATE (CRUST),,5.0,0.0,0.0,0.0,5.0,7.5,17.88
4107.11.00,41,4107,"WHOLE HIDES AND SKINS,FULL GRAIN,UNSPLIT",,5.0,0.0,0.0,15.0,5.0,7.5,33.63
4107.12.00,41,4107,"WHO;E HIDES AND SKINS, GRAIN SPLITS",,5.0,0.0,0.0,15.0,5.0,7.5,33.63
4107.19.00,41,4107,"WHOLE HIDES AND SKINS, NES",,5.0,0.0,0.0,15.0,5.0,7.5,33.63
4107.91.00,41,4107,"OTHER INCL. SIDES,FULL GRAINS,INSPLIT",,5.0,0.0,0.0,15.0,5.0,7.5,33.63
4107.92.00,41,4107,"OTHER, INCLUDING SIDES, GRAIN SPLITS",,5.0,0.0,0.0,15.0,5.0,7.5,33.63
4107.99.00,41,4107,"OTHER,INCLUDING SIDES,NES",,5.0,0.0,0.0,15.0,5.0,7.5,33.63
4113.10.00,41,4113,OF GOATS OR KIDS,,5.0,0.0,0.0,15.0,5.0,7.5,33.63
4113.20.00,41,4113,OF SWINE,,5.0,0.0,0.0,15.0,5.0,7.5,33.63
4113.30.00,41,4113,OF REPTILES,,5.0,0.0,0.0,15.0,5.0,7.5,33.63
4114.10.00,41,4114,CHAMOIS(INCL.COMBINATION CHAMOIS)LEATHER,,5.0,0.0,0.0,15.0,5.0,7.5,33.63
4114.20.00,41,4114,PATENT LEATHER & PATENT LAMINATED LEATHER;METALLISED LEATHER,,5.0,0.0,0.0,15.0,5.0,7.5,33.63
4115.10.00,41,4115,"COMPOSITION LEATHER WITH A BASIS OF LEAHTER OR LEATHER FIBR,IN SLABS...",,5.0,0.0,0.0,15.0,5.0,7.5,33.63
4201.00.00,42,4201,"Saddlery And Harness For Any Animal, Of Any Material",,25.0,3.0,0.0,15.0,5.0,7.5,61.8
4202.11.00,42,4202,"Trunks, Suit-Cases..., Etc, With Outer Surface Of Leather,Or Of composition leather",,25.0,3.0,20.0,15.0,5.0,7.5,93.16
4202.12.00,42,4202,"Trunks, Suit-Cases..., Etc, With Outer Surface Of Plastic Or Textiles",,25.0,3.0,20.0,15.0,5.0,7.5,93.16
4202.19.00,42,4202,"Trunks, Suit-Cases..., Etc, Nes",,25.0,3.0,20.0,15.0,5.0,7.5,93.16
4202.21.00,42,4202,"Handbags With Outer Surface Of Leather, Or Composition Leather",,25.0,3.0,20.0,15.0,5.0,7.5,93.16
4202.22.00,42,4202,Handbags with outer.. with outer surface of sheeting of plastics or of tex.. material,,25.0,3.0,20.0,15.0,5.0,7.5,93.16
4202.29.00,42,4202,"Handbags, Nes",,25.0,3.0,20.0,15.0,5.0,7.5,93.16
4202.31.00,42,4202,With outer surface of leather or of composition leather,,25.0,3.0,20.0,15.0,5.0,7.5,93.16
4202.32.00,42,4202,Articles.... in pocket or handbag.. With outer surface of sheeting of plastics or....,,25.0,3.0,20.0,15.0,5.0,7.5,93.16
4202.39.00,42,4202,"Articles Normally Carried In Pocket Or Handbag, Nes",,25.0,3.0,20.0,15.0,5.0,7.5,93.16
4202.91.00,42,4202,With Outer Surface Of Leather or of composition leather,,25.0,3.0,20.0,15.0,5.0,7.5,93.16
4202.92.00,42,4202,With outer surface of sheeting of plastics or of textile materials,,25.0,3.0,20.0,15.0,5.0,7.5,93.16
4202.99.00,42,4202,"Cases And Containers, Nes, With Outer Surface Of Other Materials, Nes",,25.0,3.0,20.0,15.0,5.0,7.5,93.16
4203.10.00,42,4203,Articles Of Apparel Of Leather Or Of Composite Leather,,25.0,3.0,0.0,15.0,5.0,7.5,61.8
4203.21.00,42,4203,"Gloves,Mittens & Mitts For Use In Sports,Of Leather Or Of Composite Leathr",,10.0,0.0,0.0,15.0,5.0,7.5,39.75
4203.29.00,42,4203,"Gloves, Mittens And Mitts Nes, Of Leather Excl. For Sports",,10.0,0.0,0.0,15.0,5.0,7.5,39.75
4203.30.00,42,4203,Belts And Bandoliers Of Leather Or Of Composition Leather,,25.0,3.0,20.0,15.0,5.0,7.5,93.16
4203.40.00,42,4203,OTHER CLOTHING ACCESSORIES,,25.0,3.0,20.0,15.0,5.0,7.5,93.16
4205.00.10,42,4205,Of a kind used in machinery or mechanical appliances or for other technical uses.,,1.0,0.0,0.0,15.0,5.0,7.5,28.73
4205.00.90,42,4205,"Other articles of leather or of composition leather, NES",,10.0,0.0,0.0,15.0,5.0,7.5,39.75
4206.00.10,42,4206,Catgut,,1.0,0.0,0.0,15.0,5.0,7.5,28.73
4206.00.90,42,4206,"Articles of gut (excl. silk-worm), goldbeater's skin, bladders, nes",,10.0,0.0,0.0,15.0,5.0,7.5,39.75
4301.10.00,43,4301,"Raw Furskins Of Mink,Whole, With Or Without Head, Tail Or Paws",,25.0,3.0,0.0,0.0,5.0,0.0,33.0
4301.30.00,43,4301,"Raw Furskins Of Specified Types Of Lamb,Whole With/Without Head,Tail/Paws",,25.0,3.0,0.0,0.0,5.0,0.0,33.0
4301.60.00,43,4301,"Raw Furskins Of Fox, Whole With Or Without Head, Tail Or Paws",,25.0,3.0,0.0,0.0,5.0,0.0,33.0
4301.80.00,43,4301,"Raw Furskins, Nes With Or Without Lead, Lait Or Paws",,25.0,3.0,0.0,0.0,5.0,0.0,33.0
4301.90.00,43,4301,"Heads,Tails,Paws&Other Pieces Or Cuttings Suitable For Furriers Use",,25.0,3.0,0.0,0.0,5.0,0.0,33.0
4302.11.00,43,4302,"Tanned Or Dressed Whole Skins Of Mink, Not Assembled",,10.0,0.0,0.0,15.0,5.0,7.5,39.75
4302.19.00,43,4302,"Tanned Or Dressed Whole Furskins, Nes, Not Assembled",,10.0,0.0,0.0,15.0,5.0,7.5,39.75
4302.20.00,43,4302,"Tanned Or Dressed Heads,Tails,Paws & Oth. Pieces,Of Furskins Not Assembled",,10.0,0.0,0.0,15.0,5.0,7.5,39.75
4302.30.00,43,4302,"Tanned Or Dressed Whole Furskins & Oth.Pieces Thereof Or Cuttings,Assemble",,10.0,0.0,0.0,15.0,5.0,7.5,39.75
4303.10.00,43,4303,Articles Of Apparel And Clothing Accessories Of Furskins,,25.0,3.0,0.0,15.0,5.0,7.5,61.8
4303.90.00,43,4303,"Articles Of Furskin, Nes",,25.0,3.0,0.0,15.0,5.0,7.5,61.8
4304.00.00,43,4304,Artificial Fur And Articles Thereof,,25.0,3.0,0.0,15.0,5.0,7.5,61.8
4401.11.00,44,4401,"Fuel wood, in logs, in billets, in twigs, in faggots or in similar forms..Coniferous",,5.0,0.0,0.0,15.0,5.0,7.5,33.63
4401.12.00,44,4401,"Fuel wood, in logs, in billets, in twigs, in faggots or sim. forms... Non-coniferous",,5.0,0.0,0.0,15.0,5.0,7.5,33.63
4401.21.00,44,4401,Coniferous Wood In Chips Or Particles,,5.0,0.0,0.0,15.0,5.0,7.5,33.63
4401.22.00,44,4401,Non-Coniferous Wood In Chips Or Particles,,5.0,0.0,0.0,15.0,5.0,7.5,33.63
4401.31.00,44,4401,Wood pellets,,5.0,0.0,0.0,0.0,5.0,0.0,10.0
4401.32.00,44,4401,"Sawdust and wood, Wood briquettes",,5.0,0.0,0.0,15.0,5.0,7.5,33.63
4401.39.00,44,4401,Sawdust and wood waste and scrap Other than Wood pellets,,5.0,0.0,0.0,0.0,5.0,0.0,10.0
4401.41.00,44,4401,"Sawdust and wood waste and scrap, not agglomerated, Sawdust",,5.0,0.0,0.0,15.0,5.0,7.5,33.63
4401.49.00,44,4401,"Sawdust and wood waste and scrap, not agglomerated : Excluding Sawdust",,5.0,0.0,0.0,15.0,5.0,7.5,33.63
4402.10.00,44,4402,"Wood charcoal (including shell or nut charcoal), whether or not agglomerated o",,5.0,0.0,0.0,15.0,5.0,7.5,33.63
4402.20.00,44,4402,Wood charcoal ( including sheell or nut char..) ....Of shell or nut,,25.0,3.0,0.0,15.0,5.0,7.5,61.8
4402.90.10,44,4402,Charcoal and Wood Powder based Coil Compound,,25.0,3.0,0.0,15.0,5.0,7.5,61.8
4402.90.90,44,4402,"Wood charcoal (including shell or nut charcoal), whether or not agglomerated E",,25.0,3.0,0.0,15.0,5.0,7.5,61.8
4403.11.00,44,4403,"Treated with paint, stains, creosote or other preservatives :Coniferous",,10.0,0.0,0.0,0.0,5.0,0.0,15.0
4403.12.00,44,4403,"Treated with paint,stains,creosote or oth. preservatives:Non-coniferous",,10.0,0.0,0.0,0.0,5.0,0.0,15.0
4403.21.00,44,4403,"Oth.coniferous Of pine(Pinus spp.),of which any cross-sectional dimension is >15 cm",,5.0,0.0,0.0,0.0,5.0,0.0,10.0
4403.22.00,44,4403,"Other, coniferous Of pine (Pinus spp.), other",,5.0,0.0,0.0,0.0,5.0,0.0,10.0
4403.23.00,44,4403,"Other, coniferous Of fir (Abies spp.) and spruce..dimension is 15 cm or more",,5.0,0.0,0.0,0.0,5.0,0.0,10.0
4403.24.00,44,4403,"Other,coniferous Of fir(Abies spp.)and spruce(Picea spp.),other",,5.0,0.0,0.0,0.0,5.0,0.0,10.0
4403.25.00,44,4403,"Other, of which any cross-sectional dimension is>15cm",,5.0,0.0,0.0,0.0,5.0,0.0,10.0
4403.26.00,44,4403,"Other, coniferous",,5.0,0.0,0.0,0.0,5.0,0.0,10.0
4403.41.00,44,4403,"Dark Red Meranti, Light Red Meranti And Meranti Bakau Wood In The Rough",,5.0,0.0,0.0,0.0,5.0,0.0,10.0
4403.42.00,44,4403,"Other, of tropical wood: Teak",,5.0,0.0,0.0,15.0,5.0,7.5,33.63
4403.49.00,44,4403,"Other Tropical Wood Spec'D In Subhd Note 1 To Ch40,In The Rough,Exc.440341",,5.0,0.0,0.0,0.0,5.0,0.0,10.0
4403.91.00,44,4403,"Oak Wood (Quercus Spp.) In The Rough, (Excl. Treated)",,5.0,0.0,0.0,0.0,5.0,0.0,10.0
4403.93.00,44,4403,Of beech(Fagus spp.)of which any cross-sectional dim. Is>15cm,,5.0,0.0,0.0,0.0,5.0,0.0,10.0
4403.94.00,44,4403,"Wood in the rough...Of beech (Fagus spp.), other",,5.0,0.0,0.0,0.0,5.0,0.0,10.0
4403.95.00,44,4403,"Of birch(Betula spp.), of which any cross-sectional dim. is>15cm",,5.0,0.0,0.0,0.0,5.0,0.0,10.0
4403.96.00,44,4403,"Wood in the rough...Of birch (Betula spp),Other",,5.0,0.0,0.0,0.0,5.0,0.0,10.0
4403.97.00,44,4403,"Wood in the rough, whether or not stripped of bark.Of poplar and aspen (Populas spp.)",,5.0,0.0,0.0,0.0,5.0,0.0,10.0
4403.98.00,44,4403,"Wood in the rough, whether or not stripped of bark..of Cucalyptus(Eucalyptus spp.)",,5.0,0.0,0.0,0.0,5.0,0.0,10.0
4403.99.00,44,4403,"Wood, Nes In The Rough..., (Excl. Treated)",,5.0,0.0,0.0,0.0,5.0,0.0,10.0
4404.10.00,44,4404,"Coniferous Hoopwood; Split Poles, Etc; Wooden Sticks, Etc; Chipwood",,5.0,0.0,0.0,0.0,5.0,7.5,17.88
4404.20.00,44,4404,"Non-Coniferous Hoopwood; Split Poles, Etc; Wooden Sticks, Etc; Chipwood",,5.0,0.0,0.0,0.0,5.0,7.5,17.88
4405.00.00,44,4405,Wood Wool; Wood Flour,,5.0,0.0,0.0,15.0,5.0,7.5,33.63
4406.11.00,44,4406,Railway or tramway sleepers (cross-ties) of wood Not impregnated Coniferous,,5.0,0.0,0.0,15.0,5.0,7.5,33.63
4406.12.00,44,4406,Railway or tramway sleepers (cross-ties) of wood Not imp.Non-coniferous,,5.0,0.0,0.0,15.0,5.0,7.5,33.63
4406.91.00,44,4406,Railway or tramway sleepers (cross-ties) of wood Not imp.Coniferous,,5.0,0.0,0.0,15.0,5.0,7.5,33.63
4406.92.00,44,4406,Railway or tramway sleepers (cross-ties) of wood.. Not-coniferous,,5.0,0.0,0.0,15.0,5.0,7.5,33.63
4407.11.00,44,4407,"Wood sawn or chipped length., sliced -- of a thick. exc. 6 mm Con.Of pine (Pinus spp)",,5.0,0.0,0.0,15.0,5.0,7.5,33.63
4407.12.00,44,4407,"Wood sawn or chipped lengthwise, sliced -- of fir(Abies spp) and spruce (Picea spp)",,5.0,0.0,0.0,15.0,5.0,7.5,33.63
4407.13.00,44,4407,"Coniferous, Of S-P-F (spruce (Picea spp.), pine (Pinus spp.) and fir (Abies spp.))",,5.0,0.0,0.0,15.0,5.0,7.5,33.63
4407.14.00,44,4407,"Coniferous, Of Hem-fir (Western hemlock (Tsuga heterophylla) and fir (Abies spp.))",,5.0,0.0,0.0,15.0,5.0,7.5,33.63
4407.19.00,44,4407,"Wood sawn or chipped lengthwise, slic -- of a thickness exce 6 mm. Coniferous Other",,5.0,0.0,0.0,15.0,5.0,7.5,33.63
4407.21.00,44,4407,Mahogany (Swietenia spp.),,5.0,0.0,0.0,15.0,5.0,7.5,33.63
4407.22.00,44,4407,"Virola, Imbuia and Balsa",,5.0,0.0,0.0,15.0,5.0,7.5,33.63
4407.23.00,44,4407,Wood sawn or chipped lengthwise of tropical wood Teak,,5.0,0.0,0.0,15.0,5.0,7.5,33.63
4407.25.00,44,4407,"Tropical Wood Of Dark Red Meranti, Light Red Meranti & Meranti Bakau",,5.0,0.0,0.0,15.0,5.0,7.5,33.63
4407.26.00,44,4407,"Tropical Wood Of White Lauan,White Meranti,White Seraya,Yellow Meranti & Alan",,5.0,0.0,0.0,15.0,5.0,7.5,33.63
4407.27.00,44,4407,Sapelli,,5.0,0.0,0.0,15.0,5.0,7.5,33.63
4407.28.00,44,4407,Iroko,,5.0,0.0,0.0,15.0,5.0,7.5,33.63
4407.29.00,44,4407,Other Tropical Wood not specified in Subheading Note 2,,5.0,0.0,0.0,0.0,5.0,7.5,17.88
4407.91.00,44,4407,Oak Wood (Quercus Spp.) Sawn/Chipped Lengthwise Sliced Or Peeled >6m Thick,,5.0,0.0,0.0,15.0,5.0,7.5,33.63
4407.92.00,44,4407,Beech Wood (Fagus Spp.) Sawn/Chipped Lengthwise Sliced Or Peeled >6m Thick,,5.0,0.0,0.0,0.0,5.0,7.5,17.88
4407.93.00,44,4407,"Wood sawn or chipped lengthwise, sliced or peeled,..exceeding 6 mm. Of maple (",,5.0,0.0,0.0,15.0,5.0,7.5,33.63
4407.94.00,44,4407,"Wood sawn or chipped lengthwise, sliced or peeled,..exceeding 6 mm.Of cherry (",,5.0,0.0,0.0,15.0,5.0,7.5,33.63
4407.95.00,44,4407,"Wood sawn or chipped lengthwise, sliced or peeled,..exceeding 6 mm. Of ash (Fr",,5.0,0.0,0.0,15.0,5.0,7.5,33.63
4407.96.00,44,4407,Wood sawn or chipped lengt -- of a thickness ...Of birch (Betula spp.),,5.0,0.0,0.0,15.0,5.0,7.5,33.63
4407.97.00,44,4407,Wood sawn ... Of poplar and aspen (Populus spp.),,5.0,0.0,0.0,15.0,5.0,7.5,33.63
4407.99.00,44,4407,"Wood, Nes Sawn Or Chipped Lengthwise, Sliced Or Peeled, >6mm Thick",,5.0,0.0,0.0,15.0,5.0,7.5,33.63
4408.10.00,44,4408,"Coniferous Veneer Sheets And Sheets For Plywood, Etc, =<6mm Thick",,10.0,0.0,0.0,15.0,5.0,7.5,39.75
4408.31.00,44,4408,"Dark Red Meranti,Light Red Meranti & Meranti Bakau",,10.0,0.0,0.0,15.0,5.0,7.5,39.75
4408.39.00,44,4408,"Other Trpcl.Wood Specf'd Subhd Note2 to this Chap,execl.Dark Red Meranti..Bakau",,10.0,0.0,0.0,15.0,5.0,7.5,39.75
4408.90.00,44,4408,"Veneer Sheets And Sheets For Plywood Of Other Wood, =<6mm Thick, Nes",,10.0,0.0,0.0,15.0,5.0,7.5,39.75
4409.10.00,44,4409,"Coniferous Wood, Continuously Shaped Along Any Of Its Edges Or Faces",,5.0,0.0,0.0,15.0,5.0,7.5,33.63
4409.21.00,44,4409,Non-coniferous Of bamboo,,5.0,0.0,0.0,15.0,5.0,7.5,33.63
4409.22.00,44,4409,Non-coniferous of tropical wood,,5.0,0.0,0.0,15.0,5.0,7.5,33.63
4409.29.00,44,4409,Non-coniferous Excl. Of bamboo,,5.0,0.0,0.0,15.0,5.0,7.5,33.63
4410.11.00,44,4410,Particle board,,25.0,3.0,20.0,15.0,5.0,7.5,93.16
4410.12.00,44,4410,Oriented standard board (OSB),,25.0,3.0,10.0,15.0,5.0,7.5,77.48
4410.19.00,44,4410,"Particle board, ori. strand board (OSB) and si. board, Exclu.Particle&Oriented",,25.0,3.0,10.0,15.0,5.0,7.5,77.48
4410.90.00,44,4410,"Particle board,ori.strn board (OSB)&simi.board of wood?other organic bin. subst",,25.0,3.0,10.0,15.0,5.0,7.5,77.48
4411.12.00,44,4411,Medium density fiberboard (MDF) of a thickness not exceeding 5 mm,,15.0,0.0,0.0,15.0,5.0,7.5,45.88
4411.13.00,44,4411,Medium density fiberboard (MDF) of a thickness exceeding 5 mm but not exceedin,,15.0,0.0,0.0,15.0,5.0,7.5,45.88
4411.14.00,44,4411,Medium density fiberboard (MDF) of a thickness exceeding 9 mm,,15.0,0.0,0.0,15.0,5.0,7.5,45.88
4411.92.00,44,4411,Fibreboard of wood or other lign.mat.Excl. Med.den. f.board (MDF)of a den.exce,,25.0,3.0,10.0,15.0,5.0,7.5,77.48
4411.93.00,44,4411,F.board of wood or other .mat. Excl.Med.den. F.board (MDF)of a den.>0.5 g/cm3,,25.0,3.0,10.0,15.0,5.0,7.5,77.48
4411.94.00,44,4411,F.board of wood or other .mat. Excl.Med.den. F.board (MDF)of a den.<0.5 g/cm3,,25.0,3.0,10.0,15.0,5.0,7.5,77.48
4412.10.00,44,4412,"Plywood, veneered panels and similar laminated wood of bamboo",,25.0,3.0,10.0,15.0,5.0,7.5,77.48
4412.31.00,44,4412,"Oth plywood cons. solely of sheets of wood (not bamboo),...not exceeding 6 mm thickne",,25.0,3.0,10.0,15.0,5.0,7.5,77.48
4412.33.00,44,4412,"Other, with at leat one outer ply ..... tulipwood or walnut",,25.0,3.0,10.0,15.0,5.0,7.5,77.48
4412.39.00,44,4412,"Other, with both outer plies of coniferous wood",,25.0,3.0,10.0,15.0,5.0,7.5,77.48
4412.41.00,44,4412,"Laminated veneered lumber (LVL) : , With at least one outer ply of tropical wood",,25.0,3.0,10.0,15.0,5.0,7.5,77.48
4412.42.00,44,4412,"Laminated veneered lumber: Other, with at least one outer ply of non-coniferous wood",,25.0,3.0,10.0,15.0,5.0,7.5,77.48
4412.49.00,44,4412,"Laminated veneered lumber (LVL) : Other, with both outer plies of coniferous wood",,25.0,3.0,10.0,15.0,5.0,7.5,77.48
4412.51.00,44,4412,"Blockboard, laminboard and battenboard, With at least one outer ply of tropical wood",,25.0,3.0,10.0,15.0,5.0,7.5,77.48
4412.52.00,44,4412,"Blockboard, laminboard and..Other, with at least one outer ply of non-coniferous wood",,25.0,3.0,10.0,15.0,5.0,7.5,77.48
4412.59.00,44,4412,"Blockboard, laminboard and battenboa..Other, with both outer plies of coniferous wood",,25.0,3.0,10.0,15.0,5.0,7.5,77.48
4412.91.00,44,4412,"Other, With at least one outer ply of tropical wood",,25.0,3.0,10.0,15.0,5.0,7.5,77.48
4412.92.00,44,4412,"Other, with at least one outer ply of non-coniferous wood",,25.0,3.0,10.0,15.0,5.0,7.5,77.48
4412.99.00,44,4412,"Plywood, veneered panels and similar laminated wood, nes",,25.0,3.0,10.0,15.0,5.0,7.5,77.48
4413.00.10,44,4413,Wooden Ribs Of 25.4 Cm X 0.29 Cm X 0.32 Cm Size,,10.0,0.0,0.0,15.0,5.0,7.5,39.75
4413.00.21,44,4413,"Seasoned Bchwod.For The Mnfc.Of Bobbins,Shtles...Spare Or Accesories",,5.0,0.0,0.0,15.0,5.0,7.5,33.63
4413.00.29,44,4413,"Treated Wood,Nes",,10.0,0.0,0.0,15.0,5.0,7.5,39.75
4413.00.90,44,4413,"Other Densified Wood In Blocks, Plates Strips Or Profile Shapes",,10.0,0.0,0.0,15.0,5.0,7.5,39.75
4414.10.00,44,4414,"Wooden frames for paintings, photographs, mirrors or similar .... Of tropical wood",,10.0,0.0,0.0,15.0,5.0,7.5,39.75
4414.90.00,44,4414,"Wooden frames for paintings, photographs, mirrors or.... Excluding Of tropical wood",,10.0,0.0,0.0,15.0,5.0,7.5,39.75
4415.10.00,44,4415,"CASES,BOXES,CRATES,DRUMS AND SIMILAR PACKING;CABLE-DRUMS",,25.0,3.0,0.0,15.0,5.0,7.5,61.8
4415.20.10,44,4415,Pallet Collars Of Wood,,5.0,0.0,0.0,15.0,5.0,7.5,33.63
4415.20.90,44,4415,"Pallets,Box Pallets&Other Load Boards Of Wood,Excl.Pallet Collars, Nes",,10.0,0.0,0.0,15.0,5.0,7.5,39.75
4416.00.00,44,4416,"Casks, Barrets, Vats, Tubs, Etc, And Parts Thereof, Of Wood",,10.0,0.0,0.0,15.0,5.0,7.5,39.75
4417.00.00,44,4417,"Tools, tool bodies, tool handles, broom or brush bodies.lasts and trees, of wood.",,5.0,0.0,0.0,15.0,5.0,7.5,33.63
4418.11.00,44,4418,"Windows, French-windows and their frames : Of tropical wood",,25.0,3.0,10.0,15.0,5.0,7.5,77.48
4418.19.00,44,4418,"Windows, French-windows and their frames : excluding Of tropical wood",,25.0,3.0,10.0,15.0,5.0,7.5,77.48
4418.21.00,44,4418,Doors and their frames and thresholds : Of tropical wood,,25.0,3.0,10.0,15.0,5.0,7.5,77.48
4418.29.00,44,4418,Doors and their frames and thresholds : excluding Of tropical wood,,25.0,3.0,10.0,15.0,5.0,7.5,77.48
4418.30.00,44,4418,Posts and beams other than products of subheadings 4418.81 to 4418.89,,25.0,3.0,10.0,15.0,5.0,7.5,77.48
4418.40.00,44,4418,"Shuttering Forconcrete Constructional Work, Of Wood",,25.0,3.0,10.0,15.0,5.0,7.5,77.48
4418.50.00,44,4418,"Shingles And Shakes, Of Wood",,25.0,3.0,10.0,15.0,5.0,7.5,77.48
4418.73.00,44,4418,Assembled flooring panel of bamboo or with at least the top layer (wear layer)...,,25.0,3.0,10.0,15.0,5.0,7.5,77.48
4418.74.00,44,4418,"Other, for mosaic floors",,25.0,3.0,10.0,15.0,5.0,7.5,77.48
4418.75.00,44,4418,"Other, multilayer",,25.0,3.0,10.0,15.0,5.0,7.5,77.48
4418.79.00,44,4418,"Other Assembled flooring panels, excl. bamboo, mosaic, multilayers",,25.0,3.0,10.0,15.0,5.0,7.5,77.48
4418.81.00,44,4418,Engineered structural timber products : Glue-laminated timber (glulam),,25.0,0.0,10.0,15.0,5.0,7.5,73.44
4418.82.00,44,4418,Engineered structural timber products : Cross-laminated timber (CLT or X-lam),,25.0,0.0,10.0,15.0,5.0,7.5,73.44
4418.83.00,44,4418,Engineered structural timber products : I beams,,25.0,0.0,10.0,15.0,5.0,7.5,73.44
4418.89.00,44,4418,Engineered structural timber products : NES,,25.0,0.0,10.0,15.0,5.0,7.5,73.44
4418.91.00,44,4418,"Other panels of bamboo, not Assembled flooring panels",,25.0,0.0,10.0,15.0,5.0,7.5,73.44
4418.92.00,44,4418,Engineered structural timber products : Cellular wood panels,,25.0,0.0,10.0,15.0,5.0,7.5,73.44
4418.99.00,44,4418,"Other panels, not of bamboo, not Assembled flooring panels",,25.0,3.0,10.0,15.0,5.0,7.5,77.48
4419.11.00,44,4419,"Bread boards, chopping boards and similar boards",,25.0,3.0,0.0,15.0,5.0,7.5,61.8
4419.12.00,44,4419,Chopsticks,,25.0,3.0,0.0,15.0,5.0,7.5,61.8
4419.19.00,44,4419,"Other, excl. Bread boards, chopping boards and similar boards & Chopsticks",,25.0,3.0,0.0,15.0,5.0,7.5,61.8
4419.20.00,44,4419,Tableware and kithcenware of wood Of tropical wood,,25.0,3.0,0.0,15.0,5.0,7.5,61.8
4419.90.00,44,4419,"Other, excl. Bamboo",,25.0,3.0,0.0,15.0,5.0,7.5,61.8
4420.11.00,44,4420,Statuettes and other ornaments : Of tropical wood,,25.0,0.0,20.0,15.0,5.0,7.5,88.75
4420.19.00,44,4420,Statuettes and other ornaments : Excluding Of tropical wood,,25.0,0.0,20.0,15.0,5.0,7.5,88.75
4420.90.00,44,4420,"Wood Marquetry, Inlaid Wood; Caskets & Cases For Jewellery/Cutlery Of Wood",,10.0,0.0,0.0,15.0,5.0,7.5,39.75
4421.10.00,44,4421,Clothes Hangers Of Wood,,10.0,0.0,0.0,15.0,5.0,7.5,39.75
4421.20.00,44,4421,Statuettes and other ornaments : Coffins,,25.0,3.0,0.0,15.0,5.0,7.5,61.8
4421.91.00,44,4421,Of bamboo,,25.0,3.0,0.0,15.0,5.0,7.5,61.8
4421.99.10,44,4421,Other,,5.0,0.0,0.0,15.0,5.0,7.5,33.63
4421.99.20,44,4421,Sliver/spinning can,,1.0,0.0,0.0,15.0,5.0,7.5,28.73
4421.99.90,44,4421,Other,,25.0,3.0,0.0,15.0,5.0,7.5,61.8
4501.10.00,45,4501,"Natural Cork, Raw Or Simply Prepared",,10.0,0.0,0.0,0.0,5.0,0.0,15.0
4501.90.00,45,4501,"Waste Cork; Crushed, Granulated Or Ground Cork",,10.0,0.0,0.0,0.0,5.0,0.0,15.0
4502.00.00,45,4502,"Natural Cork, Debacked Or Roughly Squared..., Etc",,10.0,0.0,0.0,15.0,5.0,7.5,39.75
4503.10.00,45,4503,CORKS AND STOPPERS,,10.0,0.0,0.0,15.0,5.0,7.5,39.75
4503.90.00,45,4503,"Articles Of Natural Cork, Nes",,10.0,0.0,0.0,15.0,5.0,7.5,39.75
4504.10.00,45,4504,"Blocks..., Tiles Of Any Shape, Solid Cylinders, Of Agglomerated Cork",,10.0,0.0,0.0,15.0,5.0,7.5,39.75
4601.21.00,46,4601,"Mats, matting and screens of vegetable materials Of bamboo",,10.0,0.0,0.0,15.0,5.0,7.5,39.75
4601.22.00,46,4601,"Mats, matting and screens of vegetable materials Of rattan",,10.0,0.0,0.0,15.0,5.0,7.5,39.75
4601.29.00,46,4601,"Mats, matting and screens of vegetable materials, Excl. materials of bamboo &",,10.0,0.0,0.0,15.0,5.0,7.5,39.75
4601.92.00,46,4601,"Mats, matting and screens of vegetable materials, NES Of bamboo",,10.0,0.0,0.0,15.0,5.0,7.5,39.75
4601.93.00,46,4601,"Mats, matting and screens of vegetable materials, NES Of rattan",,10.0,0.0,0.0,15.0,5.0,7.5,39.75
4601.94.00,46,4601,"Mats, matting and screens of vegetable materials NES Of other vegetable materi",,10.0,0.0,0.0,15.0,5.0,7.5,39.75
4602.11.00,46,4602,"Basketwork, wickerwork and other articles?Of vegetable materials Of bamboo",,10.0,0.0,0.0,15.0,5.0,7.5,39.75
4602.12.00,46,4602,"Basketwork, wickerwork and other articles?Of vegetable materials Of rattan",,10.0,0.0,0.0,15.0,5.0,7.5,39.75
4602.19.00,46,4602,"Basketwork, wickerwork and other articles?Of vegetable materials Excl. bamboo",,10.0,0.0,0.0,15.0,5.0,7.5,39.75
4602.90.00,46,4602,Articles Of Plaiting Materials (Excl. Of Vegetable Material),,10.0,0.0,0.0,15.0,5.0,7.5,39.75
4701.00.00,47,4701,Mechanical Wood Pulp,,0.0,0.0,0.0,15.0,2.0,7.5,24.5
4702.00.00,47,4702,"Chemical Wood Pulp, Dissolving Grades",,0.0,0.0,0.0,15.0,2.0,7.5,24.5
4703.11.00,47,4703,"Unbleached Coniferous Chemical Wood Pulp, Soda Or Sulphate, Nes",,0.0,0.0,0.0,15.0,2.0,7.5,24.5
4703.19.00,47,4703,"Unbleached Non-Coniferous Chemical Wood Pulp, Soda Or Sulphate, Nes",,0.0,0.0,0.0,15.0,2.0,7.5,24.5
4703.21.00,47,4703,"Semi-Bleached Or Bleached Coniferous Chemical Wood Pulp, Soda..., Nes",,0.0,0.0,0.0,15.0,2.0,7.5,24.5
4703.29.00,47,4703,"Semi- Or Bleached Non-Coniferous Chemical Wood Pulp, Soda..., Nes",,0.0,0.0,0.0,15.0,2.0,7.5,24.5
4704.11.00,47,4704,"Unbleached Coniferous Chemical Wood Pulp, Sulphite, Nes",,0.0,0.0,0.0,15.0,2.0,7.5,24.5
4704.19.00,47,4704,"Unbleached Non-Coniferous Chemical Wood Pulp, Sulphite, Nes",,0.0,0.0,0.0,15.0,2.0,7.5,24.5
4704.21.00,47,4704,"Semi-Bleached Or Bleached Coniferous Chemical Wood Pulp, Sulphite, Nes",,0.0,0.0,0.0,15.0,2.0,7.5,24.5
4704.29.00,47,4704,"Semi- Or Bleached Non-Coniferous Chemical Wood Pulp, Sulphite, Nes",,0.0,0.0,0.0,15.0,2.0,7.5,24.5
4705.00.00,47,4705,Semi-Chemical Wood Pulp,,0.0,0.0,0.0,15.0,2.0,7.5,24.5
4706.10.00,47,4706,Cotton Linters Pulp,,0.0,0.0,0.0,15.0,2.0,7.5,24.5
4706.20.00,47,4706,Pulps Of Fibres Derived From Recovered (Waste And Scrap) Paper/Paperboard,,0.0,0.0,0.0,15.0,2.0,7.5,24.5
4706.30.00,47,4706,"Pulps of fibres derived from recovered (waste and scrap) paper or ?. Other, of",,0.0,0.0,0.0,15.0,2.0,7.5,24.5
4706.91.00,47,4706,Mechanical Pulp Of Fibrous Cellulosic Material (Excl. Wood)Nes,,0.0,0.0,0.0,15.0,2.0,7.5,24.5
4706.92.00,47,4706,Chemical Pulp Of Fibrous Cellulosic Material (Excl. Wood)Nes,,0.0,0.0,0.0,15.0,2.0,7.5,24.5
4706.93.00,47,4706,Obtained by a combination of mechanical & chemical processes,,0.0,0.0,0.0,15.0,2.0,7.5,24.5
4707.10.00,47,4707,"Recovered (Waste/Scrap) Unbleached Kraft Paper,Paperboard, Of...Paperboard",,0.0,0.0,0.0,15.0,2.0,7.5,24.5
4707.20.00,47,4707,Recovered (Waste/Scrap) Other Paper/Paperboard Of Bleached Chemical Pulp,,0.0,0.0,0.0,15.0,2.0,7.5,24.5
4707.30.00,47,4707,"Paper or paperboard made mainly ...newspapers, journals and similar printed matter):",,0.0,0.0,0.0,15.0,2.0,7.5,24.5
4707.90.00,47,4707,"Recovered (Waste And Scrap) Paper Or Paperboard, Nes",,0.0,0.0,0.0,15.0,2.0,7.5,24.5
4801.00.00,48,4801,"Newsprint, In Rolls Or Sheets",,25.0,3.0,0.0,15.0,5.0,7.5,61.8
4802.10.00,48,4802,Hand-Made Paper And Paperboard,,25.0,3.0,0.0,15.0,5.0,7.5,61.8
4802.20.00,48,4802,Paper And Paperboard As A Base For Photo-Sensitive... Paper,,25.0,3.0,0.0,15.0,5.0,7.5,61.8
4802.40.00,48,4802,"Wallpaper Base,Uncoated,In Rolls Or Sheets(Ex.For Newspaper & Periodicals)",,25.0,3.0,0.0,15.0,5.0,7.5,61.8
4802.54.00,48,4802,Weighing less than 40 g/m²,,25.0,3.0,10.0,15.0,5.0,7.5,77.48
4802.55.10,48,4802,ECG and ultrasonogram recording paper,,10.0,0.0,0.0,15.0,5.0,7.5,39.75
4802.55.90,48,4802,Other Paper EXCL.ECG and ultrasonogram recording paper,,25.0,3.0,0.0,15.0,5.0,7.5,61.8
4802.56.00,48,4802,"OTHER PAPER OR PAPERBOARD, NOT CONTAINING...,WEIGHING 40 G/M2 OR MORE...",,25.0,3.0,0.0,15.0,5.0,7.5,61.8
4802.57.00,48,4802,"OTHER,WEIGHING 40 G/M2 OR MORE BUT NOT MORE THAN 150G/M2",,25.0,3.0,0.0,15.0,5.0,7.5,61.8
4802.58.00,48,4802,WEIGHING MORE THAN 150G/M2,,25.0,3.0,0.0,15.0,5.0,7.5,61.8
4802.62.00,48,4802,IN SHEETS WITH ONE SIDE <435MM AND OTH SIDE <297MM IN THE UNFOLDED STATE,,25.0,3.0,0.0,15.0,5.0,7.5,61.8
4802.69.00,48,4802,"OTH. PAPER & PAPER BOARD, IN ROLL, NES",,25.0,3.0,0.0,15.0,5.0,7.5,61.8
4803.00.00,48,4803,"Toilet,Facial Tissue,Towel,Napkin Stock & Similar Paper, In Rolls Or Sheet",,25.0,0.0,0.0,15.0,5.0,7.5,58.13
4804.11.00,48,4804,"Unbleached Kraftliner, Uncoated Paper & Paperboard In Rolls Or Sheets",,10.0,0.0,0.0,15.0,5.0,7.5,39.75
4804.19.00,48,4804,"Kraftliner,Uncoated(Excl.Unbleached),Paper & Paperboard,In Rolls Or Sheets",,25.0,3.0,0.0,15.0,5.0,7.5,61.8
4804.21.10,48,4804,"Clue Pack Extensible Sack Craft Paper(Weig.70,80&110gsm)For Cement Bag Ind",,5.0,0.0,0.0,15.0,5.0,7.5,33.63
4804.21.90,48,4804,"Unbleached Sack Kraft Paper,Uncoated In Rolls Or Sheets, Nes",,10.0,0.0,0.0,15.0,5.0,7.5,39.75
4804.29.00,48,4804,"Sack Kraft Paper (Excl. Unbleached), Uncoated, In Rolls Or Sheets",,10.0,0.0,0.0,15.0,5.0,7.5,39.75
4804.31.00,48,4804,"Unbleached Kraft Paper..., Weighing =<150g/M2",,10.0,0.0,0.0,15.0,5.0,7.5,39.75
4804.39.00,48,4804,"Kraft Paper... (Excl. Unbleached), Weighing =<150g/M2",,10.0,0.0,0.0,15.0,5.0,7.5,39.75
4804.41.00,48,4804,"Unbleached Kraft Paper..., Weighing >150g/M2 But <225g/M2",,10.0,0.0,0.0,15.0,5.0,7.5,39.75
4804.42.00,48,4804,"Kraft Paper..., Weigh.>150g/M2 But<225g/M2,Bleach Uniformally>95% By Wt...",,10.0,0.0,0.0,15.0,5.0,7.5,39.75
4804.49.00,48,4804,"Kraft Paper..., Weighing >150g/M2 But <225g/M2, Nes",,10.0,0.0,0.0,15.0,5.0,7.5,39.75
4804.51.00,48,4804,"Unbleached Kraft Paper..., Weighing >=225g/M2",,10.0,0.0,0.0,15.0,5.0,7.5,39.75
4804.52.00,48,4804,"Kraft Paper..., Weighing >=225g/M2, Bleached Uniformly, Nes",,10.0,0.0,0.0,15.0,5.0,7.5,39.75
4804.59.00,48,4804,"Kraft Paper..., Weighing >=225g/M2, Nes",,10.0,0.0,0.0,15.0,5.0,7.5,39.75
4805.11.00,48,4805,"FLUTING PAPER, SEMI-CHEMICAL FLUTING PAPER",,10.0,0.0,0.0,15.0,5.0,7.5,39.75
4805.12.00,48,4805,"FLUTING PAPER,STRAW FLUTING PAPER",,10.0,0.0,0.0,15.0,5.0,7.5,39.75
4805.19.00,48,4805,"FLUTING PAPER,NES",,10.0,0.0,0.0,15.0,5.0,7.5,39.75
4805.24.00,48,4805,"TESTLINER(RECYCLED LINER BOARD),WEIGHING 150G/M2 OR LESS",,10.0,0.0,0.0,15.0,5.0,7.5,39.75
4805.25.00,48,4805,TESTLINER(RECYCLED LINER BOARD)WEIGHING MORE THAN 150G/M2,,10.0,0.0,0.0,15.0,5.0,7.5,39.75
4805.30.00,48,4805,"Sulphite Wrapping Paper, Uncoated In Rolls Or Sheets",,10.0,0.0,0.0,15.0,5.0,7.5,39.75
4805.40.00,48,4805,"Filter Paper And Paperboard, Uncoated In Rolls Or Sheets",,10.0,0.0,0.0,15.0,5.0,7.5,39.75
4805.50.00,48,4805,"Felt Paper And Paperboard, Uncoated In Rolls Or Sheets",,10.0,0.0,0.0,15.0,5.0,7.5,39.75
4805.91.10,48,4805,Uncoated paper board,,10.0,0.0,0.0,15.0,5.0,7.5,39.75
4805.91.90,48,4805,"Fluting paper, NES, weighing 150 g/m2 or less",,10.0,0.0,0.0,15.0,5.0,7.5,39.75
4805.92.10,48,4805,Uncoated paper board,,10.0,0.0,0.0,15.0,5.0,7.5,39.75
4805.92.90,48,4805,"Fluting paper, NES weighting more than 150 g/m2 but less than 225 g/m2",,10.0,0.0,0.0,15.0,5.0,7.5,39.75
4805.93.10,48,4805,"Uncoated paper board, Weighing 225 g/m2 or more",,10.0,0.0,0.0,15.0,5.0,7.5,39.75
4805.93.90,48,4805,"Fluting paper, NES weighing 225 g/m2 or more",,10.0,0.0,0.0,15.0,5.0,7.5,39.75
4806.10.00,48,4806,"Vegetable Parchment, In Rolls Or Sheets",,10.0,0.0,0.0,15.0,5.0,7.5,39.75
4806.20.00,48,4806,"Greaseproof Papers, In Rolls Or Sheets",,10.0,0.0,0.0,15.0,5.0,7.5,39.75
4806.30.00,48,4806,"Tracing Papers, In Rolls Or Sheets",,10.0,0.0,0.0,15.0,5.0,7.5,39.75
4806.40.00,48,4806,"Glassine And Other Glazed Transparent Or Translucent Papers, Nes",,10.0,0.0,0.0,15.0,5.0,7.5,39.75
4808.10.00,48,4808,"Corrugated Paper And Paperboard, In Rolls Or Sheets",,25.0,3.0,0.0,15.0,5.0,7.5,61.8
4808.40.00,48,4808,"Kraft paper, creped or crinkled, whether or not embossed or perforated",,25.0,3.0,0.0,15.0,5.0,7.5,61.8
4808.90.00,48,4808,"Paper And Paperboard, Corrugated, Creped, Etc, In Rolls Or Sheets, Nes",,25.0,3.0,0.0,15.0,5.0,7.5,61.8
4809.20.00,48,4809,"Self-Copy Paper, In Rolls Or Sheets",,25.0,3.0,0.0,15.0,5.0,7.5,61.8
4809.90.10,48,4809,Carbon or similar copying papers,,25.0,3.0,0.0,15.0,5.0,7.5,61.8
4809.90.90,48,4809,"Carbon or similar copying papers, nes",,25.0,3.0,0.0,15.0,5.0,7.5,61.8
4810.13.00,48,4810,"MECHANICL OR CHEMICAL-MECHANICAL, IN ROOLS",,15.0,0.0,0.0,15.0,5.0,7.5,45.88
4810.14.00,48,4810,IN SHEETS WITH ONE SIDE <435MM AND OTH.SIDE <297 IN THE UNFOLDED STATE,,15.0,0.0,0.0,15.0,5.0,7.5,45.88
4810.19.00,48,4810,"PAPER&PAPERBOARD OF A KIND USED FOR WRITTING,PRINTING OR OTH.GRAPHIC..NES",,15.0,0.0,0.0,15.0,5.0,7.5,45.88
4810.22.00,48,4810,LIGHT-WEIGHT COATED PAPER,,15.0,0.0,0.0,15.0,5.0,7.5,45.88
4810.29.00,48,4810,"Paper... For Writing, Etc, >10% Mechanical Fibres, Coated...",,15.0,0.0,0.0,15.0,5.0,7.5,45.88
4810.31.00,48,4810,"Kraft Paper,Bleach By Chem.Process 95% Chem.Fibres,=<150g/M2,Coated(Ex...",,15.0,0.0,0.0,15.0,5.0,7.5,45.88
4810.32.00,48,4810,"Kraft Paper, Bleach By Chem.Process >95% Chem.Fibres, >150g/M2,Coated(Ex..",,15.0,0.0,0.0,15.0,5.0,7.5,45.88
4810.39.00,48,4810,"Kraft Paper & P.Board,Beach By Chem.Process,Coated,Nes(Ex.Writing,Printing",,15.0,0.0,0.0,15.0,5.0,7.5,45.88
4810.92.00,48,4810,"OTHER PAPER & P.BOARD,MULTIPLY PAPER & PAPERBOARD",,15.0,0.0,0.0,15.0,5.0,7.5,45.88
4810.99.10,48,4810,Single/double side coated relse. paper Imp. by VAT reg. Refrigtr. or freez manf. Ind,,15.0,0.0,0.0,15.0,5.0,7.5,45.88
4810.99.90,48,4810,"Single/double side coated relse. paper Imp. by VAT reg. Refrigtr./freez manf. Ind,Nes",,15.0,0.0,0.0,15.0,5.0,7.5,45.88
4811.10.00,48,4811,"Tarred, Bituminized Or Asphalted Paper And Paperboard",,25.0,3.0,0.0,15.0,5.0,7.5,61.8
4811.41.00,48,4811,Self-adhesive,,25.0,3.0,0.0,15.0,5.0,7.5,61.8
4811.49.00,48,4811,"SELF ADHESIVE,PAPER & PAPER BOARD, NES",,25.0,3.0,0.0,15.0,5.0,7.5,61.8
4811.51.00,48,4811,"Bleached, weighing more than 150 g/m2",,25.0,3.0,0.0,15.0,5.0,7.5,61.8
4811.59.10,48,4811,"PAPER & P.BOARD,PACK/ASCEPTIC PACK",,10.0,0.0,0.0,15.0,5.0,7.5,39.75
4811.59.20,48,4811,Melamine impregnated decorative paper,,15.0,0.0,0.0,15.0,5.0,7.5,45.88
4811.59.90,48,4811,"PAPER,PAPERBOARD,CELLULOSE WADDING AND ...EXCL.TETRAPACK/ASCEPTIC PACK",,25.0,3.0,0.0,15.0,5.0,7.5,61.8
4811.60.10,48,4811,Ultrasonogram recording paper,,5.0,0.0,0.0,15.0,5.0,7.5,33.63
4811.60.20,48,4811,Paraffin wax or stearin covered or latex coated or waterproof paper and paperboard,,25.0,3.0,0.0,15.0,5.0,7.5,61.8
4811.60.90,48,4811,"Paper and paperboard, coated...parafin wx, stearing oil,(excl. ultrasonograme rec.paper)",,25.0,3.0,0.0,15.0,5.0,7.5,61.8
4811.90.10,48,4811,Melamine/Decalcomania Paper,,10.0,0.0,0.0,15.0,5.0,7.5,39.75
4811.90.21,48,4811,Insulated paper,,10.0,0.0,0.0,15.0,5.0,7.5,39.75
4811.90.29,48,4811,Excl. Insulated paper imp. by VAT reg. electric fan/water pump motor manf. Ind.,,10.0,0.0,0.0,15.0,5.0,7.5,39.75
4811.90.30,48,4811,Base paper for melamine,,5.0,0.0,0.0,15.0,5.0,7.5,33.63
4811.90.90,48,4811,"Other Paper,Paperboard,Cellulose Wadding And Webs Of Cellulose Fibres,Nes",,25.0,3.0,0.0,15.0,5.0,7.5,61.8
4812.00.00,48,4812,"Filter Blocks, Slabs And Plates, Of Paper Pulp",,10.0,0.0,0.0,15.0,5.0,7.5,39.75
4813.10.00,48,4813,In the form of booklets or tubes,,25.0,3.0,300.0,15.0,5.0,7.5,532.2
4813.20.00,48,4813,In rolls of a width not exceeding 5 cm,,25.0,3.0,300.0,15.0,5.0,7.5,532.2
4813.90.00,48,4813,"Other than Cigarette paper, nes",,25.0,3.0,300.0,15.0,5.0,7.5,532.2
4814.20.00,48,4814,"Wallpaper,Etc Of Paper Coated On The Face Side With A.. Layer Of Plastics",,25.0,3.0,0.0,15.0,5.0,7.5,61.8
4814.90.00,48,4814,"Wallpaper And Other Wall Coverings; Window Transparencies Of Paper, Nes",,25.0,3.0,0.0,15.0,5.0,7.5,61.8
4816.20.00,48,4816,Self-Copy Paper (Excl. Heading 48.09),,25.0,3.0,0.0,15.0,5.0,7.5,61.8
4816.90.00,48,4816,"Copying Or Transfer Paper, Nes; Offset Plates, Of Paper (Excl.Heading 4809",,25.0,3.0,0.0,15.0,5.0,7.5,61.8
4817.10.00,48,4817,Envelopes Of Paper Or Paperboard,,25.0,3.0,0.0,15.0,5.0,7.5,61.8
4817.20.00,48,4817,"Letter Cards, Plain Postcards And Correspondance Cards Of Paper...",,25.0,3.0,0.0,15.0,5.0,7.5,61.8
4817.30.00,48,4817,"Boxes, Etc, Of Paper Or Paperboard Containing Paper Stationery",,25.0,3.0,0.0,15.0,5.0,7.5,61.8
4818.10.00,48,4818,Toilet Paper,,25.0,3.0,20.0,15.0,5.0,7.5,93.16
4818.20.00,48,4818,Handkerchiefs And Cleansing Or Facial Tissues & Towels,,25.0,3.0,20.0,15.0,5.0,7.5,93.16
4818.30.00,48,4818,Tablecloths And Serviettes Of Paper,,25.0,3.0,20.0,15.0,5.0,7.5,93.16
4818.50.00,48,4818,Articles Of Apparel And Clothing Accssories Of Paper,,25.0,3.0,20.0,15.0,5.0,7.5,93.16
4818.90.00,48,4818,"Household, Sanitary Or Hospital Articles Of Paper..., Etc, Nes",,25.0,3.0,20.0,15.0,5.0,7.5,93.16
4819.10.00,48,4819,"Cartons, Boxes And Cases, Of Corrugated Paper Or Paperboard",,25.0,3.0,10.0,15.0,5.0,7.5,77.48
4819.20.10,48,4819,"Folding Cartons, Boxes And Cases, Of Non-Corrugated Paper Or Paperboard",,10.0,0.0,0.0,15.0,5.0,7.5,39.75
4819.20.90,48,4819,"Folding Cartons, Boxes And Cases, Of Non-Corrugated Paper Or Paperboard",,25.0,3.0,10.0,15.0,5.0,7.5,77.48
4819.30.00,48,4819,"Sacks And Bags, Having A Base Of A Width Of >=40cm Of Paper, Paperboard",,25.0,3.0,10.0,15.0,5.0,7.5,77.48
4819.40.10,48,4819,Fruit Bag,,5.0,0.0,0.0,15.0,5.0,7.5,33.63
4819.40.90,48,4819,Other than Fruit Bag,,25.0,3.0,0.0,15.0,5.0,7.5,61.8
4819.50.00,48,4819,"Packing Containers, Including Record Sleeves, Of Paper..., Nes",,25.0,3.0,0.0,15.0,5.0,7.5,61.8
4819.60.00,48,4819,"Box Files,Letter Trays,Storage Boxes,Etc,Of Paper Used In Office,Shops Etc",,25.0,3.0,0.0,15.0,5.0,7.5,61.8
4820.10.00,48,4820,"Registers,Acc.Books,Diaries,Similar Articles,Order & Receipt Books,Of ....",,25.0,3.0,0.0,15.0,5.0,7.5,61.8
4820.20.00,48,4820,Exercise-Books,,25.0,3.0,0.0,15.0,5.0,7.5,61.8
4820.30.00,48,4820,Binders (Other Than Book Covers) Folders & File Covers Of Paper/Paperboard,,25.0,3.0,0.0,15.0,5.0,7.5,61.8
4820.40.00,48,4820,Manifold Business Forms And Interleaved Carbon Sets,,25.0,3.0,0.0,15.0,5.0,7.5,61.8
4820.50.00,48,4820,Albums For Samples Or For Collections Of Paper Or Paperboard,,25.0,3.0,0.0,15.0,5.0,7.5,61.8
4820.90.00,48,4820,"Blotting Pads, Book Covers And Other Articles Of Stationery Of Paper...Nes",,25.0,3.0,0.0,15.0,5.0,7.5,61.8
4821.10.00,48,4821,Printed Paper Or Paperboard Labels Of All Kinds,,25.0,3.0,20.0,15.0,5.0,7.5,93.16
4821.90.10,48,4821,Sticker,,25.0,3.0,0.0,15.0,5.0,7.5,61.8
4821.90.90,48,4821,Excl. Sticker imp. by VAT reg. electric fan or water pump motor manf. Ind.,,25.0,3.0,0.0,15.0,5.0,7.5,61.8
4822.10.00,48,4822,"Bobbins, Spools..., Of Paper Or Paperboard For Winding Textile Yarn",,5.0,0.0,0.0,15.0,5.0,7.5,33.63
4822.90.00,48,4822,"Bobbins, Spools,Cops And Similar Supports Of Paper Or Paperboard, Nes",,5.0,0.0,0.0,15.0,5.0,7.5,33.63
4823.20.00,48,4823,"Filter Paper And Paperboard, Cut To Shape",,10.0,0.0,0.0,15.0,5.0,7.5,39.75
4823.40.00,48,4823,"Rolls, sheets and dials, printed for self recording apparatus",,10.0,0.0,0.0,15.0,5.0,7.5,39.75
4823.61.00,48,4823,"Trays, dishes, plates, cups and the like, of paper and paperboard Of bamboo",,25.0,3.0,0.0,15.0,5.0,7.5,61.8
4823.69.00,48,4823,"Other trays, dishes, plates, cups and the like, of paper and paperboard Excl. Of bam",,25.0,3.0,20.0,15.0,5.0,7.5,93.16
4823.70.10,48,4823,Moulded or pressed articles of paper pulp : Gasket,,25.0,3.0,0.0,15.0,5.0,7.5,61.8
4823.70.90,48,4823,"Moduled or pressed articles of paper pulp, Excl Gasket imp by VAT reg. comp. manu.",,25.0,3.0,0.0,15.0,5.0,7.5,61.8
4823.90.10,48,4823,"Paper And Paperboard, Cut To Size And Articls Of Paper",,25.0,3.0,0.0,15.0,5.0,7.5,61.8
4823.90.91,48,4823,Paper Separator,,10.0,0.0,0.0,15.0,5.0,7.5,39.75
4823.90.92,48,4823,Wrappers for confectionery,,10.0,0.0,0.0,15.0,5.0,7.5,39.75
4823.90.93,48,4823,Surface coloured or printed paper or paper board,,25.0,3.0,20.0,15.0,5.0,7.5,93.16
4823.90.94,48,4823,Air laid paper,,25.0,0.0,20.0,15.0,5.0,7.5,88.75
4823.90.95,48,4823,Honeycomb,,25.0,3.0,0.0,15.0,5.0,7.5,61.8
4823.90.99,48,4823,"Paper And Paperboard, Cut To Size And Articles Of Paper, Etc, Nes",,25.0,3.0,0.0,15.0,5.0,7.5,61.8
4901.10.00,49,4901,"Printed Books, Brochures, Leaflets, Etc, In Single Sheets",,25.0,3.0,10.0,15.0,5.0,7.5,77.48
4901.91.00,49,4901,"Dictionaries And Encyclopaedias, And Serial Instalments Thereof",,0.0,0.0,0.0,0.0,5.0,7.5,12.5
4901.99.10,49,4901,"Religious,Reference,Scientific,Medical,Engg,Agril. & Oth.Books for higher education",,0.0,0.0,0.0,0.0,5.0,7.5,12.5
4901.99.20,49,4901,Text books for primary and secondary education.,,25.0,3.0,0.0,0.0,5.0,7.5,42.6
4901.99.30,49,4901,Other books,,5.0,0.0,0.0,0.0,5.0,7.5,17.88
4901.99.90,49,4901,"Printed Books,Brichures,Leaflets&Similar Printed Metter, Nes",,25.0,3.0,0.0,0.0,5.0,7.5,42.6
4902.10.00,49,4902,"Newspapers, Journals And Periodicals, Appearing At Least 4 Times A Week",,5.0,0.0,0.0,0.0,2.0,7.5,14.88
4902.90.00,49,4902,"Newspapers, Journals And Periodicals, Appearing < Four Times A Week",,5.0,0.0,0.0,0.0,2.0,7.5,14.88
4903.00.00,49,4903,"Children'S Picture, Drawing Or Colouring Books",,10.0,0.0,0.0,0.0,5.0,7.5,23.25
4904.00.00,49,4904,"Music, Printed Or In Manuscript",,5.0,0.0,0.0,15.0,5.0,7.5,33.63
4905.20.00,49,4905,Map and hydrographic or similar charts of all kinds In book form,,5.0,0.0,0.0,15.0,5.0,7.5,33.63
4905.90.00,49,4905,"Maps and hydrographic or similar charts of all kinds, including atlases,...NES",,5.0,0.0,0.0,15.0,5.0,7.5,33.63
4906.00.00,49,4906,Plans...For Archit...Purposes;Handwitten Texts;Photogr.Of Repo.Of The ....,,5.0,0.0,0.0,15.0,5.0,7.5,33.63
4907.00.10,49,4907,Stock Share And Bond Certificates&Similar Documents Of Title Cheque Forms,,25.0,3.0,0.0,15.0,5.0,7.5,61.8
4907.00.90,49,4907,"New Stamps,Stamp-Impressed Paper,Cheque Forms,Banknotes,Nes",,10.0,0.0,0.0,15.0,5.0,7.5,39.75
4908.10.10,49,4908,Transfers (decalcomanias),,10.0,0.0,0.0,15.0,5.0,7.5,39.75
4908.10.90,49,4908,"Transfers(Decalcomanias), Vitrifiable, Nes",,10.0,0.0,0.0,15.0,5.0,7.5,39.75
4908.90.00,49,4908,Transfers (Decalcomanias) (Excl. Vitrifiable),,10.0,0.0,0.0,15.0,5.0,7.5,39.75
4909.00.00,49,4909,"Printed Or Illustrated Postcards; Printed Cards Bearing Greetings, Etc",,25.0,3.0,20.0,15.0,5.0,7.5,93.16
4910.00.00,49,4910,"CALENDER OF ANY KIND, PRINTED, INCLUDING CALENDER BLOCKS",,25.0,0.0,20.0,15.0,5.0,7.5,88.75
4911.10.00,49,4911,"Trade Advertising Material, Commercial Catalogues And The Like",,25.0,3.0,20.0,15.0,5.0,7.5,93.16
4911.91.00,49,4911,"Pictures, Designs And Photographs",,25.0,3.0,20.0,15.0,5.0,7.5,93.16
4911.99.10,49,4911,"Scratch card, TV",,25.0,3.0,20.0,15.0,5.0,7.5,93.16
4911.99.90,49,4911,"Other printed matter, including printed pictures and photographs., NES",,25.0,3.0,20.0,15.0,5.0,7.5,93.16
5001.00.00,50,5001,Silk-Worm Cocoons Suitable For Reeling,,5.0,0.0,0.0,0.0,5.0,0.0,10.0
5002.00.00,50,5002,Raw Silk (Not Thrown),,25.0,3.0,0.0,15.0,5.0,7.5,61.8
5003.00.00,50,5003,"Silk waste (including cocoons unsuitable for reeling, yarn waste and garnetted",,25.0,3.0,0.0,15.0,5.0,7.5,61.8
5004.00.00,50,5004,"Silk Yarn (Excl. Spun From Silk Waste), Not Put Up For Retail Sale",,25.0,3.0,0.0,15.0,5.0,7.5,61.8
5005.00.00,50,5005,"Yarn Spun From Silk Waste, Not Put Up For Retail Sale",,25.0,3.0,0.0,15.0,5.0,7.5,61.8
5006.00.00,50,5006,"Silk yarn, put up for retail sale; silk-worm gut",,25.0,3.0,0.0,15.0,5.0,7.5,61.8
5007.10.00,50,5007,Woven Fabrics Of Noil Silk,,25.0,3.0,40.0,15.0,5.0,7.5,124.52
5007.20.00,50,5007,"Woven Fabrics Of Silk, Containing >=85% Silk Or Of Silk Waste",,25.0,3.0,40.0,15.0,5.0,7.5,124.52
5007.90.00,50,5007,"Printed Woven Fabrics, Containing <85% Silk",,25.0,3.0,40.0,15.0,5.0,7.5,124.52
5101.11.00,51,5101,"Greasy Shorn Wool, Not Carded Or Combed",,5.0,0.0,0.0,0.0,5.0,0.0,10.0
5101.19.00,51,5101,"Greasy Wool (Excl. Shorn), Not Carded Or Combed",,5.0,0.0,0.0,0.0,5.0,0.0,10.0
5101.21.00,51,5101,"Degreased Shorn Wool, Not Carbonised, Not Carded Or Combed",,5.0,0.0,0.0,0.0,5.0,0.0,10.0
5101.29.00,51,5101,"Degreased Wool (Excl. Shorn), Not Carbonised, Not Carded Or Combed",,5.0,0.0,0.0,0.0,5.0,0.0,10.0
5101.30.00,51,5101,"Carbonised Wool, Not Carded Or Combed",,5.0,0.0,0.0,0.0,5.0,0.0,10.0
5102.11.00,51,5102,"FINE ANIMAL HAIR,OF KASHMIR (CASHMERE) GOATS NES",,5.0,0.0,0.0,0.0,5.0,0.0,10.0
5102.19.00,51,5102,"FINE ANIMAL HAIR, OF KASHMIR (CASHMERE) GOATS NES",,5.0,0.0,0.0,0.0,5.0,0.0,10.0
5102.20.00,51,5102,"Coarse Animal Hair, Not Carded Or Combed",,5.0,0.0,0.0,0.0,5.0,0.0,10.0
5103.10.00,51,5103,"Noils Of Wool Or Of Fine Animal Hair, Not Garnetted Stock",,5.0,0.0,0.0,15.0,5.0,7.5,33.63
5103.20.00,51,5103,"Other Waste Of Wool Or Of Fine Animal Hair, Not Garnetted Stock, Nes",,5.0,0.0,0.0,15.0,5.0,7.5,33.63
5103.30.00,51,5103,Waste Of Coarse Animal Hair,,5.0,0.0,0.0,15.0,5.0,7.5,33.63
5104.00.00,51,5104,Garnetted stock of wool or of fine or coarse animal hair,,5.0,0.0,0.0,0.0,5.0,0.0,10.0
5105.10.00,51,5105,Carded Wool,,5.0,0.0,0.0,15.0,5.0,7.5,33.63
5105.21.00,51,5105,Combed Wool In Fragments,,5.0,0.0,0.0,15.0,5.0,7.5,33.63
5105.29.00,51,5105,Wool tops and combed wool (excl. in fragments),,5.0,0.0,0.0,15.0,5.0,7.5,33.63
5105.31.00,51,5105,"FINE ANIMAL HAIR,CARDED OR COMBED , OF KASHMIR (CASHMERE) GOATS",,5.0,0.0,0.0,15.0,5.0,7.5,33.63
5105.39.00,51,5105,"FINE ANIMAL HAIR,CARDED OR COMBED , NES",,5.0,0.0,0.0,15.0,5.0,7.5,33.63
5105.40.00,51,5105,"Coarse Animal Hair, Carded Or Combed",,5.0,0.0,0.0,15.0,5.0,7.5,33.63
5106.10.00,51,5106,"Yarn Of Carded Wool, Not Put Up For Retail Sale, With >=85% Wool",,5.0,0.0,0.0,15.0,5.0,7.5,33.63
5106.20.00,51,5106,"Yarn Of Carded Wool, Not Put Up For Retail Sale, With <85% Wool",,5.0,0.0,0.0,15.0,5.0,7.5,33.63
5107.10.00,51,5107,"Yarn Of Combed Wool, Not Put Up For Retail Sale, With >=85% Wool",,5.0,0.0,0.0,15.0,5.0,7.5,33.63
5107.20.00,51,5107,"Yarn Of Combed Wool, Not Put Up For Retail Sale, With <85% Wool",,5.0,0.0,0.0,15.0,5.0,7.5,33.63
5108.10.00,51,5108,"Carded Yarn Of Fine Animal Hair, Not Put Up For Retail Sale",,5.0,0.0,0.0,15.0,5.0,7.5,33.63
5108.20.00,51,5108,"Combed Yarn Of Fine Animal Hair, Not Put Up For Retail Sale",,5.0,0.0,0.0,15.0,5.0,7.5,33.63
5109.10.00,51,5109,"Yarn, with >=85% wool or of fine animal hair, put up for retail sale",,5.0,0.0,0.0,15.0,5.0,7.5,33.63
5109.90.00,51,5109,"Yarn, with <85% wool or of fine animal hair, put up for retail sale",,5.0,0.0,0.0,15.0,5.0,7.5,33.63
5110.00.00,51,5110,Yarn Of Coarse Animal Hair Or Of Horsehair (Incl. Gimped Horsehair Yarn),,5.0,0.0,0.0,15.0,5.0,7.5,33.63
5111.11.00,51,5111,"Woven Fbrcs.With>=85% Carded Wool Or Of Fine Animal Hair, =<300g/M2 Weight",,25.0,3.0,0.0,15.0,5.0,7.5,61.8
5111.19.00,51,5111,"Woven Fbrcs.With>=85%Carded Wool Or Of Fine Animal Hair, >300g/M2 Weight",,25.0,3.0,0.0,15.0,5.0,7.5,61.8
5111.20.00,51,5111,"Woven Fabrics Of Carded Wool, Mixed With Man-Made Filaments",,25.0,3.0,0.0,15.0,5.0,7.5,61.8
5111.30.00,51,5111,"Woven Fabrics Of Carded Wool, Mixed With Man-Made Staple Fibres",,25.0,3.0,0.0,15.0,5.0,7.5,61.8
5111.90.00,51,5111,"Other Woven Fabrics Of Carded Wool Or Carded Fine Animal Hair, Nes",,25.0,3.0,0.0,15.0,5.0,7.5,61.8
5112.11.00,51,5112,"Woven Fabrics With>=85%Combed Wool/Of Fine Animal Hair,=<200g/M2 Weight",,25.0,3.0,0.0,15.0,5.0,7.5,61.8
5112.19.00,51,5112,"Woven Fabrics With >=85% Combed Wool Or Of Fine Animal Hair, >200g/M2",,25.0,3.0,0.0,15.0,5.0,7.5,61.8
5112.20.00,51,5112,"Woven Fabrics Of Combed Wool, Mixed With Man-Made Filaments",,25.0,3.0,0.0,15.0,5.0,7.5,61.8
5112.30.00,51,5112,"Woven Fabrics Of Combed Wool, Mixed With Man-Made Staple Fibres",,25.0,3.0,0.0,15.0,5.0,7.5,61.8
5112.90.00,51,5112,"Woven Fabrics Of Combed Wool Or Of Combed Fine Animal Hair, Nes",,25.0,3.0,0.0,15.0,5.0,7.5,61.8
5113.00.00,51,5113,Woven Fabrics Of Coarse Animal Hair Or Of Horsehair,,25.0,3.0,0.0,15.0,5.0,7.5,61.8
5202.10.00,52,5202,Yarn Waste Of Cotton Including Thread Waste,,5.0,0.0,0.0,15.0,5.0,7.5,33.63
5202.91.00,52,5202,Garnetted Stock Of Cotton,,0.0,0.0,0.0,15.0,5.0,7.5,27.5
5202.99.10,52,5202,Cotton waste,,0.0,0.0,0.0,0.0,5.0,7.5,12.5
5202.99.90,52,5202,"Cotton waste, nes",,0.0,0.0,0.0,15.0,0.0,7.5,22.5
5203.00.00,52,5203,"Cotton, Carded Or Combed",,5.0,0.0,0.0,15.0,0.0,7.5,28.63
5204.11.00,52,5204,"Cotton Sewing Thread, With >=85% Cotton, Not Put Up For Retail Sale",,10.0,0.0,0.0,15.0,5.0,7.5,39.75
5204.19.00,52,5204,"Cotton Sewing Thread, With <85% Cotton, Not Put Up For Retail Sale",,10.0,0.0,0.0,15.0,5.0,7.5,39.75
5204.20.00,52,5204,"Cotton Sewing Thread, Put Up For Retail Sale",,10.0,0.0,0.0,15.0,5.0,7.5,39.75
5205.11.00,52,5205,"Uncombed Sin.Cot.Yarn,With>=85%Cot.,Nprs,=>714.29 Decitex (<=14mn).",,10.0,0.0,0.0,15.0,5.0,7.5,39.75
5205.12.00,52,5205,"Uncom.Sin.Cot.Yarn,With>=85%Cot.Nprs,<714.29de(>14mn)But(>=232.56de)<=43mn",,10.0,0.0,0.0,15.0,5.0,7.5,39.75
5205.13.00,52,5205,"Uncom.Sin.Cot.Yarn,With>=85%Cot.,Nprs,<232.56(>43mn)But(>=192.31de)(<=52mn",,10.0,0.0,0.0,15.0,5.0,7.5,39.75
5205.14.00,52,5205,"Uncombed Sin.Cot.Yarn,With>=85%Cot.Nprs,<192.31de(>52mn)But>=125de(<=80mn)",,10.0,0.0,0.0,15.0,5.0,7.5,39.75
5205.15.00,52,5205,"Uncombed Single Cotton Yarn, With >=85% Cotton, Nprs,<125 Decitex (>80mn)",,10.0,0.0,0.0,15.0,5.0,7.5,39.75
5205.21.00,52,5205,"Combed Single Cotton Yarn, With >=85% Cotton, Nprs,>=714.29 Decitex(<=14mn",,10.0,0.0,0.0,15.0,5.0,7.5,39.75
5205.22.00,52,5205,"Combed Sin.Cot.Yarn,With>=85%Cot.,Nprs,<714.29(>14mn)But>=232.56de.(<=43mn",,10.0,0.0,0.0,15.0,5.0,7.5,39.75
5205.23.00,52,5205,"Com.Sin.Cot.Yarn,With>=85%Cot.,Nprs,<232.56deci(>43mm)But>=192.31de(<=52mn",,10.0,0.0,0.0,15.0,5.0,7.5,39.75
5205.24.00,52,5205,"Com.Sin.Cot.Yarn,With>=85%Cot.,Nprs,<192.31de.But>=125de>52mn But<=80mn",,10.0,0.0,0.0,15.0,5.0,7.5,39.75
5205.26.00,52,5205,"Com.Sin.Cot.Yarn,With>=85%Cot.,Nprs,<125 De.But >=106.38>80mn But<=94mm",,10.0,0.0,0.0,15.0,5.0,7.5,39.75
5205.27.00,52,5205,"Com.Sin.Cot.Yarn,With>=85%Cot.Nprs,<106.38de But>=83.33de>94mn But<=120mn",,10.0,0.0,0.0,15.0,5.0,7.5,39.75
5205.28.00,52,5205,"Combed Single Cotton Yarn, With >=85% Cotton, Nprs,<83.33 >120mn",,10.0,0.0,0.0,15.0,5.0,7.5,39.75
5205.31.00,52,5205,"Mul.Unco.Cabled Cotton Yarn,With >=85% Cot.,Nprs,<=14mn Per Single Yarn",,10.0,0.0,0.0,15.0,5.0,7.5,39.75
5205.32.00,52,5205,"Mul. Unco.Cabled Cotton Yarn,>=85%Cot.,Nprs,>14mn But<=43mn P.Single Yarn",,10.0,0.0,0.0,15.0,5.0,7.5,39.75
5205.33.00,52,5205,"Uncombed Cabled Cotton Yarn,>=85%Cotton,Nprs,>43mn But<=52mn P.Single Yarn",,10.0,0.0,0.0,15.0,5.0,7.5,39.75
5205.34.00,52,5205,"Uncombed Cabled Cotton Yarn,>=85%Cotton,Nprs,>52mn But<=80mn P.Single Yarn",,10.0,0.0,0.0,15.0,5.0,7.5,39.75
5205.35.00,52,5205,"Uncombed Cabled Cotton Yarn, With>=85% Cotton, Nprs, >80mn Per Single Yarn",,10.0,0.0,0.0,15.0,5.0,7.5,39.75
5205.41.00,52,5205,"Combed Cabled Cotton Yarn, With >=85% Cotton, Nprs, <=14mn Per Single Yarn",,10.0,0.0,0.0,15.0,5.0,7.5,39.75
5205.42.00,52,5205,"Combed Cabled Cotton Yarn,With>=85%Cotton,Nprs,>14mn But<=43mn P.Sing.Yarn",,10.0,0.0,0.0,15.0,5.0,7.5,39.75
5205.43.00,52,5205,"Combed Cabled Cotton Yarn,With>=85%Cotton,Nprs,>43mn But<=52mn P.Sing.Yarn",,10.0,0.0,0.0,15.0,5.0,7.5,39.75
5205.44.00,52,5205,"Combed Cabled Cotton Yarn,>=85% Cotton,Nprs,>52mn But<=80mn Pr.Single Yarn",,10.0,0.0,0.0,15.0,5.0,7.5,39.75
5205.46.00,52,5205,"Combed Cabled Cotton Yarn,>=85% Cotton,Nprs,>80mn But<=94mn Pr.Single Yarn",,10.0,0.0,0.0,15.0,5.0,7.5,39.75
5205.47.00,52,5205,"Combed Cabled Cotton Yarn,>=85% Cotton,Nprs,>94mn But<=120mn P.Single Yarn",,10.0,0.0,0.0,15.0,5.0,7.5,39.75
5205.48.00,52,5205,"Combed Cabled Cotton Yarn, With >=85% Cotton, Nprs, >120mn Per Single Yarn",,10.0,0.0,0.0,15.0,5.0,7.5,39.75
5206.11.00,52,5206,"Uncombed Single Cotton Yarn, With <85% Cotton, Nprs, <=14mn",,5.0,0.0,0.0,15.0,5.0,7.5,33.63
5206.12.00,52,5206,"Uncombed Single Cotton Yarn, With <85% Cotton, Nprs, >14mn But <=43mn",,5.0,0.0,0.0,15.0,5.0,7.5,33.63
5206.13.00,52,5206,"Uncombed Single Cotton Yarn, With <85% Cotton, Nprs, >43mn But <=52mn",,5.0,0.0,0.0,15.0,5.0,7.5,33.63
5206.14.00,52,5206,"Uncombed Single Cottonyarn, With <85% Cotton, Nprs, >52mn But <=80mn",,5.0,0.0,0.0,15.0,5.0,7.5,33.63
5206.15.00,52,5206,"Uncombed Single Cotton Yarn, With <85% Cotton, Nprs, >80mn",,5.0,0.0,0.0,15.0,5.0,7.5,33.63
5206.21.00,52,5206,"Combed Single Cotton Yarn, With <85% Cotton, Nprs, <=14mn",,5.0,0.0,0.0,15.0,5.0,7.5,33.63
5206.22.00,52,5206,"Combed Single Cotton Yarn, With <85% Cotton, Nprs, >14mn But <=43mn",,5.0,0.0,0.0,15.0,5.0,7.5,33.63
5206.23.00,52,5206,"Combed Single Cotton Yarn, With <85% Cotton, Nprs, >43mn But <=52mn",,5.0,0.0,0.0,15.0,5.0,7.5,33.63
5206.24.00,52,5206,"Combed Single Cotton Yarn, With <85% Cotton, Nprs, >52mn But <=80mn",,5.0,0.0,0.0,15.0,5.0,7.5,33.63
5206.25.00,52,5206,"Combed Single Cotton Yarn, With <85% Cotton, Nprs, >80mn",,5.0,0.0,0.0,15.0,5.0,7.5,33.63
5206.31.00,52,5206,"Uncombed Cabled Cotton Yarn, With <85% Cotton, Nprs, <=14mn",,5.0,0.0,0.0,15.0,5.0,7.5,33.63
5206.32.00,52,5206,"Uncombed Cabled Cotton Yarn,<85% Cotton,Nprs,>14mn But<=43mn P.Single Yarn",,5.0,0.0,0.0,15.0,5.0,7.5,33.63
5206.33.00,52,5206,"Uncombed Cabled Cotton Yarn,<85%Cotton,Nprs,>43mn But<=52mn Pr.Single Yarn",,5.0,0.0,0.0,15.0,5.0,7.5,33.63
5206.34.00,52,5206,"Uncombed Cabled Cotton Yarn,<85% Cotton,Nprs,>52mn But<=80mn P.Single Yarn",,5.0,0.0,0.0,15.0,5.0,7.5,33.63
5206.35.00,52,5206,"Uncombed Cabled Cotton Yarn, With <85% Cotton, Nprs, >80mn Per Single Yarn",,5.0,0.0,0.0,15.0,5.0,7.5,33.63
5206.41.00,52,5206,"Combed Cabled Cotton Yarn, With <85% Cotton, Nprs, <=14mn Per Single Yarn",,5.0,0.0,0.0,15.0,5.0,7.5,33.63
5206.42.00,52,5206,"Combed Cabled Cotton Yarn,<85% Cotton,Nprs,>14mn But<=43mn Per Single Yarn",,5.0,0.0,0.0,15.0,5.0,7.5,33.63
5206.43.00,52,5206,"Combed Cabled Cotton Yarn,<85% Cotton,Nprs,>43mn But<=52mn Per Single Yarn",,5.0,0.0,0.0,15.0,5.0,7.5,33.63
5206.44.00,52,5206,"Combed Cabled Cotton Yarn,<85% Cotton,Nprs,>52mn But<=80mn Per Single Yarn",,5.0,0.0,0.0,15.0,5.0,7.5,33.63
5206.45.00,52,5206,"Combed Cabled Cotton Yarn, With <85% Cotton, Nprs, >80mn Per Single Yarn",,5.0,0.0,0.0,15.0,5.0,7.5,33.63
5207.10.00,52,5207,"Cotton Yarn (Excl. Sewing), Put Up For Retail Sale, With >=85% Cotton",,5.0,0.0,0.0,15.0,5.0,7.5,33.63
5207.90.00,52,5207,"Cotton Yarn (Excl. Sewing), Put Up For Retail Sale, With <85% Cotton",,5.0,0.0,0.0,15.0,5.0,7.5,33.63
5208.11.00,52,5208,"Unbleached Plain Woven Fabrics Of Cotton With>=85%Cotton, =<100g/M2",,25.0,3.0,10.0,15.0,5.0,7.5,77.48
5208.12.00,52,5208,"Unbleached Plain Woven Fabrics Of Cotton>=85%Cotton,>100g/M2 But<200g/M2",,25.0,3.0,10.0,15.0,5.0,7.5,77.48
5208.13.00,52,5208,"Unbleached 3 Or 4-Thread Twill, With >=85% Cotton, <200g/M2",,25.0,3.0,10.0,15.0,5.0,7.5,77.48
5208.19.00,52,5208,"Unbleached Woven Cotton Fabrics, Nes, With >=85% Cotton",,25.0,3.0,10.0,15.0,5.0,7.5,77.48
5208.21.00,52,5208,"Bleached Plain Woven Fabrics Of Cotton With >=85% Cotton, =<100g/M2",,25.0,3.0,10.0,15.0,5.0,7.5,77.48
5208.22.00,52,5208,"Bleached Plain Woven Fbrcs.Of Cotton With>=85%Cotton,>100g/M2 But<200g/M2",,25.0,3.0,10.0,15.0,5.0,7.5,77.48
5208.23.00,52,5208,"Bleached 3 Or 4-Thread Twill (Incl. Cross Twill), With >=85% Cotton",,25.0,3.0,10.0,15.0,5.0,7.5,77.48
5208.29.00,52,5208,"Bleached Woven Cotton Fabrics, Nes, With >=85% Cotton",,25.0,3.0,10.0,15.0,5.0,7.5,77.48
5208.31.00,52,5208,"Dyed Plain Cotton Woven Fabrics With >=85% Cotton, =<100g/M2",,25.0,3.0,10.0,15.0,5.0,7.5,77.48
5208.32.00,52,5208,"Dyed Plain Cotton Woven Fabrics With >=85% Cotton, >100g/M2",,25.0,3.0,10.0,15.0,5.0,7.5,77.48
5208.33.00,52,5208,"Dyed 3 Or 4-Thread Twill (Incl. Cross Twill), With >=85% Cotton",,25.0,3.0,10.0,15.0,5.0,7.5,77.48
5208.39.00,52,5208,"Dyed Woven Cotton Fabrics, With >=85% Cotton, Nes",,25.0,3.0,10.0,15.0,5.0,7.5,77.48
5208.41.00,52,5208,"Coloured Plain Cotton Woven Fabrics With >=85% Cotton, =<100g/M2",,25.0,3.0,10.0,15.0,5.0,7.5,77.48
5208.42.00,52,5208,"Coloured Plain Cotton Woven Fabrics With >=85% Cotton, >100g/M2",,25.0,3.0,10.0,15.0,5.0,7.5,77.48
5208.43.00,52,5208,"Coloured 3 Or 4-Thread Twill (Incl. Cross Twill), With >=85% Cotton",,25.0,3.0,10.0,15.0,5.0,7.5,77.48
5208.49.00,52,5208,"Coloured Woven Cotton Fabrics, With >=85% Cotton, Nes",,25.0,3.0,10.0,15.0,5.0,7.5,77.48
5208.51.00,52,5208,"Printed Plain Cotton Woven Fabrics With >=85% Cotton, =<100g/M2",,25.0,3.0,10.0,15.0,5.0,7.5,77.48
5208.52.00,52,5208,"Printed Plain Cotton Woven Fabrics With >=85% Cotton, >100g/M2",,25.0,3.0,10.0,15.0,5.0,7.5,77.48
5208.59.00,52,5208,"Printed Woven Cotton Fabrics, With >=85% Cotton, Nes",,25.0,3.0,10.0,15.0,5.0,7.5,77.48
5209.11.00,52,5209,"Unbleached Plain Cotton Woven Fabrics With >=85% Cotton, >=200g/M2",,25.0,3.0,10.0,15.0,5.0,7.5,77.48
5209.12.00,52,5209,"Unbleached 3 Or 4-Thread Twill (Incl. Cross Twill), With >=85% Cotton",,25.0,3.0,10.0,15.0,5.0,7.5,77.48
5209.19.00,52,5209,"Unbleached Cotton Fabrics, With >=85% Cotton, >=200g/M2, Nes",,25.0,3.0,10.0,15.0,5.0,7.5,77.48
5209.21.00,52,5209,"Bleached Plain Cotton Woven Fabrics With >=85% Cotton, >=200g/M2",,25.0,3.0,10.0,15.0,5.0,7.5,77.48
5209.22.00,52,5209,"Bleached 3 Or 4-Thread Twill, >=85% Cotton, >=200g/M2",,25.0,3.0,10.0,15.0,5.0,7.5,77.48
5209.29.00,52,5209,"Bleached Woven Cotton Fabrics, With >=85% Cotton, >=200g/M2, Nes",,25.0,3.0,10.0,15.0,5.0,7.5,77.48
5209.31.00,52,5209,"Dyed Plain Cotton Woven Fabrics With >=85% Cotton, >=200g/M2",,25.0,3.0,10.0,15.0,5.0,7.5,77.48
5209.32.00,52,5209,"Dyed 3 Or 4-Thread Twill (Incl. Cross Twill), With >=85% Cotton",,25.0,3.0,10.0,15.0,5.0,7.5,77.48
5209.39.00,52,5209,"Dyed Woven Cotton Fabrics, With >=85% Cotton, >=200g/M2, Nes",,25.0,3.0,10.0,15.0,5.0,7.5,77.48
5209.41.00,52,5209,"Coloured Plain Cotton Woven Fabrics With >=85% Cotton, >=200g/M2",,25.0,3.0,10.0,15.0,5.0,7.5,77.48
5209.42.00,52,5209,"Denim, With >=85% Cotton, >=200g/M2",,25.0,3.0,10.0,15.0,5.0,7.5,77.48
5209.43.00,52,5209,"Coloured 3 Or 4-Thread Twill (Incl.Cross Twill)With>=85% Cotton,>=200g/M2",,25.0,3.0,10.0,15.0,5.0,7.5,77.48
5209.49.00,52,5209,"Coloured Woven Cotton Fabrics, With >=85% Cotton, >200g/M2",,25.0,3.0,10.0,15.0,5.0,7.5,77.48
5209.51.00,52,5209,"Printed Plain Cotton Woven Fabrics With >=85% Cotton, >200g/M2",,25.0,3.0,10.0,15.0,5.0,7.5,77.48
5209.52.00,52,5209,"Printed 3 Or 4-Thread Twill (Incl.Cross Twill)With >=85% Cotton, >200g/M2",,25.0,3.0,10.0,15.0,5.0,7.5,77.48
5209.59.00,52,5209,"Printed Woven Cotton Fabrics, With >=85% Cotton, >200g/M2",,25.0,3.0,10.0,15.0,5.0,7.5,77.48
5210.11.00,52,5210,"Unbleached Plain Cotton Woven Fabrics With <85% Cotton, =<200g/M2",,25.0,3.0,10.0,15.0,5.0,7.5,77.48
5210.19.00,52,5210,"Unbleached Woven Cotton Fabrics, Nes, With <85% Cotton, =<200g/M2",,25.0,3.0,10.0,15.0,5.0,7.5,77.48
5210.21.00,52,5210,"Bleached Plain Cotton Woven Fabrics With <85% Cotton, =<200g/M2",,25.0,3.0,10.0,15.0,5.0,7.5,77.48
5210.29.00,52,5210,"Bleached Woven Cotton Fabrics, Nes, With <85% Cotton, =<200g/M2",,25.0,3.0,10.0,15.0,5.0,7.5,77.48
5210.31.00,52,5210,"Dyed Plain Cotton Woven Fabrics With <85% Cotton, =<200g/M2",,25.0,3.0,10.0,15.0,5.0,7.5,77.48
5210.32.00,52,5210,"Dyed 3 Or 4-Thread Twill, With <85% Cotton, =<200g/M2",,25.0,3.0,10.0,15.0,5.0,7.5,77.48
5210.39.00,52,5210,"Dyed Woven Cotton Fabrics, Nes, With <85% Cotton, =<200g/M2",,25.0,3.0,10.0,15.0,5.0,7.5,77.48
5210.41.00,52,5210,"Coloured Plain Cotton Woven Fabrics With <85% Cotton, =<200g/M2",,25.0,3.0,10.0,15.0,5.0,7.5,77.48
5210.49.00,52,5210,"Coloured Woven Cotton Fabrics, Nes, With <85% Cotton, =<200g/M2",,25.0,3.0,10.0,15.0,5.0,7.5,77.48
5210.51.00,52,5210,"Printed Plain Cotton Woven Fabrics With <85% Cotton, =<200g/M2",,25.0,3.0,10.0,15.0,5.0,7.5,77.48
5210.59.00,52,5210,"Printed Woven Cotton Fabrics, Nes, With <85% Cotton, =<200g/M2",,25.0,3.0,10.0,15.0,5.0,7.5,77.48
5211.11.00,52,5211,"Unbleached Plain Cotton Woven Fabrics With <85% Cotton, >200g/M2",,25.0,3.0,10.0,15.0,5.0,7.5,77.48
5211.12.00,52,5211,"Unbleached 3 Or 4-Thread Twill(Incl.Cross Twill)With <85% Cotton, >200g/M2",,25.0,3.0,10.0,15.0,5.0,7.5,77.48
5211.19.00,52,5211,"Unbleached Woven Cotton Fabrics, Nes, With <85% Cotton, >200g/M2",,25.0,3.0,10.0,15.0,5.0,7.5,77.48
5211.20.00,52,5211,Bleached,,25.0,3.0,10.0,15.0,5.0,7.5,77.48
5211.31.00,52,5211,"Dyed Plain Cotton Woven Fabrics With <85% Cotton, >200g/M2",,25.0,3.0,10.0,15.0,5.0,7.5,77.48
5211.32.00,52,5211,"Dyed 3 Or 4-Thread Twill (Incl. Cross Twill) With <85% Cotton, >200g/M2",,25.0,3.0,10.0,15.0,5.0,7.5,77.48
5211.39.00,52,5211,"Dyed Woven Cotton Fabrics, Nes, With <85% Cotton, >200g/M2",,25.0,3.0,10.0,15.0,5.0,7.5,77.48
5211.41.00,52,5211,"Coloured Plain Cotton Woven Fabrics With <85% Cotton, >200g/M2",,25.0,3.0,10.0,15.0,5.0,7.5,77.48
5211.42.00,52,5211,"Coloured Denim, With <85% Cotton, >200g/M2",,25.0,3.0,10.0,15.0,5.0,7.5,77.48
5211.43.00,52,5211,"Color.Fab.Of 3 Or 4-Thread Twill(Inc.Cross Twill)With<85%Cotton,>200g/M2",,25.0,3.0,10.0,15.0,5.0,7.5,77.48
5211.49.00,52,5211,"Coloured Woven Cotton Fabrics, Nes, With <85% Cotton, >200g/M2",,25.0,3.0,10.0,15.0,5.0,7.5,77.48
5211.51.00,52,5211,"Printed Plain Cotton Woven Fabrics With <85% Cotton, >200g/M2",,25.0,3.0,10.0,15.0,5.0,7.5,77.48
5211.52.00,52,5211,"Printed 3 Or 4-Thread Twill,(Incl.Cross Twill) With <85% Cotton, >200g/M2",,25.0,3.0,10.0,15.0,5.0,7.5,77.48
5211.59.00,52,5211,"Printed Woven Cotton Fabrics, Nes, With <85% Cotton, >200g/M2",,25.0,3.0,10.0,15.0,5.0,7.5,77.48
5212.11.00,52,5212,"Unbleached Woven Fabrics Of Cotton, =<200g/M2, Nes",,25.0,3.0,10.0,15.0,5.0,7.5,77.48
5212.12.00,52,5212,"Bleached Woven Fabrics Of Cotton, =<200g/M2, Nes",,25.0,3.0,10.0,15.0,5.0,7.5,77.48
5212.13.00,52,5212,"Dyed Woven Fabrics Of Cotton, =<200g/M2, Nes",,25.0,3.0,10.0,15.0,5.0,7.5,77.48
5212.14.00,52,5212,"Coloured Woven Fabrics Of Cotton, =<200g/M2, Nes",,25.0,3.0,10.0,15.0,5.0,7.5,77.48
5212.15.00,52,5212,"Printed Woven Fabrics Of Cotton, =<200g/M2, Nes",,25.0,3.0,10.0,15.0,5.0,7.5,77.48
5212.21.00,52,5212,"Unbleached Woven Fabrics Of Cotton, >200g/M2, Nes",,25.0,3.0,10.0,15.0,5.0,7.5,77.48
5212.22.00,52,5212,"Bleached Woven Fabrics Of Cotton, >200g/M2, Nes",,25.0,3.0,10.0,15.0,5.0,7.5,77.48
5212.23.00,52,5212,"Dyed Woven Fabrics Of Cotton, >200g/M2, Nes",,25.0,3.0,10.0,15.0,5.0,7.5,77.48
5212.24.00,52,5212,"Coloured Woven Fabrics Of Cotton, >200g/M2, Nes",,25.0,3.0,10.0,15.0,5.0,7.5,77.48
5212.25.00,52,5212,"Printed Woven Fabrics Of Cotton, >200g/M2, Nes",,25.0,3.0,10.0,15.0,5.0,7.5,77.48
5301.10.00,53,5301,"Flax, raw or retted",,5.0,0.0,0.0,15.0,5.0,7.5,33.63
5301.21.00,53,5301,"Flax, Broken Or Scutched, But Not Spun",,5.0,0.0,0.0,15.0,5.0,7.5,33.63
5301.29.10,53,5301,"Flax, Hackled Or Otherwise Processed, But Not Spun",,0.0,0.0,0.0,15.0,5.0,7.5,27.5
5301.29.90,53,5301,"Flax, Hackled Or Otherwise Processed, But Not Spun",,0.0,0.0,0.0,15.0,5.0,7.5,27.5
5301.30.00,53,5301,Flax Tow And Waste (Incl. Yarn Waste And Garnetted Stock),,10.0,0.0,0.0,15.0,5.0,7.5,39.75
5302.10.00,53,5302,"True Hemp, Raw Or Retted",,25.0,3.0,0.0,15.0,5.0,7.5,61.8
5302.90.00,53,5302,"True Hemp(Ex.Raw),Not Spun;Tow&Waste Of True Hemp(Incl.Yrn Wast &Garn Stk)",,25.0,3.0,0.0,15.0,5.0,7.5,61.8
5303.10.00,53,5303,"Jute and other textile bast fibres, raw or retted",,25.0,3.0,0.0,0.0,5.0,0.0,33.0
5303.90.00,53,5303,"Jute, etc (excl. flax, true hemp and ramie), nes; tow and waste...",,25.0,3.0,0.0,15.0,5.0,7.5,61.8
5305.00.10,53,5305,"Coconut, avaca.... Coco substrate; coco pellet; growing media",,0.0,0.0,0.0,15.0,5.0,7.5,27.5
5305.00.90,53,5305,"Coconut, avaca.... Excl. Coco substrate; coco pellet; growing media",,5.0,0.0,0.0,15.0,5.0,7.5,33.63
5306.10.00,53,5306,Single Flax Yarn,,25.0,3.0,0.0,15.0,5.0,7.5,61.8
5306.20.00,53,5306,Multiple Or Cabled Flax Yarn,,25.0,3.0,0.0,15.0,5.0,7.5,61.8
5307.10.00,53,5307,Single yarn of jute or of other textile bast fibres of 53.03,,25.0,3.0,0.0,15.0,5.0,7.5,61.8
5307.20.00,53,5307,Multiple (folded) of cabled,,25.0,3.0,0.0,15.0,5.0,7.5,61.8
5308.10.00,53,5308,Coir Yarn,,10.0,0.0,0.0,15.0,5.0,7.5,39.75
5308.20.00,53,5308,True Hemp Yarn,,10.0,0.0,0.0,15.0,5.0,7.5,39.75
5308.90.00,53,5308,"Yarn Of Vegetable Textile Fibres, Nes",,10.0,0.0,0.0,15.0,5.0,7.5,39.75
5309.11.00,53,5309,"Bleached Or Unbleached, Woven Fabrics Of Flax, With >=85% Flax",,25.0,3.0,0.0,15.0,5.0,7.5,61.8
5309.19.00,53,5309,"Woven Fabrics Of Flax, With >=85% Flax, Printed, Dyed Or Coloured",,25.0,3.0,0.0,15.0,5.0,7.5,61.8
5309.21.00,53,5309,"Bleached Or Unbleached, Woven Fabrics Of Flax, With <85% Flax",,25.0,3.0,0.0,15.0,5.0,7.5,61.8
5309.29.00,53,5309,"Woven Fabrics Of Flax, With <85% Flax, Printed, Dyed Or Coloured",,25.0,3.0,0.0,15.0,5.0,7.5,61.8
5310.10.00,53,5310,Unbleached woven fabrics of jute or of other textile bast fibre,,25.0,3.0,0.0,15.0,5.0,7.5,61.8
5310.90.00,53,5310,Woven fabrics of jute or other textile bast fibres (excl. unbleached),,25.0,3.0,0.0,15.0,5.0,7.5,61.8
5311.00.00,53,5311,Woven fabrics of other vegetable textile fibres; woven fabrics of paper yarn.,,25.0,3.0,0.0,15.0,5.0,7.5,61.8
5401.10.00,54,5401,Sewing Thread Of Synthetic Filaments,,10.0,0.0,0.0,15.0,5.0,7.5,39.75
5401.20.00,54,5401,Sewing Thread Of Artificial Filaments,,10.0,0.0,0.0,15.0,5.0,7.5,39.75
5402.11.00,54,5402,Synthetic filament yarn?High tenacity of nylon or other polyamides Of aramids,,10.0,0.0,0.0,15.0,5.0,7.5,39.75
5402.19.00,54,5402,"Synthetic filament yarn?High tenacity of nylon or other polyamides, Excl.Of ar",,10.0,0.0,0.0,15.0,5.0,7.5,39.75
5402.20.00,54,5402,"High tenacity yarn of polyesters, whether or not textured",,10.0,0.0,0.0,15.0,5.0,7.5,39.75
5402.31.00,54,5402,"Textured Yarn, Of Nylon Or Other Polyamides, =<5tex, Nprs",,10.0,0.0,0.0,15.0,5.0,7.5,39.75
5402.32.00,54,5402,"Textured Yarn, Of Nylon Or Other Polyamides, >50tex, Nprs",,10.0,0.0,0.0,15.0,5.0,7.5,39.75
5402.33.00,54,5402,TEXTURED YARN OF POLYESTER,,25.0,3.0,0.0,15.0,5.0,7.5,61.8
5402.34.00,54,5402,Textured yarn Of polypropylene,,10.0,0.0,0.0,15.0,5.0,7.5,39.75
5402.39.00,54,5402,"Synthetic Textured Yarn, Nes, Nprs",,10.0,0.0,0.0,15.0,5.0,7.5,39.75
5402.44.00,54,5402,"Other yarn, single, untwisted or with a twist not exceeding 50 turns per metre",,0.0,0.0,0.0,15.0,5.0,7.5,27.5
5402.45.00,54,5402,"Other yarn,single,untwisted or with a twist <=50 turns per metre Othr,of nylon",,10.0,0.0,0.0,15.0,5.0,7.5,39.75
5402.46.00,54,5402,"Other yarn,single,untwisted or with a twist <=50 turns per metre Other, of pol",,10.0,0.0,0.0,15.0,5.0,7.5,39.75
5402.47.00,54,5402,"Other yarn,single,untwisted or with a twist <=50 turns per metre Other, of pol",,10.0,0.0,0.0,15.0,5.0,7.5,39.75
5402.48.00,54,5402,"Other yarn,single,untwisted or with a twist <=50 turns per metre Other, of pol",,10.0,0.0,0.0,15.0,5.0,7.5,39.75
5402.49.00,54,5402,"Single Synthetic Yarn, Nes,Untwisted With =<50turns/M, Nprs",,10.0,0.0,0.0,15.0,5.0,7.5,39.75
5402.51.00,54,5402,"Single Yarn Of Nylon Or Other Polyamides, With >50turns/M, Nprs",,10.0,0.0,0.0,15.0,5.0,7.5,39.75
5402.52.00,54,5402,"Single Yarn Of Polyesters, With >50turns/M, Nprs",,10.0,0.0,0.0,15.0,5.0,7.5,39.75
5402.53.00,54,5402,"Other yarn, single, with a twist exceeding 50 turns per metre of polyster",,5.0,0.0,0.0,15.0,5.0,7.5,33.63
5402.59.00,54,5402,"Single Synthetic Yarn, Nes, With >50turns/M, Nprs",,10.0,0.0,0.0,15.0,5.0,7.5,39.75
5402.61.00,54,5402,"Multiple Or Cabled Yarn Of Nylon Or Other Polyamides, Nprs",,10.0,0.0,0.0,15.0,5.0,7.5,39.75
5402.62.00,54,5402,"Synthetic Multiple Or Cabled Yarn Of Polyesters, Nprs",,10.0,0.0,0.0,15.0,5.0,7.5,39.75
5402.63.00,54,5402,"Other yarn, multiple (folded) or cabled of polypropylene",,10.0,0.0,0.0,15.0,5.0,7.5,39.75
5402.69.00,54,5402,"Synthetic Multiple Or Cabled Yarn, Nes, Nprs",,10.0,0.0,0.0,15.0,5.0,7.5,39.75
5403.10.00,54,5403,"High Tenacity Yarn Of Viscose Rayon, Nprs Excl. Sewing Thread",,10.0,0.0,0.0,15.0,5.0,7.5,39.75
5403.31.00,54,5403,"Single Yarn Of Viscose Rayon,Untwisted Or With =<120turns/M, Nprs",,5.0,0.0,0.0,0.0,5.0,7.5,17.88
5403.32.00,54,5403,"Single Yarn Of Viscose Rayon, With >120turns/M, Nprs",,5.0,0.0,0.0,15.0,5.0,7.5,33.63
5403.33.00,54,5403,"Single Yarn Of Cellulose Acetate, Nprs",,10.0,0.0,0.0,15.0,5.0,7.5,39.75
5403.39.00,54,5403,"Single Artificial Yarn, Nes, Nprs",,10.0,0.0,0.0,15.0,5.0,7.5,39.75
5403.41.00,54,5403,"Multiple Or Cabled Yarn Of Viscose Rayon, Nprs",,10.0,0.0,0.0,15.0,5.0,7.5,39.75
5403.42.00,54,5403,"Multiple Or Cabled Yarn Of Cellulose Acetate, Nprs",,10.0,0.0,0.0,15.0,5.0,7.5,39.75
5403.49.00,54,5403,"Multiple Or Cabled Artificial Yarn, Nes, Nprs",,10.0,0.0,0.0,15.0,5.0,7.5,39.75
5404.11.00,54,5404,Monofilament Elastomeric,,10.0,0.0,0.0,15.0,5.0,7.5,39.75
5404.12.00,54,5404,"Monofilament Other, of polypropylene",,10.0,0.0,0.0,15.0,5.0,7.5,39.75
5404.19.00,54,5404,Monofilament Excl. Elastomeric & other of polypropylene,,10.0,0.0,0.0,15.0,5.0,7.5,39.75
5404.90.00,54,5404,OTH. SYNTHETIC MONOFILAMENT OF 67 DECITEX OR MORE... (EXCL. MONOFILAMENT),,10.0,0.0,0.0,15.0,5.0,7.5,39.75
5405.00.00,54,5405,Artfcl.Monofilament Of>=67dec.Strip&The Like Of Artfcl.Txte.Mtrl.Width=<5m,,25.0,3.0,0.0,15.0,5.0,7.5,61.8
5406.00.00,54,5406,"Manmade filament yarn (other than sewing thread), put up for retail sale.",,10.0,0.0,0.0,15.0,5.0,7.5,39.75
5407.10.10,54,5407,Rejected fabrics generated during manu.of garments or processing of fabrics,,25.0,3.0,0.0,15.0,5.0,7.5,61.8
5407.10.90,54,5407,"Rejected fabrics generated during manu.of garments or processing of fabrics, nes",,25.0,3.0,10.0,15.0,5.0,7.5,77.48
5407.20.00,54,5407,Woven Fabrics Obtained From Synthetic Strip Or The Like,,25.0,3.0,10.0,15.0,5.0,7.5,77.48
5407.30.00,54,5407,Fabrics Of Synthetic Filament Yarn Specified In Note 9 To Section Xi,,25.0,3.0,10.0,15.0,5.0,7.5,77.48
5407.41.00,54,5407,"Unbleached Or Bleached Woven Fabrics, >=85% Nylon...",,25.0,3.0,10.0,15.0,5.0,7.5,77.48
5407.42.00,54,5407,"Dyed Woven Fabrics Of Synthetic Filament Yarn, >=85% Nylon...",,25.0,3.0,10.0,15.0,5.0,7.5,77.48
5407.43.00,54,5407,"Coloured Woven Fabrics Of Synthetic Filament Yarn, >=85% Nylon...",,25.0,3.0,10.0,15.0,5.0,7.5,77.48
5407.44.00,54,5407,"Printed Woven Fabrics Of Synthetic Filament Yarn, >=85% Nylon...",,25.0,3.0,10.0,15.0,5.0,7.5,77.48
5407.51.00,54,5407,"Unbleached Or Bleached Woven Fabrics, >=85% Textured Polyester",,25.0,3.0,10.0,15.0,5.0,7.5,77.48
5407.52.00,54,5407,"Dyed Woven Fabrics Of Synthetic Filament Yarn, >=85% Textured Polyester",,25.0,3.0,10.0,15.0,5.0,7.5,77.48
5407.53.00,54,5407,"Coloured Woven Fabrics Of Synthetic Yarn, >=85% Textured Polyester",,25.0,3.0,10.0,15.0,5.0,7.5,77.48
5407.54.00,54,5407,"Printed Woven Fabrics Of Synthetic Yarn, >=85% Textured Polyester",,25.0,3.0,10.0,15.0,5.0,7.5,77.48
5407.61.00,54,5407,Other Woven Fabrics Of Synthetic Yarn>=85% Nontextured Polyester Filaments,,25.0,3.0,10.0,15.0,5.0,7.5,77.48
5407.69.00,54,5407,Other Woven Fabrics Of Synth'C Yarn >=85% Textrd/Non-Textrd Polystr Filmnt,,25.0,3.0,10.0,15.0,5.0,7.5,77.48
5407.71.00,54,5407,"Unbleached Or Bleached Woven Fabrics, >=85% Synthetic Filaments, Nes",,25.0,3.0,10.0,15.0,5.0,7.5,77.48
5407.72.00,54,5407,"Dyed Woven Fabrics, >=85% Synthetic Filaments, Nes",,25.0,3.0,10.0,15.0,5.0,7.5,77.48
5407.73.00,54,5407,"Coloured Woven Fabrics, >=85% Synthetic Filaments, Nes",,25.0,3.0,10.0,15.0,5.0,7.5,77.48
5407.74.00,54,5407,"Printed Woven Fabrics, >=85% Synthetic Filaments, Nes",,25.0,3.0,10.0,15.0,5.0,7.5,77.48
5407.81.00,54,5407,"Unbleached/Bleached Woven Fbrc.,<85% Synthetic Filaments,Mixed With Cotton",,25.0,3.0,10.0,15.0,5.0,7.5,77.48
5407.82.00,54,5407,"Dyed Woven Fabrics, <85% Synthetic Filaments, Mixed With Cotton",,25.0,3.0,10.0,15.0,5.0,7.5,77.48
5407.83.00,54,5407,"Coloured Woven Fabrics, <85% Synthetic Filaments, Mixed With Cotton",,25.0,3.0,10.0,15.0,5.0,7.5,77.48
5407.84.00,54,5407,"Printed Woven Fabrics, <85% Synthetic Filaments, Mixed With Cotton",,25.0,3.0,10.0,15.0,5.0,7.5,77.48
5407.91.00,54,5407,"Unbleached Or Bleached Woven Fabrics <85% Synthetic Filament Yarn, Nes",,25.0,3.0,10.0,15.0,5.0,7.5,77.48
5407.92.00,54,5407,"Dyed Woven Fabrics <85% Synthetic Filament Yarn, Nes",,25.0,3.0,10.0,15.0,5.0,7.5,77.48
5407.93.00,54,5407,"Coloured Woven Fabrics <85% Synthetic Filament Yarn, Nes",,25.0,3.0,10.0,15.0,5.0,7.5,77.48
5407.94.00,54,5407,"Printed Woven Fabrics <85% Synthetic Filament Yarn, Nes",,25.0,3.0,10.0,15.0,5.0,7.5,77.48
5408.10.00,54,5408,"Woven Fabrics Of High Tenacity Synthetic Filament Yarn, Of Viscose Rayon",,25.0,3.0,10.0,15.0,5.0,7.5,77.48
5408.21.00,54,5408,"Unbleached Or Bleached Woven Fabrics, >=85% Artificial Filaments Or Strip",,25.0,3.0,10.0,15.0,5.0,7.5,77.48
5408.22.00,54,5408,"Dyed Woven Fabrics, >=85% Artificial Filaments Or Strip",,25.0,3.0,10.0,15.0,5.0,7.5,77.48
5408.23.00,54,5408,"Coloured Woven Fabrics, >=85% Artificial Filaments Or Strip",,25.0,3.0,10.0,15.0,5.0,7.5,77.48
5408.24.00,54,5408,"Printed Woven Fabrics, >=85% Artificial Filaments Or Strip",,25.0,3.0,10.0,15.0,5.0,7.5,77.48
5408.31.00,54,5408,"Unbleached Or Bleached Woven Fabrics Of Artificial Filament Yarn, Nes",,25.0,3.0,10.0,15.0,5.0,7.5,77.48
5408.32.00,54,5408,"Dyed Woven Fabrics Of Artificial Filament Yarn, Nes",,25.0,3.0,10.0,15.0,5.0,7.5,77.48
5408.33.00,54,5408,"Coloured Woven Fabrics Of Artificial Filament Yarn, Nes",,25.0,3.0,10.0,15.0,5.0,7.5,77.48
5408.34.00,54,5408,"Printed Woven Fabrics Of Artificial Filament Yarn, Nes",,25.0,3.0,10.0,15.0,5.0,7.5,77.48
5501.11.00,55,5501,"Snthetic filament tow Of nylon or other polyamides ,Of aramids",,5.0,0.0,0.0,15.0,5.0,7.5,33.63
5501.19.00,55,5501,Synthetic filament tow Of nylon or other polyamides : Excluding Of aramids,,5.0,0.0,0.0,15.0,5.0,7.5,33.63
5501.20.00,55,5501,Synthetic Filament Tow Of Polyesters,,5.0,0.0,0.0,15.0,5.0,7.5,33.63
5501.30.00,55,5501,ACRYLIC OR MOD ACRYLIC IMPORTED VAT REG. SYNTHETIC STAPLE FIBER MANUFACT.,,1.0,0.0,0.0,15.0,0.0,7.5,23.73
5501.40.00,55,5501,Synthetic filament tow Acrylic or modacrylic Of polypropylene,,5.0,0.0,0.0,15.0,5.0,7.5,33.63
5501.90.00,55,5501,Synthetic Filament Tow (Excl. Nylon/Polyesters/Acrylic),,5.0,0.0,0.0,15.0,5.0,7.5,33.63
5502.10.00,55,5502,Artificial filament tow of cellulose acetate,,25.0,3.0,0.0,15.0,5.0,7.5,61.8
5502.90.00,55,5502,"Artificial filament tow, nes",,25.0,3.0,0.0,15.0,5.0,7.5,61.8
5503.11.00,55,5503,"Syn.Sta.fibres, not carded,combed or otherwise proce.for spin.Of nylon or othe",,5.0,0.0,0.0,0.0,0.0,7.5,12.88
5503.19.00,55,5503,"Syn.Sta.fibres,not carded, combed or othrwise pro.for spin.Of nylon or othr po",,0.0,0.0,0.0,0.0,5.0,7.5,12.5
5503.20.00,55,5503,"Synthetic Staple Fibres, Of Polyesters, Not Carded, Combed Or Processed",,5.0,0.0,0.0,0.0,0.0,0.0,5.0
5503.30.00,55,5503,"Acrylic Or Modacrylic Synth. Staple Fibres,Not Carded,Combed Or Processed",,0.0,0.0,0.0,0.0,0.0,7.5,7.5
5503.40.00,55,5503,"Synthetic Staple Fibres,Of Polypropylene,Not Carded,Combed Or Processed",,5.0,0.0,0.0,15.0,0.0,7.5,28.63
5503.90.00,55,5503,"Syn.Staple Fibres,Not Carded,Combed Or Processed(Exl.Nyl/Polest./Acry./Pp)",,0.0,0.0,0.0,15.0,5.0,7.5,27.5
5504.10.00,55,5504,"Artificial Staple Fibres,Of Viscose Rayon,Not Carded,Combed Or Processed",,0.0,0.0,0.0,15.0,0.0,0.0,15.0
5504.90.00,55,5504,"Artificial Staple Fibres, (Excl. Viscose), Not Carded,Combed Or Processed",,0.0,0.0,0.0,15.0,0.0,7.5,22.5
5505.10.00,55,5505,"Waste Of Synthetic Fibre, (Incl. Noils, Yarn Waste And Garnetted Stock)",,0.0,0.0,0.0,15.0,0.0,7.5,22.5
5505.20.00,55,5505,"Waste Of Artificial Fibre, (Incl. Noils, Yarn Waste And Garnetted Stock)",,0.0,0.0,0.0,15.0,0.0,7.5,22.5
5506.10.00,55,5506,"Synt.Staple Fibres,Of Nylon Or Other Polyamides,Carded,Combed Or Processed",,5.0,0.0,0.0,0.0,0.0,7.5,12.88
5506.20.00,55,5506,"Synthetic Staple Fibres, Of Polyesters, Carded, Combed Or Processed",,0.0,0.0,0.0,0.0,0.0,7.5,7.5
5506.30.00,55,5506,"Acrylic Or Modacrylic Synthetic Staple Fibres,Carded,Combed Or Processed",,5.0,0.0,0.0,0.0,0.0,7.5,12.88
5506.40.00,55,5506,"Synthetic staple fibres, carded, combed or otherwise processed for spinning",,5.0,0.0,0.0,15.0,5.0,7.5,33.63
5506.90.00,55,5506,"Syn.Staple Fibres,Nes,Carded,Combed Or Processed(Exl.Nyl./Polester/Acry.)",,5.0,0.0,0.0,15.0,0.0,7.5,28.63
5507.00.00,55,5507,"Artificial Staple Fibres, Carded, Combed Or Processed For Spinning",,5.0,0.0,0.0,15.0,0.0,7.5,28.63
5508.10.00,55,5508,Sewing Thread Of Synthetic Staple Fibres,,10.0,0.0,0.0,15.0,5.0,7.5,39.75
5508.20.00,55,5508,Sewing Thread Of Artificial Staple Fibres,,10.0,0.0,0.0,15.0,5.0,7.5,39.75
5509.11.00,55,5509,"Single Yarn, With >=85% Staple Fibres Of Nylon Or Other Polyamides, Nprs",,10.0,0.0,0.0,15.0,5.0,7.5,39.75
5509.12.00,55,5509,"Multiple Or Cabled Yarn, >=85% Staple Fibres Of Nylon, Etc, Nprs",,10.0,0.0,0.0,15.0,5.0,7.5,39.75
5509.21.00,55,5509,"Single Yarn, With >=85% Polyester Staple Fibres, Nprs",,10.0,0.0,0.0,15.0,5.0,7.5,39.75
5509.22.00,55,5509,"Multiple Or Cabled Yarn, With >=85% Polyester Staple Fibres, Nprs",,10.0,0.0,0.0,15.0,5.0,7.5,39.75
5509.31.00,55,5509,"Single Yarn, With >=85% Acrylic Or Modacrylic Staple Fibres, Nprs",,10.0,0.0,0.0,15.0,5.0,7.5,39.75
5509.32.00,55,5509,"Multiple Or Cabled Yarn, >=85% Acrylic Or Modacrylic Staple Fibres, Nprs",,10.0,0.0,0.0,15.0,5.0,7.5,39.75
5509.41.00,55,5509,"Single Yarn, With >=85% Synthetic Staple Fibres, Nes, Nprs",,10.0,0.0,0.0,15.0,5.0,7.5,39.75
5509.42.00,55,5509,"Multiple Or Cabled Yarn, With >=85% Synthetic Staple Fibres, Nes, Nprs",,10.0,0.0,0.0,15.0,5.0,7.5,39.75
5509.51.00,55,5509,"Yarn,<85% Polyester Staple Fibres,Mixed With Artificial Staple Fibres,Nprs",,10.0,0.0,0.0,15.0,5.0,7.5,39.75
5509.52.00,55,5509,"Yarn,<85% Polyester Staple Fibres,Mixed With Wool Or Fine Animal Hair,Nprs",,10.0,0.0,0.0,15.0,5.0,7.5,39.75
5509.53.00,55,5509,"Yarn, <85% Polyester Staple Fibres, Mixed With Cotton, Nprs",,10.0,0.0,0.0,15.0,5.0,7.5,39.75
5509.59.00,55,5509,"Yarn,<85%Polyester Staple Fibres,Nes,Nprs(Exl.Arti/Wool/Cotton Staplefibre",,10.0,0.0,0.0,15.0,5.0,7.5,39.75
5509.61.00,55,5509,"Yarn, <85% Acrylic Or Modacrylic Staple Fibres, Mixed With Wool..., Nprs",,10.0,0.0,0.0,15.0,5.0,7.5,39.75
5509.62.00,55,5509,"Yarn, <85% Acrylic Or Modacrylic Staple Fibres, Mixed With Cotton, Nprs",,10.0,0.0,0.0,15.0,5.0,7.5,39.75
5509.69.00,55,5509,"Yarn, <85%Acrylic Or Modacrylic Staple Fibres, Nes, Nprs(Exl. Wool/Cotton)",,10.0,0.0,0.0,15.0,5.0,7.5,39.75
5509.91.00,55,5509,"Yarn, Synthetic Staple Fibres, Nes, Mixed With Wool..., Nprs",,10.0,0.0,0.0,15.0,5.0,7.5,39.75
5509.92.00,55,5509,"Yarn, Synthetic Staple Fibres, Nes, Mixed With Cotton, Nprs",,10.0,0.0,0.0,15.0,5.0,7.5,39.75
5509.99.00,55,5509,"Yarn, Synthetic Staple Fibres,Nes, Nprs (Exl. Wool/Cotton)",,10.0,0.0,0.0,15.0,5.0,7.5,39.75
5510.11.00,55,5510,"Single Yarn, With >=85% Artificial Staple Fibres, Nprs",,10.0,0.0,0.0,15.0,5.0,7.5,39.75
5510.12.10,55,5510,Water Blocking Yarn,,10.0,0.0,0.0,15.0,5.0,7.5,39.75
5510.20.00,55,5510,"Yarn, Artificial Staple Fibres, Mixed With Wool..., Nprs",,10.0,0.0,0.0,15.0,5.0,7.5,39.75
5510.30.10,55,5510,Water Blocking Tape,,10.0,0.0,0.0,15.0,5.0,7.5,39.75
5510.90.00,55,5510,"Yarn, Artificial Staple Fibres, Nes, Nprs (Exl. Wool/Cotton)",,10.0,0.0,0.0,15.0,5.0,7.5,39.75
5511.10.00,55,5511,"Yarn, With >=85% Synthetic Staple Fibres, Put Up For Retail Sale",,10.0,0.0,0.0,15.0,5.0,7.5,39.75
5511.20.00,55,5511,"Yarn, <85% Synthetic Staple Fibres, Put Up For Retail Sale",,10.0,0.0,0.0,15.0,5.0,7.5,39.75
5511.30.00,55,5511,"Yarn Of Artificial Staple Fibres, Put Up For Retail Sale",,10.0,0.0,0.0,15.0,5.0,7.5,39.75
5512.11.00,55,5512,"Unbleached or bleached woven fabrics, >=85% polyester staple fibres",,25.0,3.0,10.0,15.0,5.0,7.5,77.48
5512.19.10,55,5512,Silk screen,,25.0,3.0,0.0,15.0,5.0,7.5,61.8
5512.19.90,55,5512,"Woven Fabrics, >=85% Polyester Staple Fibres, Excl.Unbleached Or Bleached",,25.0,3.0,10.0,15.0,5.0,7.5,77.48
5512.21.00,55,5512,"Unbleached or bleached woven fabrics, >=85% acrylic... staple fibres",,25.0,3.0,10.0,15.0,5.0,7.5,77.48
5512.29.00,55,5512,"Woven Fabrics, >=85% Acrylic... Staple Fibres, Excl.Unbleached Or Bleached",,25.0,3.0,10.0,15.0,5.0,7.5,77.48
5512.91.00,55,5512,"Unbleached or bleached woven fabrics, >=85% synthetic staple fibres, nes",,25.0,3.0,10.0,15.0,5.0,7.5,77.48
5512.99.00,55,5512,"Woven Fabrics, >=85% Synthetic Fibres, Nes",,25.0,3.0,10.0,15.0,5.0,7.5,77.48
5513.11.00,55,5513,"Plain weave fabrics, <85% polyester fibres + cotton, =<170g/m2 fibres, plain weave",,25.0,3.0,10.0,15.0,5.0,7.5,77.48
5513.12.00,55,5513,"3-Thread or 4-thread twill, including cross twill ,of polyester staple fibres",,25.0,3.0,10.0,15.0,5.0,7.5,77.48
5513.13.00,55,5513,Other woven fabrics of polyester staple fibres,,25.0,3.0,10.0,15.0,5.0,7.5,77.48
5513.19.00,55,5513,Other woven fabrics,,25.0,3.0,10.0,15.0,5.0,7.5,77.48
5513.21.00,55,5513,"Dyed Plain Weave Fabrics, <85% Polyester Fibres + Cotton, =<170g/M2",,25.0,3.0,10.0,15.0,5.0,7.5,77.48
5513.23.00,55,5513,"Dyed Woven Fabrics, Nes, <85% Polyester Fibres + Cotton, =<170g/M2",,25.0,3.0,10.0,15.0,5.0,7.5,77.48
5513.29.00,55,5513,"Dyed Woven Fabrics, <85% Synthetic Fibres + Cotton, Nes, =<170g/M2",,25.0,3.0,10.0,15.0,5.0,7.5,77.48
5513.31.00,55,5513,"Coloured Plain Weave Fabrics, <85% Polyester Fibres + Cotton, =<170g/M2",,25.0,3.0,10.0,15.0,5.0,7.5,77.48
5513.39.00,55,5513,"Coloured Woven Fabrics, <85% Synthetic Fibres + Cotton, Nes, =<170g/M2",,25.0,3.0,10.0,15.0,5.0,7.5,77.48
5513.41.00,55,5513,"Printed Plain Weave Fabrics, <85% Polyester Fibres + Cotton, =<170g/M2",,25.0,3.0,10.0,15.0,5.0,7.5,77.48
5513.49.00,55,5513,"Printed Woven Fabrics, <85% Synthetic Fibres + Cotton, Nes, =<170g/M2",,25.0,3.0,10.0,15.0,5.0,7.5,77.48
5514.11.00,55,5514,"Of polyester staple fibres, plain weave",,25.0,3.0,10.0,15.0,5.0,7.5,77.48
5514.12.00,55,5514,"3-Thread for 4-thread twill, including cross twill, of polyester staple fibres",,25.0,3.0,10.0,15.0,5.0,7.5,77.48
5514.19.00,55,5514,Other woven fabrics,,25.0,3.0,10.0,15.0,5.0,7.5,77.48
5514.21.00,55,5514,"Dyed Plain Weave Fabrics, <85% Polyester Fibres + Cotton, >170g/M2",,25.0,3.0,10.0,15.0,5.0,7.5,77.48
5514.22.00,55,5514,"Dyed 3 Or 4-Thread Twill, <85% Polyester Fibres + Cotton, >170g/M2",,25.0,3.0,10.0,15.0,5.0,7.5,77.48
5514.23.00,55,5514,"Dyed Woven Fabrics, Nes, <85% Polyester Fibres + Cotton, >170g/M2",,25.0,3.0,10.0,15.0,5.0,7.5,77.48
5514.29.00,55,5514,"Dyed Woven Fabrics, <85% Synthetic Fibres + Cotton, Nes, >170g/M2",,25.0,3.0,10.0,15.0,5.0,7.5,77.48
5514.30.00,55,5514,"Unbleached or bleached Of polyester staple fibres, plain weave: dyed Of yarns",,25.0,3.0,10.0,15.0,5.0,7.5,77.48
5514.41.00,55,5514,"Printed Plain Weave Fabrics, <85% Polyester Fibres + Cotton, >170g/M2",,25.0,3.0,10.0,15.0,5.0,7.5,77.48
5514.42.00,55,5514,"Printed 3 Or 4-Thread Twill, <85% Polyester Fibres + Cotton, >170g/M2",,25.0,3.0,10.0,15.0,5.0,7.5,77.48
5514.43.00,55,5514,"Printed Woven Fabrics, Nes, <85% Polyester Fibres + Cotton, >170g/M2",,25.0,3.0,10.0,15.0,5.0,7.5,77.48
5514.49.00,55,5514,"Printed Woven Fabrics, <85% Synthetic Fibres + Cotton, Nes, >170g/M2",,25.0,3.0,10.0,15.0,5.0,7.5,77.48
5515.11.00,55,5515,Mixed mainly or solely with viscose rayon staple fibres,,25.0,3.0,10.0,15.0,5.0,7.5,77.48
5515.12.00,55,5515,Mixed mainly or solely with man-made filaments:,,25.0,3.0,10.0,15.0,5.0,7.5,77.48
5515.13.00,55,5515,Mixed mainly or solely with wool or fine animal hair:,,25.0,3.0,10.0,15.0,5.0,7.5,77.48
5515.19.00,55,5515,"Woven fabrics of polyester staple fibres, nes",,25.0,3.0,10.0,15.0,5.0,7.5,77.48
5515.21.00,55,5515,Mixed mainly or solely with man-made filaments,,25.0,3.0,10.0,15.0,5.0,7.5,77.48
5515.22.00,55,5515,Mixed mainly or solely with wool or fine animal hair,,25.0,3.0,10.0,15.0,5.0,7.5,77.48
5515.29.00,55,5515,"Woven fabrics of acrylic or modacrylic staple fibres, nes",,25.0,3.0,10.0,15.0,5.0,7.5,77.48
5515.91.00,55,5515,Mixed mainly or solely with man-made filaments:,,25.0,3.0,10.0,15.0,5.0,7.5,77.48
5515.99.00,55,5515,"Woven fabrics of synthetic staple fibres, nes",,25.0,3.0,10.0,15.0,5.0,7.5,77.48
5516.11.00,55,5516,"Unbleached or bleached woven fabrics, >=85% artificial staple fibres",,25.0,3.0,10.0,15.0,5.0,7.5,77.48
5516.12.00,55,5516,"Dyed Woven Fabrics, >=85% Artificial Staple Fibres",,25.0,3.0,10.0,15.0,5.0,7.5,77.48
5516.13.00,55,5516,"Coloured Woven Fabrics Of Yarn, >=85% Artificial Staple Fibres",,25.0,3.0,10.0,15.0,5.0,7.5,77.48
5516.14.00,55,5516,"Printed Woven Fabrics, >=85% Artificial Staple Fibres",,25.0,3.0,10.0,15.0,5.0,7.5,77.48
5516.21.00,55,5516,"Woven fab. <85% artificial fibres, with man-made filas, Unbleached or bleached",,25.0,3.0,10.0,15.0,5.0,7.5,77.48
5516.22.00,55,5516,"Dyed Woven Fabrics, <85% Artificial Fibres, With Man-Made Filaments",,25.0,3.0,10.0,15.0,5.0,7.5,77.48
5516.23.00,55,5516,"Coloured Woven Fabrics, <85% Artificial Fibres, With Man-Made Filaments",,25.0,3.0,10.0,15.0,5.0,7.5,77.48
5516.24.00,55,5516,"Printed Woven Fabrics, <85% Artificial Fibres, With Man-Made Filaments",,25.0,3.0,10.0,15.0,5.0,7.5,77.48
5516.31.00,55,5516,"Woven fabrics, <85% artificial fibres, with wool..., Unbleached or bleached",,25.0,3.0,10.0,15.0,5.0,7.5,77.48
5516.32.00,55,5516,"Dyed Woven Fabrics, <85% Artificial Fibres, With Wool...",,25.0,3.0,10.0,15.0,5.0,7.5,77.48
5516.33.00,55,5516,"Coloured Woven Fabrics, <85% Artificial Staple Fibres, With Wool...",,25.0,3.0,10.0,15.0,5.0,7.5,77.48
5516.34.00,55,5516,"Printed Woven Fabrics, <85% Artificial Staple Fibres, With Wool...",,25.0,3.0,10.0,15.0,5.0,7.5,77.48
5516.41.00,55,5516,"Woven fabrics, <85% artificial staple fibres, mixed with cotton Unblea. or bleached",,25.0,3.0,10.0,15.0,5.0,7.5,77.48
5516.42.00,55,5516,"Dyed Woven Fabrics, <85% Artificial Staple Fibres, Mixed With Cotton",,25.0,3.0,10.0,15.0,5.0,7.5,77.48
5516.43.00,55,5516,"Coloured Woven Fabrics, <85% Artificialstaple Fibres, Mixed With Cotton",,25.0,3.0,10.0,15.0,5.0,7.5,77.48
5516.44.00,55,5516,"Printed Woven Fabrics, <85% Artificial Staple Fibres, Mixed With Cotton",,25.0,3.0,10.0,15.0,5.0,7.5,77.48
5516.91.00,55,5516,"Woven fabrics, <85% artificial staple fibres, nes Unbleached or bleached",,25.0,3.0,10.0,15.0,5.0,7.5,77.48
5516.92.00,55,5516,"Dyed Woven Fabrics, <85% Artificial Staple Fibres, Nes",,25.0,3.0,10.0,15.0,5.0,7.5,77.48
5516.93.00,55,5516,"Coloured Woven Fabrics, <85% Artificial Staple Fibres",,25.0,3.0,10.0,15.0,5.0,7.5,77.48
5516.94.00,55,5516,"Printed Woven Fabrics, <85% Artificial Staple Fibres, Nes",,25.0,3.0,10.0,15.0,5.0,7.5,77.48
5601.21.00,56,5601,Cotton Wadding And Articles Thereof,,25.0,3.0,0.0,15.0,5.0,7.5,61.8
5601.22.00,56,5601,Wadding Of Man-Made Fibres And Articles Thereof,,25.0,3.0,0.0,15.0,5.0,7.5,61.8
5601.29.00,56,5601,"Wadding and articles of wadding, nes",,25.0,3.0,0.0,15.0,5.0,7.5,61.8
5601.30.00,56,5601,Textile Flock And Dust And Mill Neps,,25.0,3.0,0.0,15.0,5.0,7.5,61.8
5602.10.00,56,5602,Needleloom felt and stitch-bonded fibre fabrics,,25.0,3.0,0.0,15.0,5.0,7.5,61.8
5602.21.00,56,5602,"Felt Of Wool Or Fine Animal Hair (Excl. Impregnated, Coated, Etc)",,25.0,3.0,0.0,15.0,5.0,7.5,61.8
5602.29.00,56,5602,"Felt of textile materials (excl. impregnated, coated, etc) Of other textile materials",,25.0,3.0,0.0,15.0,5.0,7.5,61.8
5602.90.00,56,5602,"Felt, Nes (Exl. Needleloom, Wool, Text Material, Jute, Other Than Jute)",,25.0,3.0,0.0,15.0,5.0,7.5,61.8
5603.11.10,56,5603,Hydrophilic/hydrophobic white/light/green,,25.0,3.0,0.0,15.0,5.0,7.5,61.8
5603.11.90,56,5603,"Nonwovens, Of Man-Made Filaments, Weighing <=25g/M2",,25.0,3.0,0.0,15.0,5.0,7.5,61.8
5603.12.10,56,5603,Textile back sheet/Non woven air through bonded (ADL),,25.0,0.0,0.0,15.0,5.0,7.5,58.13
5603.12.90,56,5603,"Nonwovens, Of Man-Made Filaments, Weighing >25g/M2 But <=70g/M2",,25.0,3.0,0.0,15.0,5.0,7.5,61.8
5603.13.10,56,5603,Elastic back ear,,25.0,3.0,0.0,15.0,5.0,7.5,61.8
5603.13.90,56,5603,"Nonwovens, Of Man-Made Filaments, Weighing >70g/M2 But <=150g/M2",,25.0,3.0,0.0,15.0,5.0,7.5,61.8
5603.14.00,56,5603,"Nonwovens, Of Man-Made Filaments, Weighing >150g/M2",,25.0,3.0,0.0,15.0,5.0,7.5,61.8
5603.91.00,56,5603,"Nonwovens, Not Of Man-Made Filaments, Weighing <=25g/M2",,25.0,3.0,0.0,15.0,5.0,7.5,61.8
5603.92.10,56,5603,"Dry web, Weighing more than 25 g/m2 but not more than 70 g/m2",,25.0,3.0,0.0,15.0,5.0,7.5,61.8
5603.92.90,56,5603,"Nonwovens, Not Of Man-Made Filaments, Weighing >25g/M2 But <=70g/M2",,25.0,3.0,0.0,15.0,5.0,7.5,61.8
5603.93.00,56,5603,"Nonwovens, Not Of Man-Made Filaments, Weighing >70g/M2 But <=150g/M2",,25.0,3.0,0.0,15.0,5.0,7.5,61.8
5603.94.00,56,5603,"Nonwovens, Not Of Man-Made Filaments, Weighing >150g/M2",,25.0,3.0,0.0,15.0,5.0,7.5,61.8
5604.10.00,56,5604,"Rubber Thread And Cord, Textile Covered",,25.0,3.0,0.0,15.0,5.0,7.5,61.8
5604.90.00,56,5604,"Textile Yarn And Strip, Etc, Impregnated Or Coated",,25.0,3.0,0.0,15.0,5.0,7.5,61.8
5605.00.10,56,5605,Metalized round yarn,,25.0,0.0,20.0,15.0,5.0,7.5,88.75
5605.00.90,56,5605,Other metalized yarn,,25.0,3.0,0.0,15.0,5.0,7.5,61.8
5606.00.00,56,5606,"Gimped yarn, & strip & the like .... (including flock chenille yarn); loop wale-yarn.",,25.0,3.0,0.0,15.0,5.0,7.5,61.8
5607.21.00,56,5607,"Binder Or Baler Twine Of Sisal, Etc, Of The Genus Agave",,10.0,0.0,0.0,15.0,5.0,7.5,39.75
5607.29.00,56,5607,"Twine,Cordage,Rope & Cables,Of Sisal,Etc. Of The Genus Agave,Nes,Ex.Binder",,10.0,0.0,0.0,15.0,5.0,7.5,39.75
5607.41.00,56,5607,Binder Or Baler Twine Of Polyethylene Or Polypropylene,,10.0,0.0,0.0,15.0,5.0,7.5,39.75
5607.49.10,56,5607,"Twine,Cordage,Rope&Cables,Of Polyethylene/Polypropy. For Fishing Trawlers",,5.0,0.0,0.0,15.0,5.0,7.5,33.63
5607.49.90,56,5607,"Twine, Cordage,Rope & Cables, Of Polyethylene Or Polypropylene, Other",,10.0,0.0,0.0,15.0,5.0,7.5,39.75
5607.50.00,56,5607,"Twine, Cordage, Rope And Cables, Of Synthetic Fibres, Nes",,10.0,0.0,0.0,15.0,5.0,7.5,39.75
5607.90.00,56,5607,"Twine, cordage, ropes and cables, whether or not plaited .. with rubber or pla",,10.0,0.0,0.0,15.0,5.0,7.5,39.75
5608.11.10,56,5608,Made Up Fishing Nets For Fishing Trawler,,1.0,0.0,0.0,15.0,5.0,7.5,28.73
5608.11.90,56,5608,"Other Made Up Fishing Nets, Excl, For Fishing Trawler",,10.0,0.0,0.0,15.0,5.0,7.5,39.75
5608.19.10,56,5608,Filter Cloth,,10.0,0.0,0.0,15.0,5.0,7.5,39.75
5608.19.90,56,5608,Knotted netting of man-made textile materials (excl. fishing nets),,10.0,0.0,0.0,15.0,5.0,7.5,39.75
5608.90.00,56,5608,"Knotted netting of twine, cordage or rope of textile materials, nes",,10.0,0.0,0.0,15.0,5.0,7.5,39.75
5609.00.10,56,5609,"Twine,Cordage,Rope Or Cables For Fishing Trawler And Factory Ships, Nes",,5.0,0.0,0.0,15.0,5.0,7.5,33.63
5609.00.90,56,5609,"Articles Of Yarn,Strip,Etc,Twine,Cordage, Rope Or Cables, Nes",,25.0,3.0,0.0,15.0,5.0,7.5,61.8
5701.10.00,57,5701,"Carpets And Other Textile Floor Coverings, Of Wool..., Knotted",,25.0,3.0,20.0,15.0,5.0,7.5,93.16
5701.90.00,57,5701,"Carpets & other textile floor coverings, ...textiles, knotted Of other textile material",,25.0,3.0,20.0,15.0,5.0,7.5,93.16
5702.10.00,57,5702,"Kelem, Schumacks, Karamanie And Other Similar Hand-Woven Rugs",,25.0,3.0,20.0,15.0,5.0,7.5,93.16
5702.20.00,57,5702,Floor Coverings Of Coconut Fibres (Coir),,25.0,3.0,20.0,15.0,5.0,7.5,93.16
5702.31.00,57,5702,"Floor Coverings Of Wool..., Of Pile Construction, Not Made Up",,25.0,3.0,20.0,15.0,5.0,7.5,93.16
5702.32.00,57,5702,"Floor Coverings Of Man-Made Textiles, Of Pile Construction Not Made Up",,25.0,3.0,20.0,15.0,5.0,7.5,93.16
5702.39.00,57,5702,"Pile floor coverin....textiles, woven, not made up Of other textile materials, nes",,25.0,3.0,20.0,15.0,5.0,7.5,93.16
5702.41.00,57,5702,"Pile Floor Coverings Of Wool..., Woven, Made Up",,25.0,3.0,20.0,15.0,5.0,7.5,93.16
5702.42.00,57,5702,"Pile Floor Coverings Of Man-Made Textiles, Woven, Made Up",,25.0,3.0,20.0,15.0,5.0,7.5,93.16
5702.49.00,57,5702,"Pile floor coverings of other textiles, woven, made up, Of other textile materials, nes",,25.0,3.0,20.0,15.0,5.0,7.5,93.16
5702.50.00,57,5702,"Carpets and other textile floor coverings Other, not of pile construction, not made up",,25.0,3.0,20.0,15.0,5.0,7.5,93.16
5702.91.00,57,5702,"Non-Pile Floor Coverings Of Wool..., Woven, Made Up",,25.0,3.0,20.0,15.0,5.0,7.5,93.16
5702.92.00,57,5702,"Non-Pile Floor Coverings Of Man-Made Textiles, Woven, Made Up",,25.0,3.0,20.0,15.0,5.0,7.5,93.16
5702.99.00,57,5702,"Non-pile floor coverings of textile materials, ....... up Of other textile materials, ne",,25.0,3.0,20.0,15.0,5.0,7.5,93.16
5703.10.00,57,5703,Tufted Floor Coverings Of Wool Or Of Fine Animal Hair,,25.0,3.0,20.0,15.0,5.0,7.5,93.16
5703.21.00,57,5703,Carpet and other textile floor coverings ... Of nylon or other polyamides : Turf,,25.0,3.0,20.0,15.0,5.0,7.5,93.16
5703.29.00,57,5703,Carpet and other textile floor Covering Of nylon or other polyamides : Excluding Turf,,25.0,3.0,20.0,15.0,5.0,7.5,93.16
5703.31.00,57,5703,Carpet and other textile floor covering ...Of other man-made textile materials :Turf,,25.0,3.0,20.0,15.0,5.0,7.5,93.16
5703.39.00,57,5703,Carpet other textile floor covering ...Of other man-made textile materials : Exl.Turf,,25.0,3.0,20.0,15.0,5.0,7.5,93.16
5703.90.00,57,5703,Carpet and other textile floor covering..of other textile materials of jute,,25.0,3.0,20.0,15.0,5.0,7.5,93.16
5704.10.00,57,5704,"Carpet Tiles =<0.3m2, Of Felt, Not Tufted Or Flocked",,25.0,3.0,20.0,15.0,5.0,7.5,93.16
5704.20.00,57,5704,"Tiles, having a maximum surface area exceeding 0.3 m² but not exceeding 1m²",,25.0,3.0,20.0,15.0,5.0,7.5,93.16
5704.90.00,57,5704,"Floor coverings of felt, not tufted or flocked, nes",,25.0,3.0,20.0,15.0,5.0,7.5,93.16
5705.00.00,57,5705,"Other carpets and other textile floor coverings, whether or not made up.",,25.0,3.0,20.0,15.0,5.0,7.5,93.16
5801.10.00,58,5801,Woven Pile Fabrics And Chenille Fabrics Of Wool Or Fine Animal Hair,,25.0,3.0,10.0,15.0,5.0,7.5,77.48
5801.21.00,58,5801,UNCUT WEFT PILE FABRICS,,25.0,3.0,10.0,15.0,5.0,7.5,77.48
5801.22.00,58,5801,Cut Corduroy Of Cotton,,25.0,3.0,10.0,15.0,5.0,7.5,77.48
5801.23.00,58,5801,"Weft Pile Fabrics Of Cotton, Nes",,25.0,3.0,10.0,15.0,5.0,7.5,77.48
5801.26.00,58,5801,"Chenille Fabrics, Of Cotton",,25.0,3.0,10.0,15.0,5.0,7.5,77.48
5801.27.00,58,5801,Warp pile fabrics,,25.0,3.0,10.0,15.0,5.0,7.5,77.48
5801.31.00,58,5801,UNCUT WEFT PILE FABRICS,,25.0,3.0,10.0,15.0,5.0,7.5,77.48
5801.32.00,58,5801,"Cut Corduroy Of Man-Made Fibres, Nes",,25.0,3.0,10.0,15.0,5.0,7.5,77.48
5801.33.00,58,5801,"Weft Pile Fabrics Of Man-Made Fibres, Nes",,25.0,3.0,10.0,15.0,5.0,7.5,77.48
5801.36.00,58,5801,"Chenille Fabrics Of Man-Made Fibres, Nes",,25.0,3.0,10.0,15.0,5.0,7.5,77.48
5801.37.00,58,5801,Warp pile fabrics,,25.0,3.0,10.0,15.0,5.0,7.5,77.48
5801.90.00,58,5801,"Floor coverings of felt, not tufted or flocked Of other textile materials nes,",,25.0,3.0,10.0,15.0,5.0,7.5,77.48
5802.10.00,58,5802,"Terry towelling and similar woven terry fabrics, of cotton",,25.0,3.0,0.0,15.0,5.0,7.5,61.8
5802.20.00,58,5802,"Terry towelling and similar woven terry fabrics, of other textile materials",,25.0,3.0,0.0,15.0,5.0,7.5,61.8
5802.30.00,58,5802,Tufted textile fabrics,,25.0,3.0,0.0,15.0,5.0,7.5,61.8
5803.00.00,58,5803,"Gauze, other than narrow fabrics of heading 58.06.",,25.0,3.0,0.0,15.0,5.0,7.5,61.8
5804.10.00,58,5804,Tulles And Other Net Fabrics,,25.0,3.0,10.0,15.0,5.0,7.5,77.48
5804.21.00,58,5804,"Mechanically Made Of Lace Of Man-Made Fibres In Piece,In Strips/In Motifs",,25.0,3.0,10.0,15.0,5.0,7.5,77.48
5804.29.00,58,5804,"Mechanically Made Of Lace Of Oth.Textiles In Piece,In Strips Or In Motifs",,25.0,3.0,10.0,15.0,5.0,7.5,77.48
5804.30.00,58,5804,"Hand-Made Lace In Pieces, In Strips Or In Motifs",,25.0,3.0,10.0,15.0,5.0,7.5,77.48
5805.00.00,58,5805,"Han.Wov.Tapestr.Of The Ty.Gobelins,Flandres,Aubu.,Beauvais&Needle-Work Tap",,25.0,3.0,0.0,15.0,5.0,7.5,61.8
5806.10.00,58,5806,Narrow Woven Pile Fabrics And Chenille Fabrics,,25.0,3.0,0.0,15.0,5.0,7.5,61.8
5806.20.00,58,5806,"Narrow Woven Fabrics, Width >=5% Elastomeric Yarn Or Rubber Thread",,25.0,3.0,0.0,15.0,5.0,7.5,61.8
5806.31.00,58,5806,OTHER WOVEN FABRICS OF COTTON,,25.0,3.0,0.0,15.0,5.0,7.5,61.8
5806.32.00,58,5806,Of man-made fibres,,25.0,3.0,0.0,15.0,5.0,7.5,61.8
5806.39.00,58,5806,"Narrow Woven Fabrics Of Other Textiles, Nes",,25.0,3.0,0.0,15.0,5.0,7.5,61.8
5806.40.00,58,5806,Fabrics With Warp Without Weft Assembled By An Adhesive (Bolducs),,25.0,3.0,0.0,15.0,5.0,7.5,61.8
5807.10.00,58,5807,"Labels, Badges... Of Textiles, Woven, In Piece..., Not Embroidered",,25.0,3.0,0.0,15.0,5.0,7.5,61.8
5807.90.00,58,5807,"Labels, Badges... Of Textiles, Unwoven, In Piece..., Not Embroidered",,25.0,3.0,0.0,15.0,5.0,7.5,61.8
5808.10.00,58,5808,"Braids, In The Piece",,25.0,3.0,0.0,15.0,5.0,7.5,61.8
5808.90.00,58,5808,"Ornamental Trimmings In The Piece; Tassels, Pompons, Etc, Nes(Excl.Braids)",,25.0,3.0,0.0,15.0,5.0,7.5,61.8
5809.00.00,58,5809,"Woven Fabrics Of Metal Thread And Woven Fabrics Of Metallized Yarn, Nes",,25.0,3.0,0.0,15.0,5.0,7.5,61.8
5810.10.00,58,5810,Embroidery Without Visible Ground,,25.0,3.0,0.0,15.0,5.0,7.5,61.8
5810.91.00,58,5810,"Cotton Embroidery, In The Piece, In Strips Or In Motifs",,25.0,3.0,0.0,15.0,5.0,7.5,61.8
5810.92.00,58,5810,"Embroidery Of Man-Made Fibres, In The Piece, In Strips Or In Motifs",,25.0,3.0,0.0,15.0,5.0,7.5,61.8
5810.99.00,58,5810,"Embroidery Of Other Textiles, In The Piece, In Strips Or In Motifs",,25.0,3.0,0.0,15.0,5.0,7.5,61.8
5811.00.00,58,5811,Quilted Tex.Produ.In The Piece(Excl.Embroi.Of 58.10)One Or More Layers Tax,,25.0,3.0,0.0,15.0,5.0,7.5,61.8
5901.90.00,59,5901,"Tracing Cloth; Prepared Painting Canvas; Buckram, Etc",,25.0,3.0,0.0,15.0,5.0,7.5,61.8
5902.10.00,59,5902,Tyre Cord Fabric Of High Tenacity Yarn Of Nylon Or Other Polyamides,,5.0,0.0,0.0,15.0,5.0,7.5,33.63
5902.20.00,59,5902,Tyre Cord Fabric Of High Tenacity Yarn Of Polyesters,,5.0,0.0,0.0,15.0,5.0,7.5,33.63
5902.90.00,59,5902,Tyre Cord Fabric Of High Tenacity Yarn Of Viscose Rayon,,5.0,0.0,0.0,15.0,5.0,7.5,33.63
5903.10.10,59,5903,Fusing Interlining Mate.(Tex.Mat.For Stiffening Cuffs&Col.With Poly V.Chlo,,25.0,3.0,0.0,15.0,5.0,7.5,61.8
5903.10.90,59,5903,Other Fabrics Impregnated...With Polyvinyl Chloride,,25.0,3.0,10.0,15.0,5.0,7.5,77.48
5903.20.10,59,5903,Fusing Interlining Mat.(Tex.Mat.For Stiffening Cuffs&Col. With Poly Ureth.,,25.0,3.0,0.0,15.0,5.0,7.5,61.8
5903.20.90,59,5903,Other Textile Fabrics Impregnated....With Polyurethane,,25.0,3.0,20.0,15.0,5.0,7.5,93.16
5903.90.10,59,5903,Side tape (lock loop),,25.0,3.0,0.0,15.0,5.0,7.5,61.8
5903.90.90,59,5903,"Textile fabrics impregnated... with plastics, nes",,25.0,3.0,20.0,15.0,5.0,7.5,93.16
5904.10.00,59,5904,00Linoleum,,25.0,3.0,0.0,15.0,5.0,7.5,61.8
5904.90.00,59,5904,"LINOLEUM, WHETHER OR NOT CUT TO SHAPE; FLOOR COVERINGS CONSISTING, NES",,25.0,3.0,0.0,15.0,5.0,7.5,61.8
5905.00.00,59,5905,Textile Wall Coverings,,25.0,3.0,0.0,15.0,5.0,7.5,61.8
5906.10.00,59,5906,Adhesive Tape Of A Width =<20cm,,10.0,0.0,0.0,15.0,5.0,7.5,39.75
5906.91.00,59,5906,Knitted Or Crocheted Rubberized Textile Fabrics (Excl. Adhesive Tape),,25.0,3.0,0.0,15.0,5.0,7.5,61.8
5906.99.10,59,5906,REFLECTIVE TAPE,,10.0,0.0,0.0,15.0,5.0,7.5,39.75
5907.00.00,59,5907,Textile Fabrics Otherwise Impregnated... ; Painted Canvas...,,25.0,3.0,0.0,15.0,5.0,7.5,61.8
5908.00.00,59,5908,"Textile Wicks For Lamps...; Incandescent Gas Mantles, Etc",,25.0,3.0,0.0,15.0,5.0,7.5,61.8
5909.00.00,59,5909,"Textile... Tubing, With Or Without Lining, Etc, Of Other Materials",,25.0,3.0,0.0,15.0,5.0,7.5,61.8
5910.00.00,59,5910,"Transmission Or Conveyor Belts Or Belting, Of Textile Material",,5.0,0.0,0.0,15.0,5.0,7.5,33.63
5911.10.10,59,5911,Narrow Fab. Made Of Velvet Impregna. With Rubber For Cover Weaving Spindle,,5.0,0.0,0.0,15.0,5.0,7.5,33.63
5911.10.90,59,5911,Other,,1.0,0.0,0.0,15.0,5.0,7.5,28.73
5911.20.00,59,5911,Bolting Cloth Whether Or Not Made Up,,1.0,0.0,0.0,15.0,5.0,7.5,28.73
5911.31.00,59,5911,"Textile Fabrics And Felts, For Paper-Making Machines, <650g/M2",,1.0,0.0,0.0,15.0,5.0,7.5,28.73
5911.32.00,59,5911,"Textile Fabrics And Felts, For Paper-Making Machines, >=650g/M2",,1.0,0.0,0.0,15.0,5.0,7.5,28.73
5911.40.00,59,5911,"Straining Cloth Of A Kind Used In Oil Presses, Etc",,1.0,0.0,0.0,15.0,5.0,7.5,28.73
5911.90.00,59,5911,"Textile Articles For Technical Uses, Nes, As Specified In Chapter Note 7",,1.0,0.0,0.0,15.0,5.0,7.5,28.73
6001.10.00,60,6001,"Long Pile Fabrics, Knitted Or Crocheted",,25.0,3.0,10.0,15.0,5.0,7.5,77.48
6001.21.00,60,6001,"Looped Pile Fabrics Of Cotton, Knitted Or Crocheted",,25.0,3.0,10.0,15.0,5.0,7.5,77.48
6001.22.00,60,6001,"Looped Pile Fabrics Of Man-Made Fibres, Knitted Or Crocheted",,25.0,3.0,10.0,15.0,5.0,7.5,77.48
6001.29.00,60,6001,"Looped Pile Fabrics Of Textile Materials, Knitted Or Crocheted",,25.0,3.0,10.0,15.0,5.0,7.5,77.48
6001.91.00,60,6001,"Pile Fabrics Of Cotton, Nes, Knitted Or Crocheted",,25.0,3.0,10.0,15.0,5.0,7.5,77.48
6001.92.00,60,6001,"Pile Fabrics Of Man-Made Fibres, Nes, Knitted Or Crocheted",,25.0,3.0,10.0,15.0,5.0,7.5,77.48
6001.99.00,60,6001,"Pile Fabrics Of Textile Materials, Nes, Knitted Or Crocheted",,25.0,3.0,10.0,15.0,5.0,7.5,77.48
6002.90.00,60,6002,"KNITTED OR CROCHETED FABRICS OF A WIDTH <30CM,CONTAINING BY WEIGHT 5%..NES",,25.0,3.0,10.0,15.0,5.0,7.5,77.48
6003.10.00,60,6003,OF WOOL OR FINE ANIMAL HAIR,,25.0,3.0,10.0,15.0,5.0,7.5,77.48
6003.20.00,60,6003,KNITTED OR CROCHETED FABRICS OF A WIDTH <30CM.. OF COTTON,,25.0,3.0,10.0,15.0,5.0,7.5,77.48
6003.30.00,60,6003,"KNITTED OR CROCHETED FABRICS OF A WIDTH <30CM,OF SYNTHETIC FIBRES",,25.0,3.0,10.0,15.0,5.0,7.5,77.48
6003.40.00,60,6003,"KNITTED OR CROCHETED FABRICS OF WIDTH <30CM,OF ARTIFICIAL FIBRES",,25.0,3.0,10.0,15.0,5.0,7.5,77.48
6003.90.00,60,6003,"KNITTED/CROCTD.FBRCS.OF A WIDTH <30CM,OTH THAN THOSE OF HD60.01/60.02,NES",,25.0,3.0,10.0,15.0,5.0,7.5,77.48
6005.21.00,60,6005,"WRAP KNIT FABRICS,OF COTTON, UNBLEACHED OR BLEACHED",,25.0,3.0,10.0,15.0,5.0,7.5,77.48
6005.22.00,60,6005,"WRAP KNIT FABRICS OF COTTON,DYED",,25.0,3.0,10.0,15.0,5.0,7.5,77.48
6005.23.00,60,6005,"WRAP KNIT FABRICS OF COTTON,OF YARNS OF DIFFERENT COLOURS",,25.0,3.0,10.0,15.0,5.0,7.5,77.48
6005.24.00,60,6005,"WRAP KNIT FABRICS,OF COTTON PRINTED",,25.0,3.0,10.0,15.0,5.0,7.5,77.48
6005.35.00,60,6005,Fabrics specified in Subheading Note 1 to this Chapter,,25.0,3.0,10.0,15.0,5.0,7.5,77.48
6005.36.00,60,6005,"Other, unbleached or bleached",,25.0,3.0,10.0,15.0,5.0,7.5,77.48
6005.37.00,60,6005,Of synthetic fibres other dyed,,25.0,3.0,10.0,15.0,5.0,7.5,77.48
6005.38.00,60,6005,Synthetic fibres Other of yarns of different colours,,25.0,3.0,10.0,15.0,5.0,7.5,77.48
6005.39.00,60,6005,"Other, of yarns of different colours other printed",,25.0,3.0,10.0,15.0,5.0,7.5,77.48
6005.41.00,60,6005,"WRAP KNIT FABRICS OF ARTIFICIAL FIBRES,UNBLEACHED OR BLEACHED",,25.0,3.0,10.0,15.0,5.0,7.5,77.48
6005.42.00,60,6005,"WARP KNIT FABRICS,OF ARTIFICIAL FIBRES DYED",,25.0,3.0,10.0,15.0,5.0,7.5,77.48
6005.43.00,60,6005,"WARP KNIT FABRICS,OF ARTIFICIAL FIBRES OF YARN OF DIFFERENT COLOURS",,25.0,3.0,10.0,15.0,5.0,7.5,77.48
6005.44.00,60,6005,WARP KNIT FABRICS OF ARTIFICIAL FIBRES PRINTED,,25.0,3.0,10.0,15.0,5.0,7.5,77.48
6005.90.10,60,6005,Shading net,,10.0,0.0,10.0,15.0,5.0,7.5,53.23
6005.90.90,60,6005,"WARP KNIT FABRICS OF ARTIFICIAL FIBRES, NES",,25.0,3.0,10.0,15.0,5.0,7.5,77.48
6006.10.00,60,6006,OTHER KNITTED OR CROCHETED FABRICS OF WOOL OR FINE ANIMAL HAIR,,25.0,3.0,10.0,15.0,5.0,7.5,77.48
6006.21.00,60,6006,OTHER KNITED OR CROCHETED FABRICS OF COTTON UNBLEACHED OR BLEACHED,,25.0,3.0,10.0,15.0,5.0,7.5,77.48
6006.22.00,60,6006,OTH.KNITTED OR CROCHETED FABRICS OF COTTON DYED,,25.0,3.0,10.0,15.0,5.0,7.5,77.48
6006.23.00,60,6006,"OTH.KNITTED OR CROCHETED FABRICS OF COTTON, OF YARNS OF DIFFERENT COLOURS",,25.0,3.0,10.0,15.0,5.0,7.5,77.48
6006.24.00,60,6006,OTH.KNITTED OR CROCHETED FABRICS OF COTTON PRINTED,,25.0,3.0,10.0,15.0,5.0,7.5,77.48
6006.31.00,60,6006,"OTH.KNITTED OR CROCHETED FABRICS. OF SYNTHETIC FIBRES,UNBLEACHED OR BLEACH",,25.0,3.0,10.0,15.0,5.0,7.5,77.48
6006.32.00,60,6006,"OTH.KNITTED OR CROCHETED FABRICS OF SYNTHETIC FIBRES,DYED",,25.0,3.0,10.0,15.0,5.0,7.5,77.48
6006.33.00,60,6006,OTH.KNITTED OR CROCHETED FABRICS OF SYNTH. FIBRES OF YARNS OF DIFF.COLOUR,,25.0,3.0,10.0,15.0,5.0,7.5,77.48
6006.34.00,60,6006,OTH KNITTED OR CROCHETED FABRICS OF SYNTHETIC FIBRES PRINTED,,25.0,3.0,10.0,15.0,5.0,7.5,77.48
6006.41.00,60,6006,"OTH.KNITTED OR CROCHETED FIBRICS OF ARTIFICIAL FIBRES,UNBLEACHED/BLEACHED",,25.0,3.0,10.0,15.0,5.0,7.5,77.48
6006.42.00,60,6006,"Other knitted or crocheted fabrics, Dyed",,25.0,3.0,10.0,15.0,5.0,7.5,77.48
6006.43.00,60,6006,Of yarns of different colours,,25.0,3.0,10.0,15.0,5.0,7.5,77.48
6006.44.00,60,6006,Printed,,25.0,3.0,10.0,15.0,5.0,7.5,77.48
6006.90.00,60,6006,"OTH.KNITTED OR CROCHETED FABRICS OF ARTIFICIAL FIBRES,NES",,25.0,3.0,10.0,15.0,5.0,7.5,77.48
6101.20.00,61,6101,"Men'S Or Boys' Over/Car Coats, Etc, Of Cotton, Knitted Or Crocheted",,25.0,0.0,30.0,15.0,5.0,7.5,104.06
6101.30.00,61,6101,"Men'S Or Boys'Over/Car Coats, Etc, Of Man-Made Fibres,Knitted Or Crocheted",,25.0,0.0,30.0,15.0,5.0,7.5,104.06
6101.90.00,61,6101,"Men'S Or Boys' Over/Car Coats, Etc, Of Other Textiles,Knitted Or Crocheted",,25.0,0.0,30.0,15.0,5.0,7.5,104.06
6102.10.00,61,6102,"Woman'S Or Girls' Over/Car Coats,Etc, Of Wool..., Knitted Or Crocheted",,25.0,0.0,30.0,15.0,5.0,7.5,104.06
6102.20.00,61,6102,"Woman'S Or Girls' Over/Car Coats, Etc, Of Cotton, Knitted Or Crocheted",,25.0,0.0,30.0,15.0,5.0,7.5,104.06
6102.30.00,61,6102,"Woman'S Or Girls' Over/Car Coats,Etc,Of Man-Made Fibres,Knitted/Crocheted",,25.0,0.0,30.0,15.0,5.0,7.5,104.06
6102.90.00,61,6102,"Woman'S Or Girls' Over/Car Coats,Etc,Of Other Textiles,Knitted/Crocheted",,25.0,0.0,30.0,15.0,5.0,7.5,104.06
6103.10.00,61,6103,"Men's or boys' Suits, Excl. Sports out fit for sports shooting",,25.0,0.0,30.0,15.0,5.0,7.5,104.06
6103.22.00,61,6103,"Men'S Or Boys' Ensembles Of Cotton, Knitted Or Crocheted",,25.0,0.0,30.0,15.0,5.0,7.5,104.06
6103.23.00,61,6103,"Men'S Or Boys' Ensembles Of Synthetic Fibres, Knitted Or Crocheted",,25.0,0.0,30.0,15.0,5.0,7.5,104.06
6103.29.00,61,6103,"Men'S Or Boys' Ensembles Of Other Textiles, Nes, Knitted Or Crocheted",,25.0,0.0,40.0,15.0,5.0,7.5,119.38
6103.31.00,61,6103,"Men'S Or Boys' Jackets And Blazers Of Wool..., Knitted Or Crocheted",,25.0,0.0,30.0,15.0,5.0,7.5,104.06
6103.32.00,61,6103,"Men'S Or Boys'Jackets And Blazers Of Cotton, Knitted Or Crocheted",,25.0,0.0,30.0,15.0,5.0,7.5,104.06
6103.33.00,61,6103,"Men'S Or Boys' Jackets... Of Synthetic Fibres, Knitted Or Crocheted",,25.0,0.0,30.0,15.0,5.0,7.5,104.06
6103.39.00,61,6103,"Men'S Or Boys' Jackets... Of Other Textiles, Nes, Knitted Or Crocheted",,25.0,0.0,30.0,15.0,5.0,7.5,104.06
6103.41.00,61,6103,"Men'S Or Boys' Trousers, Etc, Of Wool..., Knitted Or Crocheted",,25.0,0.0,30.0,15.0,5.0,7.5,104.06
6103.42.00,61,6103,"Men'S Or Boys' Trousers, Etc, Of Cotton, Knitted Or Crocheted",,25.0,0.0,30.0,15.0,5.0,7.5,104.06
6103.43.00,61,6103,"Men'S Or Boys' Trousers, Etc, Of Synthetic Fibres, Knitted Or Crocheted",,25.0,0.0,30.0,15.0,5.0,7.5,104.06
6103.49.00,61,6103,"Men'S Or Boys' Trousers, Etc, Of Other Textiles, Knitted Or Crocheted",,25.0,0.0,30.0,15.0,5.0,7.5,104.06
6104.13.00,61,6104,"Women's or girls' suits of synthetic fibres, knitted or crocheted",,25.0,0.0,30.0,15.0,5.0,7.5,104.06
6104.19.00,61,6104,"Women's or girls' suits of other textiles, knitted or .. Of other textile materials nes,",,25.0,0.0,30.0,15.0,5.0,7.5,104.06
6104.22.00,61,6104,"Women'S Or Girls' Ensembles, Of Cotton, Knitted Or Crocheted",,25.0,0.0,30.0,15.0,5.0,7.5,104.06
6104.23.00,61,6104,"Women'S Or Girls' Ensembles, Of Synthetic Fibres, Knitted Or Crocheted",,25.0,0.0,30.0,15.0,5.0,7.5,104.06
6104.29.00,61,6104,"Women'S Or Girls' Ensembles, Of Other Textiles, Knitted Or Crocheted",,25.0,0.0,30.0,15.0,5.0,7.5,104.06
6104.31.00,61,6104,"Women'S Or Girls'Jackets, Of Wool..., Knitted Or Crocheted",,25.0,0.0,30.0,15.0,5.0,7.5,104.06
6104.32.00,61,6104,"Women'S Or Girls' Jackets, Of Cotton, Knitted Or Crocheted",,25.0,0.0,30.0,15.0,5.0,7.5,104.06
6104.33.00,61,6104,"Women'S Or Girls' Jackets, Of Synthetic Fibres, Knitted Or Crocheted",,25.0,0.0,30.0,15.0,5.0,7.5,104.06
6104.39.00,61,6104,"Woman'S Or Girls' Jackets, Of Other Textiles, Knitted Or Crocheted",,25.0,0.0,30.0,15.0,5.0,7.5,104.06
6104.41.00,61,6104,"Dresses Of Wool Or Fine Animal Hair, Knitted Or Crocheted",,25.0,0.0,30.0,15.0,5.0,7.5,104.06
6104.42.00,61,6104,"Dresses Of Cotton, Knitted Or Crocheted",,25.0,0.0,30.0,15.0,5.0,7.5,104.06
6104.43.00,61,6104,"Dresses Of Synthetic Fibres, Knitted Or Crocheted",,25.0,0.0,30.0,15.0,5.0,7.5,104.06
6104.44.00,61,6104,"Dresses Of Artificial Fibres, Knitted Or Crocheted",,25.0,0.0,30.0,15.0,5.0,7.5,104.06
6104.49.00,61,6104,"Dresses Of Other Textile Material, Nes, Knitted Or Crocheted",,25.0,0.0,30.0,15.0,5.0,7.5,104.06
6104.51.00,61,6104,"Skirts And Divided Skirts Of Wool Or Fine Hair, Knitted Or Crocheted",,25.0,0.0,30.0,15.0,5.0,7.5,104.06
6104.52.00,61,6104,"Skirts And Divided Skirts Of Cotton, Knitted Or Crocheted",,25.0,0.0,30.0,15.0,5.0,7.5,104.06
6104.53.00,61,6104,"Skirts And Divided Skirts Of Synthetic Fibres, Knitted Or Crocheted",,25.0,0.0,30.0,15.0,5.0,7.5,104.06
6104.59.00,61,6104,"Skirts And Divided Skirts Of Other Textiles, Nes, Knitted Or Crocheted",,25.0,0.0,30.0,15.0,5.0,7.5,104.06
6104.61.00,61,6104,"Women'S Or Girls' Trousers, Etc, Of Wool..., Knitted Or Crocheted",,25.0,0.0,30.0,15.0,5.0,7.5,104.06
6104.62.00,61,6104,"Women'S Or Girls' Trousers, Etc, Of Cotton, Knitted Or Crocheted",,25.0,0.0,30.0,15.0,5.0,7.5,104.06
6104.63.00,61,6104,"Women'S Or Girls' Trousers, Etc, Of Synthetic, Knitted Or Crocheted",,25.0,0.0,30.0,15.0,5.0,7.5,104.06
6104.69.00,61,6104,"Women'S Or Girls' Trousers, Etc, Of Other Textile, Knitted Or Crocheted",,25.0,0.0,30.0,15.0,5.0,7.5,104.06
6105.10.00,61,6105,"Men'S Or Boys' Shirts Of Cotton, Knitted Or Crocheted",,25.0,0.0,30.0,15.0,5.0,7.5,104.06
6105.20.00,61,6105,"Men'S Or Boys' Shirts Of Man-Made Fibres, Knitted Or Crocheted",,25.0,0.0,30.0,15.0,5.0,7.5,104.06
6105.90.00,61,6105,"Men'S Or Boys' Shirts Of Other Textiles, Nes, Knitted Or Crocheted",,25.0,0.0,40.0,15.0,5.0,7.5,119.38
6106.10.00,61,6106,"Women'S Or Girls' Blouses, Etc, Of Cotton, Knitted Or Crocheted",,25.0,0.0,30.0,15.0,5.0,7.5,104.06
6106.20.00,61,6106,"Women'S Or Girls' Blouses, Etc, Of Man-Made Fibres, Knitted Or Crocheted",,25.0,0.0,30.0,15.0,5.0,7.5,104.06
6106.90.00,61,6106,"Women'S Or Girls' Blouses Etc. Of Other Textiles Nes, Knitted Or Crocheted",,25.0,0.0,30.0,15.0,5.0,7.5,104.06
6107.11.00,61,6107,"Men'S Or Boys' Underpants And Briefs Of Cotton, Knitted Or Crocheted",,25.0,0.0,30.0,15.0,5.0,7.5,104.06
6107.12.00,61,6107,"Men'S Or Boys' Underpants, Etc, Of Man-Made Fibres, Knitted Or Crocheted",,25.0,0.0,30.0,15.0,5.0,7.5,104.06
6107.19.00,61,6107,"Men'S Or Boys' Underpants Etc. Of Other Textiles Nes, Knitted Or Crocheted",,25.0,0.0,40.0,15.0,5.0,7.5,119.38
6107.21.00,61,6107,"Men'S Or Boys' Night Shirt Pyjamas Of Cotton, Knitted Or Crocheted",,25.0,0.0,30.0,15.0,5.0,7.5,104.06
6107.22.00,61,6107,"Men'S Or Boys' Night Shirt Pyjamas Of Man-Madefibres, Knitted Or Crocheted",,25.0,0.0,30.0,15.0,5.0,7.5,104.06
6107.29.00,61,6107,"Men'S Or Boys'Night Shirt Pyjamas Of Other Textiles,Nes,Knitted Or Croched",,25.0,0.0,30.0,15.0,5.0,7.5,104.06
6107.91.00,61,6107,"Men'S Or Boys' Dressing Gowns, Etc, Of Cotton, Knitted Or Crocheted",,25.0,0.0,30.0,15.0,5.0,7.5,104.06
6107.99.00,61,6107,"Men'S Or Boys' Dressing Gowns, Of Other Textiles,Nes, Knitted Or Crocheted",,25.0,0.0,30.0,15.0,5.0,7.5,104.06
6108.11.00,61,6108,"Women'S Or Girls' Slips, Etc, Of Man-Made Fibres, Knitted Or Crocheted",,25.0,0.0,30.0,15.0,5.0,7.5,104.06
6108.19.00,61,6108,"Women'S Or Girls' Slips, Etc, Of Other Textiles,Nes, Knitted Or Crocheted",,25.0,0.0,30.0,15.0,5.0,7.5,104.06
6108.21.00,61,6108,"Women'S Or Girls' Briefs And Panties Of Cotton, Knitted Or Crocheted",,25.0,0.0,30.0,15.0,5.0,7.5,104.06
6108.22.00,61,6108,"Women'S Or Girls' Briefs, Etc, Of Man-Made Fibres, Knitted Or Crocheted",,25.0,0.0,30.0,15.0,5.0,7.5,104.06
6108.29.00,61,6108,"Women'S Or Girls' Briefs, Etc, Of Other Textiles,Nes, Knitted Or Crocheted",,25.0,0.0,30.0,15.0,5.0,7.5,104.06
6108.31.00,61,6108,"Women'S Or Girls' Night Dresses, Pyjama Etc, Of Cotton, Knitted Or Croched",,25.0,0.0,30.0,15.0,5.0,7.5,104.06
6108.32.00,61,6108,"Women'S Or Girls' Pyjamas,Night Dresses Of Man-Made Fibres,Knitted/Croched",,25.0,0.0,30.0,15.0,5.0,7.5,104.06
6108.39.00,61,6108,"Women'S Or Girls' Night Dresses & Pyjamas Of Other Tex.,Knitted Or Croched",,25.0,0.0,30.0,15.0,5.0,7.5,104.06
6108.91.00,61,6108,"Women'S Or Girls'Negliges Dressing Gowns..,Of Cotton, Knitted Or Crocheted",,25.0,0.0,30.0,15.0,5.0,7.5,104.06
6108.92.00,61,6108,"Women'S Or Girls'Negliges Dressing Gowns Of Man-Made Fibre,Knitted/Croch.",,25.0,0.0,30.0,15.0,5.0,7.5,104.06
6108.99.00,61,6108,"Women'S/Girls' Negliges Dressing Gowns.. Of Other Tex.,Nes,Knitted/Croche.",,25.0,0.0,30.0,15.0,5.0,7.5,104.06
6109.10.00,61,6109,"T-Shirts, Singlets And Other Vests, Of Cotton, Knitted Or Crocheted",,25.0,0.0,30.0,15.0,5.0,7.5,104.06
6109.90.00,61,6109,"T-Shirts, Singlets, Etc, Of Other Textiles, Nes, Knitted Or Crocheted",,25.0,0.0,30.0,15.0,5.0,7.5,104.06
6110.11.00,61,6110,OF WOOL OR FINE ANIMAL HAIR. OF WOOL,,25.0,0.0,30.0,15.0,5.0,7.5,104.06
6110.12.00,61,6110,OF KASHMIR(CASHMERE)GOATS,,25.0,0.0,30.0,15.0,5.0,7.5,104.06
6110.19.00,61,6110,"OF WOOL OR FINE ANIMAL HAIR,NES",,25.0,0.0,30.0,15.0,5.0,7.5,104.06
6111.20.00,61,6111,"Babies' Garments, Etc, Of Cotton, Knitted Or Crocheted",,25.0,0.0,30.0,15.0,5.0,7.5,104.06
6111.30.00,61,6111,"Babies' Garments, Etc, Of Synthetic Fibres, Knitted Or Crocheted",,25.0,0.0,30.0,15.0,5.0,7.5,104.06
6111.90.00,61,6111,"Babies' Garments, Etc,Of Other Textiles Materials,Nes Knitted Or Crocheted",,25.0,0.0,30.0,15.0,5.0,7.5,104.06
6112.11.00,61,6112,"Track-Suits Of Cotton, Knitted Or Crocheted",,25.0,3.0,0.0,15.0,5.0,7.5,61.8
6112.12.00,61,6112,"Track-Suits Of Synthetic Fibres, Knitted Or Crocheted",,10.0,0.0,0.0,15.0,5.0,7.5,39.75
6112.19.00,61,6112,"Track-Suits Of Other Textiles,Nes, Knitted Or Crocheted",,10.0,0.0,0.0,15.0,5.0,7.5,39.75
6112.20.00,61,6112,SKI SUITS,,25.0,3.0,0.0,15.0,5.0,7.5,61.8
6112.31.00,61,6112,"Men'S Or Boys' Swimwear Of Synthetic Fibres, Knitted Or Crocheted",,10.0,0.0,0.0,15.0,5.0,7.5,39.75
6112.39.00,61,6112,"MEN'S OR BOY'S SWIMWEAR, OF OTHER TEXTILE MATERIALS",,10.0,0.0,0.0,15.0,5.0,7.5,39.75
6112.41.00,61,6112,"Women'S Or Girls' Swimwear Of Synthetic Fibres, Knitted Or Crocheted",,10.0,0.0,0.0,15.0,5.0,7.5,39.75
6112.49.00,61,6112,Women's or girls swimwear of other textile material,,10.0,0.0,0.0,15.0,5.0,7.5,39.75
6114.20.00,61,6114,"Garments Of Cotton, Knitted Or Crocheted, Nes",,25.0,0.0,30.0,15.0,5.0,7.5,104.06
6114.30.00,61,6114,"Garments Of Man-Made Fibres, Knitted Or Crocheted, Nes",,25.0,0.0,30.0,15.0,5.0,7.5,104.06
6114.90.00,61,6114,"Garments Of Other Textiles, Knitted Or Crocheted, Nes",,25.0,0.0,30.0,15.0,5.0,7.5,104.06
6115.10.00,61,6115,"Graduated compression hosiery (for example, stockings for varicose veins)",,25.0,0.0,30.0,15.0,5.0,7.5,104.06
6115.21.00,61,6115,"Other panty hose and tights Of synthetic fibres, measuring per single yarn les",,25.0,0.0,30.0,15.0,5.0,7.5,104.06
6115.22.00,61,6115,Other panty hose and tights Of synthetic fibres measuring per single yarn 67 d,,25.0,0.0,30.0,15.0,5.0,7.5,104.06
6115.29.00,61,6115,Other panty hose and tights Of other textile materials,,25.0,0.0,30.0,15.0,5.0,7.5,104.06
6115.30.00,61,6115,Othr panty hose and tights Other women's fulllength or kn. hosiery meas... <67,,25.0,0.0,30.0,15.0,5.0,7.5,104.06
6115.94.00,61,6115,"Panty hose,tights,stockings,sock..., inclu.grad.Comp.hos.Of wool/fine animal h",,25.0,0.0,30.0,15.0,5.0,7.5,104.06
6115.95.00,61,6115,"Panty hose,tights,stockings,sock..., inclu.grad.Comp.hos.Of Cotton, NES",,25.0,0.0,30.0,15.0,5.0,7.5,104.06
6115.96.00,61,6115,"Panty hose,tights,stockings,sock..., inclu.grad.Comp.hos.Of synthetic fibres",,25.0,0.0,30.0,15.0,5.0,7.5,104.06
6115.99.00,61,6115,"Hosiery And Footwear Without Soles Of Other Tex., Knitted Or Crochete, Nes",,25.0,0.0,40.0,15.0,5.0,7.5,119.38
6116.10.00,61,6116,"IMPREGNATED, COATED OR COVERED WITH PLASTICS OR RUBBER",,25.0,0.0,30.0,15.0,5.0,7.5,104.06
6116.91.00,61,6116,"Gloves, Mittens And Mitts, Of Wool..., Knitted Or Crocheted",,25.0,0.0,30.0,15.0,5.0,7.5,104.06
6116.92.00,61,6116,"Gloves, Mittens And Mitts, Of Cotton, Knitted Or Crocheted",,25.0,0.0,30.0,15.0,5.0,7.5,104.06
6116.93.00,61,6116,"Gloves, Mittens And Mitts, Of Synthetic Fibres, Knitted Or Crocheted",,25.0,0.0,30.0,15.0,5.0,7.5,104.06
6116.99.00,61,6116,"Gloves, Mittens And Mitts, Of Other Textiles, Knitted Or Crocheted",,25.0,0.0,30.0,15.0,5.0,7.5,104.06
6117.10.00,61,6117,"SHAWLS, SCARVES, MUFFLERS, MANTILLAS, VEILS AND THE LIKE",,25.0,0.0,30.0,15.0,5.0,7.5,104.06
6117.80.10,61,6117,"Other Clothing Accessories, Knitted Or Crocheted, Nes, Of Cotton",,25.0,0.0,30.0,15.0,5.0,7.5,104.06
6117.80.90,61,6117,"Other clothing accessories, knitted or crocheted, nes",,25.0,0.0,30.0,15.0,5.0,7.5,104.06
6117.90.00,61,6117,"Parts Of Garments Or Clothing Accessories, Knitted Or Crocheted",,25.0,0.0,30.0,15.0,5.0,7.5,104.06
6201.20.00,62,6201,"Overcoat, raing coat, car-coat capes, cloaks and similar..Of wool or fine animal hair",,25.0,0.0,30.0,15.0,5.0,7.5,104.06
6201.30.00,62,6201,"overcoat, rain-coat, of cotton",,25.0,0.0,30.0,15.0,5.0,7.5,104.06
6201.40.00,62,6201,Other Of man-made fibres,,25.0,0.0,30.0,15.0,5.0,7.5,104.06
6201.90.00,62,6201,"Mens or boys overcoat, car-coats, cloaks excludin Of other textile materials",,25.0,0.0,30.0,15.0,5.0,7.5,104.06
6202.20.00,62,6202,"Womens or girls overcoat , car-coad ...Of wool or fine animal hair",,25.0,0.0,30.0,15.0,5.0,7.5,104.06
6202.30.00,62,6202,"Womens or girls overcoat , car-coad capes, cloaks, anoraks ...Of cotton",,25.0,0.0,30.0,15.0,5.0,7.5,104.06
6202.40.00,62,6202,"Womens or girls overcoat , car-coad capes, cloaks, anoraks ...Of man-made fibres",,25.0,0.0,30.0,15.0,5.0,7.5,104.06
6202.90.00,62,6202,"Woent or gilrs overcoat, raincot car-coat capes, ......Of other textile materials",,25.0,0.0,30.0,15.0,5.0,7.5,104.06
6203.11.00,62,6203,Men'S Or Boys' Suits Of Wool Or Fine Animal Hair,,25.0,0.0,30.0,15.0,5.0,7.5,104.06
6203.12.00,62,6203,Men'S Or Boys' Suits Of Synthetic Fibres,,25.0,0.0,30.0,15.0,5.0,7.5,104.06
6203.19.00,62,6203,"Men's or boys' suits of other textiles, nes",,25.0,0.0,30.0,15.0,5.0,7.5,104.06
6203.22.00,62,6203,Men'S Or Boys' Ensembles Of Cotton,,25.0,0.0,30.0,15.0,5.0,7.5,104.06
6203.23.00,62,6203,Men'S Or Boys' Ensembles Of Synthetic Fibres,,25.0,0.0,30.0,15.0,5.0,7.5,104.06
6203.29.00,62,6203,"Men'S Or Boys' Ensembles Of Other Textiles, Nes",,25.0,0.0,30.0,15.0,5.0,7.5,104.06
6203.31.00,62,6203,Men'S Or Boys' Jackets And Blazers Of Wool Or Fine Animal Hair,,25.0,0.0,30.0,15.0,5.0,7.5,104.06
6203.32.00,62,6203,Men'S Or Boys' Jackets And Blazers Of Cotton,,25.0,0.0,30.0,15.0,5.0,7.5,104.06
6203.33.00,62,6203,Men'S Or Boys' Jackets And Blazers Of Synthetic Fibres,,25.0,0.0,30.0,15.0,5.0,7.5,104.06
6203.39.00,62,6203,"Men'S Or Boy'S Jackets And Blazers Of Other Textiles,(Exl.Wool,Syn.Fab,Cot",,25.0,0.0,40.0,15.0,5.0,7.5,119.38
6203.41.00,62,6203,"Men'S/Boy'S Bib&Brace Trousers,Breeches,Shorts Of Wool Or Fine Animalhar",,25.0,0.0,30.0,15.0,5.0,7.5,104.06
6203.42.00,62,6203,"Men'S Or Boys' Bib & Brace Trousers, Breeches, Shorts, Of Cotton",,25.0,0.0,30.0,15.0,5.0,7.5,104.06
6203.43.00,62,6203,"Men'S Or Boys' Bib & Brace Trousers, Breeches & Shorts Of Synthetic Fibres",,25.0,0.0,40.0,15.0,5.0,7.5,119.38
6203.49.00,62,6203,"Men'S Or Boys' Bib&Brace Trousers,Breeches & Shorts Of Other Textiles,Nes",,25.0,0.0,40.0,15.0,5.0,7.5,119.38
6204.11.00,62,6204,Women'S Or Girls' Suits Of Wool Or Fine Animal Hair,,25.0,0.0,30.0,15.0,5.0,7.5,104.06
6204.12.00,62,6204,Women'S Or Girls' Suits Of Cotton,,25.0,0.0,30.0,15.0,5.0,7.5,104.06
6204.13.00,62,6204,Women'S Or Girls' Suits Of Synthetic Fibres,,25.0,0.0,30.0,15.0,5.0,7.5,104.06
6204.19.00,62,6204,"Women'S Or Girls' Suits Of Other Textiles, (Exl.Wool,Cotton,Syn.Fibre)",,25.0,0.0,30.0,15.0,5.0,7.5,104.06
6204.21.00,62,6204,Women'S Or Girls' Ensembles Of Wool Or Fine Animal Hair,,25.0,3.0,40.0,15.0,5.0,7.5,124.52
6204.22.00,62,6204,Women'S Or Girls' Ensembles Of Cotton,,25.0,3.0,40.0,15.0,5.0,7.5,124.52
6204.23.00,62,6204,Women's or girls' ensembles of synthetic fibres,,25.0,3.0,40.0,15.0,5.0,7.5,124.52
6204.29.00,62,6204,"Women'S Or Girls' Ensembles Of Other Textiles, (Exl.Wool,Cotton,Syn.Fibre)",,25.0,3.0,40.0,15.0,5.0,7.5,124.52
6204.31.00,62,6204,Women'S Or Girls' Jackets And Blazers Of Wool Or Fine Animal Hair,,25.0,0.0,30.0,15.0,5.0,7.5,104.06
6204.32.00,62,6204,Women'S Or Girls' Jackets And Blazers Of Cotton,,25.0,0.0,30.0,15.0,5.0,7.5,104.06
6204.33.00,62,6204,Women'S Or Girls' Jackets And Blazers Of Synthetic Fibres,,25.0,0.0,30.0,15.0,5.0,7.5,104.06
6204.39.00,62,6204,"Women'S Or Girls' Jackets&Blazers Of Oth.Tex.,(Exl.Wool,Cotton,Syn.Fibre)",,25.0,0.0,30.0,15.0,5.0,7.5,104.06
6204.41.00,62,6204,Dresses Of Wool Or Fine Animal Hair,,25.0,3.0,40.0,15.0,5.0,7.5,124.52
6204.42.00,62,6204,Dresses Of Cotton,,25.0,3.0,40.0,15.0,5.0,7.5,124.52
6204.43.00,62,6204,Dresses Of Synthetic Fibres,,25.0,3.0,40.0,15.0,5.0,7.5,124.52
6204.44.00,62,6204,Dresses Of Artificial Fibres,,25.0,3.0,40.0,15.0,5.0,7.5,124.52
6204.49.00,62,6204,"Dresses Of Other Textiles, (Exl.Wool,Cotton,Syn./Arti.Fibre)",,25.0,3.0,40.0,15.0,5.0,7.5,124.52
6204.51.00,62,6204,Skirts And Divided Skirts Of Wool Or Fine Animal Hair,,25.0,0.0,30.0,15.0,5.0,7.5,104.06
6204.52.00,62,6204,Skirts And Divided Skirts Of Cotton,,25.0,0.0,30.0,15.0,5.0,7.5,104.06
6204.53.00,62,6204,Skirts And Divided Skirts Of Synthetic Fibres,,25.0,0.0,30.0,15.0,5.0,7.5,104.06
6204.59.00,62,6204,"Skirts And Divided Skirts Of Other Textiles, (Exl.Wool,Cotton,Syn.Fibre)",,25.0,0.0,30.0,15.0,5.0,7.5,104.06
6204.61.00,62,6204,"Women'S Or Girls' Trousers, Breeches, Etc, Of Wool Or Fine Animal Hair",,25.0,0.0,30.0,15.0,5.0,7.5,104.06
6204.62.00,62,6204,"Women'S Or Girls' Trousers, Breeches, Etc, Of Cotton",,25.0,0.0,30.0,15.0,5.0,7.5,104.06
6204.63.00,62,6204,"Women'S Or Girls' Trousers, Breeches, Etc, Of Synthetic Fibres",,25.0,0.0,30.0,15.0,5.0,7.5,104.06
6204.69.00,62,6204,"Women'S/Girl'S Trousers,Breeches,Etc,Of Oth.Tex.,(Exl.Wool,Cotton,Syn.Fib.",,25.0,0.0,30.0,15.0,5.0,7.5,104.06
6205.20.00,62,6205,Men'S Or Boys' Shirts Of Cotton,,25.0,0.0,30.0,15.0,5.0,7.5,104.06
6205.30.00,62,6205,Men'S Or Boys' Shirts Of Man-Made Fibres,,25.0,0.0,30.0,15.0,5.0,7.5,104.06
6205.90.00,62,6205,"Men'S Or Boy'S Shirts Of Other Textiles,(Exl.Wool,Cotton,Man Made Fibre)",,25.0,0.0,30.0,15.0,5.0,7.5,104.06
6206.10.00,62,6206,"Women'S Or Girl'S Blouses, Shirts/Blouses Of Silk Or Silk Waste",,25.0,0.0,30.0,15.0,5.0,7.5,104.06
6206.20.00,62,6206,"Women'S Or Girl'S Blouses, Shirts/Blouses Of Wool Or Fine Animal Hair",,25.0,0.0,30.0,15.0,5.0,7.5,104.06
6206.30.00,62,6206,"Women'S Or Girls' Blouses, Shirts/Blouses Of Cotton",,25.0,0.0,30.0,15.0,5.0,7.5,104.06
6206.40.00,62,6206,"Women'S Or Girl'S Blouses, Shirts/Blouses Of Man-Made Fibres",,25.0,0.0,30.0,15.0,5.0,7.5,104.06
6206.90.00,62,6206,"Women/Girl'S Blouses,Shirts/Blouses Of Oth.Tex.(Exl.Silk,Wool,Of Man M.Fib",,25.0,0.0,30.0,15.0,5.0,7.5,104.06
6207.11.00,62,6207,Men'S Or Boys' Underpants And Briefs Of Cotton,,25.0,0.0,30.0,15.0,5.0,7.5,104.06
6207.19.00,62,6207,"Men'S Or Boys' Underpants And Briefs Of Textile Materials, (Exl. Cotton)",,25.0,0.0,30.0,15.0,5.0,7.5,104.06
6207.21.00,62,6207,Men'S Or Boys' Nightshirts And Pyjamas Of Cotton,,25.0,0.0,30.0,15.0,5.0,7.5,104.06
6207.22.00,62,6207,Men'S Or Boys' Nightshirts And Pyjamas Of Man-Made Fibres,,25.0,0.0,30.0,15.0,5.0,7.5,104.06
6207.29.00,62,6207,"Men'S Or Boy'S Nightshirts & Pyjamas Of Tex.Mate.(Exl.Cotton,Man Made Fib.",,25.0,0.0,30.0,15.0,5.0,7.5,104.06
6207.91.00,62,6207,"Men'S Or Boys' Singlets,Vests Dressing Gowns, Etc, Of Cotton",,25.0,0.0,30.0,15.0,5.0,7.5,104.06
6207.99.00,62,6207,"Mens/Boy'S Singlets,Vests Dressing Gowns,Etc,Of Oth.Tex.(Exl.Cot.Man M.Fib",,25.0,0.0,30.0,15.0,5.0,7.5,104.06
6208.11.00,62,6208,Slips And Petticoats Of Man-Made Fibres,,25.0,0.0,30.0,15.0,5.0,7.5,104.06
6208.19.00,62,6208,"Slips And Petticoats Of Other Textiles, (Exl. Man Made Fibre)",,25.0,0.0,30.0,15.0,5.0,7.5,104.06
6208.21.00,62,6208,Women'S Or Girls' Nightdresses And Pyjamas Of Cotton,,25.0,0.0,30.0,15.0,5.0,7.5,104.06
6208.22.00,62,6208,Women'S Or Girls' Nightdresses And Pyjamas Of Man-Made Fibres,,25.0,0.0,30.0,15.0,5.0,7.5,104.06
6208.29.00,62,6208,"Womens/Girl'S Nightdresses & Pyjamas Of Tex.Mat.(Exl.Cotton, Man Made Fib.",,25.0,0.0,30.0,15.0,5.0,7.5,104.06
6208.91.00,62,6208,"Women'S Or Girls' Dressing Gowns, Panties, Etc, Of Cotton",,25.0,0.0,30.0,15.0,5.0,7.5,104.06
6208.92.00,62,6208,"Women'S Or Girls' Dressing Gowns, Panties, Etc, Of Man-Made Fibres",,25.0,0.0,30.0,15.0,5.0,7.5,104.06
6208.99.00,62,6208,"Womens/Girl'S Dressing Gowns,Panties,Etc,Of Oth.Tex.(Exl.Cotton Man M.Fib.",,25.0,0.0,40.0,15.0,5.0,7.5,119.38
6209.20.00,62,6209,Babies' Garments And Clothing Accessories Of Cotton,,25.0,0.0,30.0,15.0,5.0,7.5,104.06
6209.30.00,62,6209,Babies' Garments And Clothing Accessories Of Synthetic Fibres,,25.0,0.0,30.0,15.0,5.0,7.5,104.06
6209.90.00,62,6209,"Babies Garments&Clothing Accessories Of Oth.Tex.(Exl.Wool,Cotton,Syn.Fib)",,25.0,0.0,40.0,15.0,5.0,7.5,119.38
6210.20.00,62,6210,"Garments Of 6201.11 To 19, Made Up Of Fabrics Of 59.03, 59.06 Or59.07",,25.0,0.0,30.0,15.0,5.0,7.5,104.06
6210.30.00,62,6210,"Garments Of 6202.11 To 19, Made Up Of Fabrics Of 59.03, 59.06 Or 59.07",,25.0,0.0,30.0,15.0,5.0,7.5,104.06
6210.40.00,62,6210,"Men'S Or Boys' Garments Made Up Of Fabrics Of 59.03, 59.06 Or 59.07",,25.0,0.0,30.0,15.0,5.0,7.5,104.06
6210.50.00,62,6210,"Women'S Or Girls' Garments Made Up Of Fabrics Of 59.03, 59.06 Or 59.07",,25.0,0.0,30.0,15.0,5.0,7.5,104.06
6211.11.00,62,6211,Men'S Or Boys' Swimwear,,10.0,0.0,0.0,15.0,5.0,7.5,39.75
6211.12.00,62,6211,Women'S Or Girls' Swimwear,,10.0,0.0,0.0,15.0,5.0,7.5,39.75
6211.20.00,62,6211,Ski Suits,,25.0,3.0,0.0,15.0,5.0,7.5,61.8
6211.32.00,62,6211,"Men's or boys' garments of cotton, nes",,25.0,0.0,0.0,15.0,5.0,7.5,58.13
6211.33.00,62,6211,"Men's or boys' garments of man-made fibres, nes",,25.0,0.0,0.0,15.0,5.0,7.5,58.13
6211.39.00,62,6211,"Men's or boys' garments of other textiles, nes",,25.0,0.0,0.0,15.0,5.0,7.5,58.13
6211.42.00,62,6211,"Women's or girls' garments of cotton, nes",,25.0,0.0,0.0,15.0,5.0,7.5,58.13
6211.43.00,62,6211,"Women's or girls' garments of man-made fibres, nes",,25.0,0.0,0.0,15.0,5.0,7.5,58.13
6211.49.00,62,6211,"Women's or girls' garments of other textiles, nes",,25.0,0.0,0.0,15.0,5.0,7.5,58.13
6212.10.00,62,6212,Brassisres,,25.0,0.0,40.0,15.0,5.0,7.5,119.38
6212.20.00,62,6212,Girdles And Panty-Girdles,,25.0,0.0,30.0,15.0,5.0,7.5,104.06
6212.30.00,62,6212,Corselettes,,25.0,0.0,30.0,15.0,5.0,7.5,104.06
6212.90.00,62,6212,"Corsets, Braces, Garters, Suspenders And Similar Articles",,25.0,0.0,30.0,15.0,5.0,7.5,104.06
6213.20.00,62,6213,Handkerchiefs Of Cotton,,25.0,0.0,30.0,15.0,5.0,7.5,104.06
6213.90.00,62,6213,"Handkerchiefs Of Other Textiles, (Exl. Silk/Silk Waste,Cotton).",,25.0,0.0,30.0,15.0,5.0,7.5,104.06
6214.10.00,62,6214,"Shawls,Scarves,Mufflers,Mantillas,Veils,& The Like Of Silk Or Silk Waste",,25.0,0.0,30.0,15.0,5.0,7.5,104.06
6214.20.00,62,6214,"Shawls,Scarves,Mufflers,Mantillas,Veils & The Like Of Wool/Finearri Hair",,25.0,0.0,30.0,15.0,5.0,7.5,104.06
6214.30.00,62,6214,"Shawls,Scarves,Mufflers,Mantillas,Veils,Etc & The Like Of Synthetic Fibres",,25.0,0.0,40.0,15.0,5.0,7.5,119.38
6214.40.00,62,6214,"Shawls,Scarves,Mufflers,Mantillas,Veils & The Like Of Artificial Fibre",,25.0,0.0,30.0,15.0,5.0,7.5,104.06
6214.90.00,62,6214,"Shawls,Scrvs.,Mflrs.,Mntls.,Veils,Etc,Of Oth.Textls.(Exl.Silk/Wool,Syn/Art",,25.0,0.0,40.0,15.0,5.0,7.5,119.38
6215.10.00,62,6215,"Ties, Bow Ties And Cravats Of Silk Or Silk Waste",,25.0,0.0,30.0,15.0,5.0,7.5,104.06
6215.20.00,62,6215,"Ties, Bow Ties And Cravats Of Man-Made Fibres",,25.0,0.0,30.0,15.0,5.0,7.5,104.06
6215.90.00,62,6215,"Ties, Bow Ties And Cravats Of Other Textiles,Nes(Excl.Silk Man Made Fibre)",,25.0,0.0,30.0,15.0,5.0,7.5,104.06
6216.00.00,62,6216,"Gloves, Mittens And Mitts",,25.0,0.0,30.0,15.0,5.0,7.5,104.06
6217.10.00,62,6217,"Clothing Accessories, Nes",,25.0,0.0,30.0,15.0,5.0,7.5,104.06
6217.90.00,62,6217,"Parts Of Garments Or Clothing Accessories, Nes",,25.0,0.0,30.0,15.0,5.0,7.5,104.06
6301.10.00,63,6301,Electric Blankets,,25.0,3.0,20.0,15.0,5.0,7.5,93.16
6301.20.00,63,6301,"Blankets (Excl. Electric Blankets) And Travelling Rugs, Of Wool...",,25.0,3.0,20.0,15.0,5.0,7.5,93.16
6301.30.00,63,6301,"Blankets (Excl. Electric Blankets) And Travelling Rugs, Of Cotton",,25.0,3.0,20.0,15.0,5.0,7.5,93.16
6301.40.00,63,6301,"Blankets (Excl. Electric Blankets), Etc, Of Synthetic Fibres",,25.0,3.0,20.0,15.0,5.0,7.5,93.16
6301.90.00,63,6301,"Blankets And Travelling Rugs, Nes",,25.0,3.0,20.0,15.0,5.0,7.5,93.16
6302.10.00,63,6302,"Bed Linen, Knitted Or Crocheted",,25.0,3.0,20.0,15.0,5.0,7.5,93.16
6302.21.00,63,6302,Printed Bed-Linen Of Cotton (Excl. Knitted Or Crocheted),,25.0,3.0,20.0,15.0,5.0,7.5,93.16
6302.22.00,63,6302,Printed Bed-Linen Of Man-Made Fibres (Excl. Knitted Or Crocheted),,25.0,3.0,20.0,15.0,5.0,7.5,93.16
6302.29.00,63,6302,Printed Bed-Linen Of Other Textiles (Excl. Knitted Or Crocheted),,25.0,3.0,20.0,15.0,5.0,7.5,93.16
6302.31.00,63,6302,"Bed Linen Of Cotton (Excl. Printed, Knitted Or Crocheted)",,25.0,3.0,20.0,15.0,5.0,7.5,93.16
6302.32.00,63,6302,"Bed Linen Of Man-Made Fibres (Excl. Printed, Knitted Or Crocheted)",,25.0,3.0,20.0,15.0,5.0,7.5,93.16
6302.39.00,63,6302,"Bad Linen Of Other Textiles (Excl. Printed, Knitted Or Crocheted)",,25.0,3.0,20.0,15.0,5.0,7.5,93.16
6302.40.00,63,6302,"Table Linen, Knitted Or Crocheted",,25.0,3.0,20.0,15.0,5.0,7.5,93.16
6302.51.00,63,6302,Table Linen Of Cotton (Excl. Knitted Or Crocheted),,25.0,3.0,20.0,15.0,5.0,7.5,93.16
6302.53.00,63,6302,Table Linen Of Man-Made Fibres (Excl. Knitted Or Crocheted),,25.0,3.0,20.0,15.0,5.0,7.5,93.16
6302.59.00,63,6302,"Table Linen Of Other Textiles, Nes (Excl. Knitted Or Crocheted)",,25.0,3.0,20.0,15.0,5.0,7.5,93.16
6302.60.00,63,6302,"Toilet Linen And Kitchen Linen, Of Terry Fabrics, Of Cotton",,25.0,3.0,20.0,15.0,5.0,7.5,93.16
6302.91.00,63,6302,"Linen Of Cotton, Nes",,25.0,3.0,20.0,15.0,5.0,7.5,93.16
6302.93.00,63,6302,"Linen Of Man-Made Fibres, Nes",,25.0,3.0,20.0,15.0,5.0,7.5,93.16
6302.99.00,63,6302,"Linen Of Other Textiles, Nes",,25.0,3.0,20.0,15.0,5.0,7.5,93.16
6303.12.00,63,6303,"Curtains, Etc; Bed Valances Of Synthetic Fibres, Knitted Or Crocheted",,25.0,3.0,20.0,15.0,5.0,7.5,93.16
6303.19.00,63,6303,"Curtains, Etc; Bed Valances Of Textile Materials, Knitted Or Crocheted",,25.0,3.0,20.0,15.0,5.0,7.5,93.16
6303.91.00,63,6303,Curtains&Interior Blinds;Curtain/Bed Vlncs.Of Cotton(Exl.Knitted/Crocheted,,25.0,3.0,20.0,15.0,5.0,7.5,93.16
6303.92.00,63,6303,Curtains&Intror.Blinds;Curtain/Bed Vlncs.Of Synthtc.Fbrs.(Exl.Knitted/Cro.,,25.0,3.0,20.0,15.0,5.0,7.5,93.16
6303.99.00,63,6303,Curtains&Intror.Blinds;Curtain/Bed Valances Of Oth.Txtls.(Exl.Knitted/Croc,,25.0,3.0,20.0,15.0,5.0,7.5,93.16
6304.11.00,63,6304,Knitted Or Crocheted Bedspreads,,25.0,3.0,20.0,15.0,5.0,7.5,93.16
6304.19.00,63,6304,Bedspreads (Excl. Knitted Or Crocheted),,25.0,3.0,20.0,15.0,5.0,7.5,93.16
6304.20.00,63,6304,Bed nets specified in Subheading Note 1 to this Chapter,,25.0,3.0,20.0,15.0,5.0,7.5,93.16
6304.91.00,63,6304,"Knitted Or Crocheted Furnishing Articles, Nes",,25.0,3.0,20.0,15.0,5.0,7.5,93.16
6304.92.00,63,6304,"Furnishing Articles, Nes, Of Cotton (Excl. Knitted Or Crocheted)",,25.0,3.0,20.0,15.0,5.0,7.5,93.16
6304.93.00,63,6304,Furnishing Articles Of Synthetic Fibres (Excl. Knitted Or Crocheted),,25.0,3.0,20.0,15.0,5.0,7.5,93.16
6304.99.00,63,6304,Furnishing Articles Of Other Textiles (Excl. Knitted Or Crocheted),,25.0,3.0,20.0,15.0,5.0,7.5,93.16
6305.10.00,63,6305,"Sacks And Bags, Used For Packing Goods, Of Jute, Etc",,25.0,3.0,0.0,15.0,5.0,7.5,61.8
6305.20.00,63,6305,"Sacks And Bags, Used For Packing Goods, Of Cotton",,25.0,3.0,0.0,15.0,5.0,7.5,61.8
6305.32.00,63,6305,"Flexible Intermediate Bulk Containers, Of Man-Made Textile Materials",,25.0,3.0,0.0,15.0,5.0,7.5,61.8
6305.33.00,63,6305,"Sacks And Bags,For Packing Goods,Of Polyethylene/Polypropylene Strip Nes",,25.0,3.0,0.0,15.0,5.0,7.5,61.8
6305.39.00,63,6305,"Sacks And Bags, Used For Packing Goods, Of Man-Made Textile Fibres, Nes",,25.0,3.0,0.0,15.0,5.0,7.5,61.8
6305.90.00,63,6305,"Sacks And Bags, Used For Packing Goods, Of Other Textiles, Nes",,25.0,3.0,0.0,15.0,5.0,7.5,61.8
6306.12.00,63,6306,"Tarpaulins, Awnings And Sunblinds, Of Synthetic Fibres",,25.0,3.0,0.0,15.0,5.0,7.5,61.8
6306.19.00,63,6306,"Tarpaulins, Awnings And Sunblinds, Of Other Textiles, Nes",,25.0,3.0,0.0,15.0,5.0,7.5,61.8
6306.22.00,63,6306,Tents Of Synthetic Fibres,,25.0,3.0,0.0,15.0,5.0,7.5,61.8
6306.29.00,63,6306,"Tents Of Textiles, (Excl. Cotton Or Synthetic Fibres)",,25.0,3.0,0.0,15.0,5.0,7.5,61.8
6306.30.00,63,6306,Tents: Sails,,25.0,3.0,0.0,15.0,5.0,7.5,61.8
6306.40.00,63,6306,Tents: Pneumatic mattresses,,25.0,3.0,0.0,15.0,5.0,7.5,61.8
6306.90.00,63,6306,Other camping goods,,25.0,3.0,0.0,15.0,5.0,7.5,61.8
6307.10.00,63,6307,"Floor-Cloths, Dish-Cloths, Dusters And Similar Cleaning Cloths",,25.0,3.0,0.0,15.0,5.0,7.5,61.8
6307.20.00,63,6307,Life-Jackets And Life-Belts,,25.0,3.0,0.0,15.0,5.0,7.5,61.8
6307.90.00,63,6307,"Made Up Articles (Incl. Dress Patterns), Nes",,25.0,3.0,0.0,15.0,5.0,7.5,61.8
6308.00.00,63,6308,"Sets Of Woven Fabric And Yarn, For Making Up Into Rugs, Etc, Prs",,25.0,3.0,0.0,15.0,5.0,7.5,61.8
6309.00.00,63,6309,Worn clothing and other worn articles,,25.0,3.0,0.0,15.0,5.0,7.5,61.8
6401.10.00,64,6401,Waterproof Footwear Incorporating A Protective Metal Toe-Cap...,,25.0,3.0,0.0,15.0,5.0,7.5,61.8
6401.92.00,64,6401,Waterproof Footwear Covering The Ankle But Not The Knee,,25.0,3.0,0.0,15.0,5.0,7.5,61.8
6401.99.00,64,6401,Waterproof Footwear Nes.,,25.0,3.0,0.0,15.0,5.0,7.5,61.8
6402.12.00,64,6402,"Ski-Boots,Cross-Country Ski Footwear/Snowboard Boots,Of Rubber Or Plastics",,25.0,0.0,40.0,15.0,5.0,7.5,119.38
6402.19.00,64,6402,"Sport Footwear, Nes, Of Rubber Or Plastics",,25.0,3.0,40.0,15.0,5.0,7.5,124.52
6402.20.00,64,6402,"Footwear With Upper Straps/Thongs Plugged Into Soles,Of Rubber Or Plastics",,25.0,3.0,40.0,15.0,5.0,7.5,124.52
6402.91.00,64,6402,"Footwear, Nes, Covering The Ankle Of Rubber Or Plastics",,25.0,3.0,40.0,15.0,5.0,7.5,124.52
6402.99.00,64,6402,"Footwear, Nes, Exl. Covering The Ankle, Of Rubber Or Plastics",,25.0,3.0,40.0,15.0,5.0,7.5,124.52
6403.12.00,64,6403,"Ski-Boots,Snowbrd Boots,With Rubber,Plastics,Leather Soles,& Leather Upper",,25.0,0.0,40.0,15.0,5.0,7.5,119.38
6403.19.00,64,6403,"Sports Footwear, With Rubber, Plastics, Leather...Soles, Leather Uppers",,25.0,3.0,40.0,15.0,5.0,7.5,124.52
6403.20.00,64,6403,"Footwear With Leather Soles And Straps (Over Instep, Around Big Toe)",,25.0,3.0,40.0,15.0,5.0,7.5,124.52
6403.40.00,64,6403,"Footwear, With A Metal Toe-Cap, Leather Uppers",,25.0,3.0,40.0,15.0,5.0,7.5,124.52
6403.51.00,64,6403,"Footwear With Leather Soles And Uppers, Covering The Ankle",,25.0,3.0,40.0,15.0,5.0,7.5,124.52
6403.59.00,64,6403,"Footwear With Leather Soles And Uppers, Not Covering The Ankle",,25.0,3.0,40.0,15.0,5.0,7.5,124.52
6403.91.00,64,6403,"Footwear With Rubber... Soles And Leather Uppers, Covering The Ankle,Nes",,25.0,3.0,40.0,15.0,5.0,7.5,124.52
6403.99.00,64,6403,"Footwear With Rubber... Soles, Leather Uppers, Not Covering The Ankle",,25.0,3.0,40.0,15.0,5.0,7.5,124.52
6404.11.00,64,6404,"Sports Shoes, Etc, With Rubber Or Plastic Soles And Textile Uppers",,25.0,3.0,40.0,15.0,5.0,7.5,124.52
6404.19.00,64,6404,"Sports Footwear, With Rubber Or Plastic Soles And Textile Uppers",,25.0,3.0,40.0,15.0,5.0,7.5,124.52
6404.20.00,64,6404,Footwear With Leather Or Composition Leather Soles And Textile Uppers,,25.0,3.0,40.0,15.0,5.0,7.5,124.52
6405.10.00,64,6405,"Footwear, Nes, With Leather Or Composition Leather Uppers",,25.0,3.0,40.0,15.0,5.0,7.5,124.52
6405.20.00,64,6405,"Footwear, Nes, With Textile Uppers",,25.0,3.0,40.0,15.0,5.0,7.5,124.52
6405.90.00,64,6405,"Footwear, Nes",,25.0,3.0,40.0,15.0,5.0,7.5,124.52
6406.10.00,64,6406,"Uppers and parts thereof, other than stiffeners",,25.0,3.0,10.0,15.0,5.0,7.5,77.48
6406.20.00,64,6406,"Outer soles and heels, of rubber or plastics",,25.0,3.0,10.0,15.0,5.0,7.5,77.48
6406.90.00,64,6406,Other Parts of footwear,,25.0,3.0,0.0,15.0,5.0,7.5,61.8
6501.00.00,65,6501,"Hat-Forms, Hat Bodies And Hoods Of Felt; Plateaux And Manchons Of Felt",,25.0,3.0,0.0,15.0,5.0,7.5,61.8
6502.00.00,65,6502,"Hat-Shapes, Plaited Or Made By Assembling Strips Of Any Material",,25.0,3.0,0.0,15.0,5.0,7.5,61.8
6504.00.00,65,6504,"Hats And Other Headgear, Plaited Or Assembled By Strips Of Any Material",,25.0,3.0,0.0,15.0,5.0,7.5,61.8
6505.00.00,65,6505,"Hats and other headgear, knitted or crocheted, . trimmed; hair-nets of any material, wh",,25.0,3.0,0.0,15.0,5.0,7.5,61.8
6506.10.00,65,6506,Safety Headgear,,25.0,3.0,0.0,15.0,5.0,7.5,61.8
6506.91.00,65,6506,"Hats And Other Headgear, Of Rubber Or Plastics",,25.0,3.0,0.0,15.0,5.0,7.5,61.8
6506.99.00,65,6506,"Hats And Other Headgear, Nes",,25.0,3.0,0.0,15.0,5.0,7.5,61.8
6507.00.00,65,6507,"Head-Bands, Linings, Covers, Hat Foundations, Etc, For Headgear",,25.0,3.0,0.0,15.0,5.0,7.5,61.8
6601.10.00,66,6601,Garden Or Similar Umbrellas,,25.0,3.0,0.0,15.0,5.0,7.5,61.8
6601.91.00,66,6601,"Umbrellas And Sun Umbrellas, Having A Telescopic Shaft",,25.0,3.0,0.0,15.0,5.0,7.5,61.8
6601.99.00,66,6601,"Umbrellas And Sun Umbrellas, Nes",,25.0,3.0,0.0,15.0,5.0,7.5,61.8
6602.00.00,66,6602,"Walking-Sticks, Seat-Sticks, Whips, Riding-Crops And The Like",,25.0,3.0,0.0,15.0,5.0,7.5,61.8
6603.20.00,66,6603,"Umbrella Frames, Including Frames Mounted On Shafts (Sticks)",,25.0,3.0,0.0,15.0,5.0,7.5,61.8
6603.90.00,66,6603,"Parts, Trimmings And Accessories Of Articles Of 66.01 Or 66.02",,25.0,3.0,0.0,15.0,5.0,7.5,61.8
6701.00.00,67,6701,"Skins Of Birds With Feathers Or Down, Feathers, Etc",,25.0,3.0,0.0,15.0,5.0,7.5,61.8
6702.10.00,67,6702,"Artificial Flowers, Foliage And Fruit And Articles Thereof Of Plastics",,25.0,3.0,20.0,15.0,5.0,7.5,93.16
6702.90.00,67,6702,"Artificial Flowers, Foliage, Etc And Articles Thereof Of Other Materials",,25.0,3.0,20.0,15.0,5.0,7.5,93.16
6703.00.00,67,6703,"Human Hair, Dressed, Etc; Animal Hair And Synthetic Materials For Wigs",,25.0,3.0,0.0,15.0,5.0,7.5,61.8
6704.11.00,67,6704,Complete Wigs Of Synthetic Textile Materials,,25.0,3.0,0.0,15.0,5.0,7.5,61.8
6704.19.00,67,6704,"False Beards, Eyebrows And Eyelashes, Etc, Of Synthetic Fibres",,25.0,3.0,0.0,15.0,5.0,7.5,61.8
6704.20.00,67,6704,"Wigs, False Beards, Eyebrows, Etc And Articles, Nes, Of Human Hair",,25.0,3.0,0.0,15.0,5.0,7.5,61.8
6704.90.00,67,6704,"Wigs,False Beards,Eyebrows,Etc Of Animal Hair Or Text,Material",,25.0,3.0,0.0,15.0,5.0,7.5,61.8
6801.00.00,68,6801,"Setts, Curbstones And Flagstones, Of Natural Stone (Except Slate)",,10.0,0.0,0.0,15.0,5.0,7.5,39.75
6802.10.10,68,6802,"Tiles, Cubes...; artificially coloured granules, chippings and powder",,25.0,3.0,60.0,15.0,5.0,7.5,155.88
6802.10.90,68,6802,"Tiles, Cubes...; Artificially Coloured Granules..., For Mosaics",,25.0,3.0,60.0,15.0,5.0,7.5,155.88
6802.21.00,68,6802,"Marble, Travertine, Alabaster, Cut/Sawn, With Flat/Even Surface",,25.0,3.0,60.0,15.0,5.0,7.5,155.88
6802.23.00,68,6802,"Granite, Cut/Sawn, With Flat/Even Surface",,25.0,3.0,60.0,15.0,5.0,7.5,155.88
6802.29.10,68,6802,Silex/lining/abrasive/polishing disc,,25.0,3.0,60.0,15.0,5.0,7.5,155.88
6802.29.90,68,6802,Silex/lining/abrasive/polishing disc imported by other than VAT regi.ceramic prod,,25.0,3.0,60.0,15.0,5.0,7.5,155.88
6802.91.00,68,6802,"Marble, Travertine And Alabaster, Worked",,25.0,3.0,60.0,15.0,5.0,7.5,155.88
6802.92.00,68,6802,"Calcareous Stone (Excl. Marble, Travertine And Alabaster), Worked",,25.0,3.0,60.0,15.0,5.0,7.5,155.88
6802.93.00,68,6802,Worked Granite,,25.0,3.0,60.0,15.0,5.0,7.5,155.88
6802.99.00,68,6802,"Monumental/Building Stone, Nes, Worked",,25.0,3.0,60.0,15.0,5.0,7.5,155.88
6803.00.00,68,6803,Worked Slate And Articles Of Slate Or Of Agglomerated Slate,,25.0,3.0,60.0,15.0,5.0,7.5,155.88
6804.10.00,68,6804,"Millstones And Grindstones For Milling, Grinding Or Pulping",,10.0,0.0,0.0,15.0,5.0,7.5,39.75
6804.21.00,68,6804,"Millstones, etc, of agglomerated synthetic or natural diamond",,10.0,0.0,0.0,15.0,5.0,7.5,39.75
6804.22.00,68,6804,"Millstones, etc, of other agglomerated abrasives or of ceramics",,10.0,0.0,0.0,15.0,5.0,7.5,39.75
6804.23.00,68,6804,"Millstones, etc, of natural stone",,10.0,0.0,0.0,15.0,5.0,7.5,39.75
6804.30.00,68,6804,Hand Sharpening Or Polishing Stones,,10.0,0.0,0.0,15.0,5.0,7.5,39.75
6805.20.00,68,6805,"Natural Or Artificial Abrasive Powder/Grain, On Paper/Paperboard",,15.0,0.0,0.0,15.0,5.0,7.5,45.88
6805.30.00,68,6805,"Natural Or Artificial Abrasive Powder/Grain, On A Base Of Materials, Nes",,15.0,0.0,0.0,15.0,5.0,7.5,45.88
6806.10.00,68,6806,"Slag Wool, Rock Wool, Etc (Incl. Intermixtures) In Bulk, Sheets Or Rolls",,10.0,0.0,0.0,15.0,5.0,7.5,39.75
6806.20.00,68,6806,"Exfoliated Vermiculite, Expanded Clays, Etc (Incl. Intermixtures)",,10.0,0.0,0.0,15.0,5.0,7.5,39.75
6807.10.00,68,6807,"Articles Of Asphalt Or Of Similar Material, In Rolls",,10.0,0.0,0.0,15.0,5.0,7.5,39.75
6807.90.00,68,6807,Articles Of Asphalt Or Of Similar Material (Excl. In Rolls),,10.0,0.0,0.0,15.0,5.0,7.5,39.75
6808.00.00,68,6808,"Panels, Boards..., Of Wood Waste, Etc, Agglomerated With Cement, Etc",,25.0,3.0,20.0,15.0,5.0,7.5,93.16
6809.11.00,68,6809,"Boards..., Of Plaster..., Reinforced With Paper Or Paperboard Only",,25.0,3.0,20.0,15.0,5.0,7.5,93.16
6809.19.00,68,6809,"Boards..., Of Plaster Or Compositions Based On Plaster, Nes",,25.0,3.0,20.0,15.0,5.0,7.5,93.16
6809.90.00,68,6809,"Articles Of Plaster Or Compositions Based On Plaster, Nes",,25.0,3.0,20.0,15.0,5.0,7.5,93.16
6810.11.00,68,6810,"Building Blocks And Bricks, Of Cement Or Artificial Stone Or Concrete",,25.0,3.0,0.0,15.0,5.0,7.5,61.8
6810.19.10,68,6810,Railway Sleepers,,25.0,3.0,0.0,15.0,5.0,7.5,61.8
6810.19.90,68,6810,"Other Tiles,Flagstones,Bricks And Similar Articles (Excl.Railway Sleepers)",,25.0,3.0,0.0,15.0,5.0,7.5,61.8
6810.91.00,68,6810,"Prefabricated Structural Components For Building, Etc, Of Cement...",,25.0,3.0,0.0,15.0,5.0,7.5,61.8
6810.99.00,68,6810,"Articles Of Cement, Concrete Or Artificial Stone, Nes",,25.0,3.0,0.0,15.0,5.0,7.5,61.8
6811.40.00,68,6811,"Articles of asbestos-cement, of cellulose fibre-cement or the like. Containing",,25.0,3.0,0.0,15.0,5.0,7.5,61.8
6811.81.00,68,6811,"Articles of asbestos-cement,of cellulose fibre-cement or the like not Con...Cor",,25.0,3.0,0.0,15.0,5.0,7.5,61.8
6811.82.00,68,6811,"Arti.of asbestos-cement, of cellu...Not cont.asbestos.Ottr sheets, panels, tile",,25.0,3.0,0.0,15.0,5.0,7.5,61.8
6811.89.00,68,6811,"Arti of asb..Not containing asbestos, NES Other articles",,25.0,3.0,0.0,15.0,5.0,7.5,61.8
6812.80.00,68,6812,Fabricated asbestos fibres; mixtures with a basis of asbestos?.. Of crocidolite,,25.0,3.0,0.0,15.0,5.0,7.5,61.8
6812.91.00,68,6812,"Clothing, clothing accessories, footwear and headgear, Excl. Of crocodile",,25.0,3.0,0.0,15.0,5.0,7.5,61.8
6812.99.00,68,6812,Fabricated asbestos fibres;mixtures with a basis of asbestos or with a basis of,,25.0,3.0,0.0,15.0,5.0,7.5,61.8
6813.20.10,68,6813,Friction material and articles containing asbestos Unfinished,,5.0,0.0,0.0,15.0,5.0,7.5,33.63
6813.20.90,68,6813,Friction material ans articles Exlcuding unfinished,,15.0,0.0,0.0,15.0,5.0,7.5,45.88
6813.81.00,68,6813,Friction material and articles thereof ..not Containing asbestos Brake linings,,15.0,0.0,0.0,15.0,5.0,7.5,45.88
6813.89.00,68,6813,Friction material and articles thereof ..not Containing asbestos Excl. Brake l,,15.0,0.0,0.0,15.0,5.0,7.5,45.88
6814.10.00,68,6814,"Plates, Sheets And Strips Of Agglomerated Or Reconstituted Mica",,5.0,0.0,0.0,15.0,5.0,7.5,33.63
6814.90.00,68,6814,"Worked Mica And Articles Of Mica, Nes",,5.0,0.0,0.0,15.0,5.0,7.5,33.63
6815.11.00,68,6815,Articles of stone or of other mineral substance ...Carbon fibres,,25.0,3.0,0.0,15.0,5.0,7.5,61.8
6815.12.00,68,6815,Articles of stone or of other mineral substance ...Fabrics of carbon fibres,,25.0,3.0,0.0,15.0,5.0,7.5,61.8
6815.13.00,68,6815,Articles of stone or of other mineral substance ...Other articles of carbon fibres,,25.0,3.0,0.0,15.0,5.0,7.5,61.8
6815.19.00,68,6815,Articles of stone or of other mineral substance .. NES,,25.0,3.0,0.0,15.0,5.0,7.5,61.8
6815.20.00,68,6815,Articles Of Peat,,25.0,3.0,0.0,15.0,5.0,7.5,61.8
6815.91.00,68,6815,"Articles Containing Magnesite, Dolomite Or Chromite",,25.0,3.0,0.0,15.0,5.0,7.5,61.8
6815.99.00,68,6815,"Articles Of Stone Or Other Mineral Substances, Nes",,25.0,3.0,0.0,15.0,5.0,7.5,61.8
6901.00.10,69,6901,"Bricks, Blocks, Tiles... Of Siliceous Fossil Meals Or Earths",,1.0,0.0,0.0,15.0,5.0,7.5,28.73
6901.00.90,69,6901,"Bricks, Blocks, Tiles... Of Siliceous Fossil Meals Or Earths",,5.0,0.0,0.0,15.0,5.0,7.5,33.63
6902.10.00,69,6902,"Refractory Bricks, Blocks, Tiles..., >50% Mgo, Cao, Cr2o3",,1.0,0.0,0.0,15.0,5.0,7.5,28.73
6902.20.00,69,6902,"Refractory Bricks, Blocks..., >50% Silica (Sio3) Or Alumina (Al2o3)",,1.0,0.0,0.0,15.0,5.0,7.5,28.73
6902.90.00,69,6902,"Refractory Bricks, Blocks, Tiles, Etc, Nes",,10.0,0.0,0.0,15.0,5.0,7.5,39.75
6903.10.10,69,6903,"Laboratory Articles, Weight >50% Of Graphite Or Other Carbon Or Of A Mix..",,1.0,0.0,0.0,15.0,5.0,7.5,28.73
6903.10.90,69,6903,"Other Refactory Ceramic Goods,Nes,>50% Of Graphite (Excl.Lab.Articles)....",,10.0,0.0,0.0,15.0,5.0,7.5,39.75
6903.20.10,69,6903,"Laboratory Articles, >50% Of Alumina (Al203) Or Silica (Sio2)",,1.0,0.0,0.0,15.0,5.0,7.5,28.73
6903.20.20,69,6903,Ceramic roller and alumina ball,,1.0,0.0,0.0,15.0,5.0,7.5,28.73
6903.20.90,69,6903,"Refactory Ceramic Goods,Nes,>50% Of Alumina(Al203) Or Silica(Ex.Lab.Articl",,10.0,0.0,0.0,15.0,5.0,7.5,39.75
6903.90.10,69,6903,Ceramic Ingot Moulds,,10.0,0.0,0.0,15.0,5.0,7.5,39.75
6903.90.20,69,6903,Kiln furniture,,1.0,0.0,0.0,15.0,5.0,7.5,28.73
6903.90.90,69,6903,"Refactory Ceramic Goods, Nes",,10.0,0.0,0.0,15.0,5.0,7.5,39.75
6904.10.00,69,6904,Ceramic Building Bricks,,25.0,3.0,10.0,15.0,5.0,7.5,77.48
6904.90.00,69,6904,"Ceramic Flooring Blocks, Support Or Filler Tiles And The Like",,25.0,3.0,10.0,15.0,5.0,7.5,77.48
6905.10.00,69,6905,Ceramic Roofing Tiles,,25.0,3.0,10.0,15.0,5.0,7.5,77.48
6905.90.00,69,6905,"Ceramic Chimney-Pots... And Ceramic Constructional Goods,Nes",,25.0,3.0,10.0,15.0,5.0,7.5,77.48
6906.00.00,69,6906,"Ceramic Pipes, Conduits, Guttering And Pipe Fittings",,25.0,3.0,10.0,15.0,5.0,7.5,77.48
6907.21.00,69,6907,Of a water absorption coefficient by weight not exceeding 0.5 %,,25.0,3.0,60.0,15.0,5.0,7.5,155.88
6907.22.00,69,6907,Of a water absorption coefficient by weight not exceeding 0.5 %,,25.0,3.0,60.0,15.0,5.0,7.5,155.88
6907.23.00,69,6907,Of a water absorption coefficient by weight exceeding 10 %,,25.0,3.0,60.0,15.0,5.0,7.5,155.88
6907.30.00,69,6907,"Mosaic cubes and the like, other than those of subheading 6907.40",,25.0,3.0,60.0,15.0,5.0,7.5,155.88
6907.40.00,69,6907,Finishing ceramics,,25.0,3.0,60.0,15.0,5.0,7.5,155.88
6909.11.00,69,6909,"Ceramic Wares For Laboratory... Use, Of Porcelain Or China",,1.0,0.0,0.0,15.0,5.0,7.5,28.73
6909.12.00,69,6909,"Ceramic Wares For Laboratory...Use, Having A Hardness >=9 On The Mohsscale",,1.0,0.0,0.0,15.0,5.0,7.5,28.73
6909.19.10,69,6909,Ceramic Wares For Lab.Use(Excl.Porcelain Or China)Having A Hardness <9mohs,,5.0,0.0,0.0,15.0,5.0,7.5,33.63
6909.19.90,69,6909,Ceramic Wares For Lab.Use(Excl.Porcelain Or China)Having A Hardness <9mohs,,5.0,0.0,0.0,15.0,5.0,7.5,33.63
6909.90.00,69,6909,"Ceramic (Agricultural) Troughs, Tubs...; Ceramic Pot, Jars..., Nes",,5.0,0.0,0.0,15.0,5.0,7.5,33.63
6910.10.00,69,6910,"Ceramic Sinks... And Other Sanitary Fixtures, Of Porcelain Or China",,25.0,3.0,60.0,15.0,5.0,7.5,155.88
6910.90.00,69,6910,"Ceramic Sinks, Wash Basins, Baths... And Other Sanitary Fixtures, Nes",,25.0,3.0,60.0,15.0,5.0,7.5,155.88
6911.10.00,69,6911,"Tableware And Kitchenware, Of Porcelain Or China",,25.0,3.0,60.0,15.0,5.0,7.5,155.88
6911.90.00,69,6911,"Household And Toilet Articles, Nes, Of Porcelain Or China",,25.0,3.0,60.0,15.0,5.0,7.5,155.88
6912.00.00,69,6912,Ceramic Tableware... Other Household Articles (Excl. Porcelain Or China),,25.0,3.0,60.0,15.0,5.0,7.5,155.88
6913.10.00,69,6913,Statuettes And Other Ornamental Articles Of Porcelain Or China,,25.0,3.0,60.0,15.0,5.0,7.5,155.88
6913.90.00,69,6913,Statuettes And Other Ornamental Articles (Excl. Porcelain Or China),,25.0,3.0,60.0,15.0,5.0,7.5,155.88
6914.10.00,69,6914,"Ceramic Articles, Nes, Of Porcelain Or China",,25.0,3.0,60.0,15.0,5.0,7.5,155.88
6914.90.00,69,6914,"Ceramic Articles, Nes (Excl. Porcelain Or China)",,25.0,3.0,60.0,15.0,5.0,7.5,155.88
7001.00.00,70,7001,Cullet And Other Waste And Scrap Of Glass; Glass In The Mass,,5.0,0.0,0.0,15.0,5.0,7.5,33.63
7002.10.00,70,7002,"Balls Of Glass, Unworked",,25.0,3.0,0.0,15.0,5.0,7.5,61.8
7002.20.00,70,7002,"Rods Of Glass, Unworked",,25.0,3.0,0.0,15.0,5.0,7.5,61.8
7002.31.10,70,7002,Neutral Glass Tubes For The Manufacture Of Ampoules And Vials,,5.0,0.0,0.0,15.0,5.0,7.5,33.63
7002.31.90,70,7002,Tubes Of Fused Quartz Or Other Fused Silica (Excl.Neutral Glass Tubes),,10.0,0.0,0.0,15.0,5.0,7.5,39.75
7002.32.00,70,7002,"Tubes Of Oth.Glass With A Lce =<5x10-6/K,Unworked,Temp.Range 0 Dgc To 300",,10.0,0.0,0.0,15.0,5.0,7.5,39.75
7002.39.10,70,7002,Neutral Glass Tubes For The Manufacture Of Ampoules And Vials,,5.0,0.0,0.0,15.0,5.0,7.5,33.63
7002.39.20,70,7002,Flange Tube,,25.0,3.0,0.0,15.0,5.0,7.5,61.8
7002.39.90,70,7002,"Tubes Of Glass, Unworked, Nes",,25.0,3.0,20.0,15.0,5.0,7.5,93.16
7003.12.00,70,7003,"Nonwired Unworked Sheets Cast/Rolled Glass,Coloured,Opacified,Flashed Or..",,25.0,3.0,20.0,15.0,5.0,7.5,93.16
7003.19.00,70,7003,"Non-Wired Unworked Sheets Of Cast/Rolled Glass, Nes",,25.0,3.0,20.0,15.0,5.0,7.5,93.16
7003.20.00,70,7003,Wired Unworked Sheets Of Cast/Rolled Glass,,25.0,3.0,20.0,15.0,5.0,7.5,93.16
7003.30.00,70,7003,Unworked Profiles Of Cast/Rolled Glass,,25.0,3.0,20.0,15.0,5.0,7.5,93.16
7004.20.00,70,7004,"Unworked Drawn/Blown Glass,Coloured,Opacified,Flashed/With Absorbant Layer",,25.0,3.0,20.0,15.0,5.0,7.5,93.16
7004.90.00,70,7004,"Unworked Drawn/Blown Glass (Excl. Coloured, Opacified, Etc)",,25.0,3.0,20.0,15.0,5.0,7.5,93.16
7005.10.00,70,7005,"Nonwired Unworked Sheets Of Float/Ground/Polished Glass,Wth Absorbnt Layer",,25.0,3.0,45.0,15.0,5.0,7.5,132.36
7005.21.00,70,7005,"Non-Wired Unworked Sheets Of Float/Ground/Polished Glass, Coloured...",,25.0,3.0,45.0,15.0,5.0,7.5,132.36
7005.29.10,70,7005,Ultra clear glass imported by VAT registered refrigerator or freezer manf. ind.,,25.0,3.0,45.0,15.0,5.0,7.5,132.36
7005.29.90,70,7005,Excl. Ultra clear glass imported by VAT registered refrigerator or freezer manf. ind.,,25.0,3.0,45.0,15.0,5.0,7.5,132.36
7005.30.00,70,7005,Wired Unworked Sheets Of Float/Ground/Polished Glass,,25.0,3.0,45.0,15.0,5.0,7.5,132.36
7006.00.00,70,7006,"Glass Of 70.03, 70.04 Or 70.05, Bent, Edge-Worked, Engraved, Etc",,25.0,3.0,20.0,15.0,5.0,7.5,93.16
7007.11.00,70,7007,"Toughened (tempered) safety glass for use in v..., aircraft, spacecraft or vessels:",,10.0,0.0,0.0,15.0,5.0,7.5,39.75
7007.19.10,70,7007,UL Marked Glass,,25.0,3.0,20.0,15.0,5.0,7.5,93.16
7007.19.90,70,7007,"Toughened (Tempered) Safety Glass, Nes",,25.0,3.0,20.0,15.0,5.0,7.5,93.16
7007.21.00,70,7007,"Laminated safety glass for vehicles, aircraft, etc ...., aircraft, spacecraft or vessels",,10.0,0.0,0.0,15.0,5.0,7.5,39.75
7007.29.00,70,7007,"Laminated Safety Glass, Nes",,25.0,3.0,20.0,15.0,5.0,7.5,93.16
7008.00.00,70,7008,Multiple-Walled Insulating Units Of Glass,,25.0,3.0,0.0,15.0,5.0,7.5,61.8
7009.10.00,70,7009,"Rear-View Mirrors For Vehicles, Of Glass",,25.0,3.0,0.0,15.0,5.0,7.5,61.8
7009.91.10,70,7009,"Unframed Glass Mirrors, Spherical And Cylindrical Only For Lab Use",,5.0,0.0,0.0,15.0,5.0,7.5,33.63
7009.91.90,70,7009,Unframed Glass Mirrors (Excl.Spherical & Cylinderical Only For Lab Use),,25.0,3.0,20.0,15.0,5.0,7.5,93.16
7009.92.10,70,7009,"Framed Glass Mirrors,Spherical & Cylindrical Only For Laboratory Use",,5.0,0.0,0.0,15.0,5.0,7.5,33.63
7009.92.90,70,7009,Framed Glass Mirrors (Excl. Spherical & Cylindrical Only For Lab.Use),,25.0,3.0,20.0,15.0,5.0,7.5,93.16
7010.10.00,70,7010,Glass Ampoules,,10.0,0.0,0.0,15.0,5.0,7.5,39.75
7010.20.00,70,7010,"Stoppers, Lids And Other Closures Of Glass",,5.0,0.0,0.0,15.0,5.0,7.5,33.63
7010.90.00,70,7010,"Carboys, bottles, flasks, jars, pots...nes, excl.jar of glass, glass bottles, jar",,25.0,3.0,20.0,15.0,5.0,7.5,93.16
7011.20.00,70,7011,"Open Glass Envelopes (Incl. Bulbs And Tubes), For Cathode-Ray Tubes",,10.0,0.0,0.0,15.0,5.0,7.5,39.75
7011.90.00,70,7011,"Open Glass Envelopes (Incl. Bulbs And Tubes), Nes",,15.0,0.0,0.0,15.0,5.0,7.5,45.88
7013.10.00,70,7013,"Glass-Ceramic Objects, Used For Table, Kitchen..., Nes",,25.0,3.0,45.0,15.0,5.0,7.5,132.36
7013.22.00,70,7013,Glassware...Stemware drinking glasses other than of glass-ceramics of lead crys,,25.0,3.0,45.0,15.0,5.0,7.5,132.36
7013.28.00,70,7013,Glassware...Stemware drinking glasses other than of glass-ceramics Excl. of lea,,25.0,3.0,45.0,15.0,5.0,7.5,132.36
7013.33.00,70,7013,"Glassware..Other drinking glasses, other than of glass ceramics Of lead crysta",,25.0,3.0,45.0,15.0,5.0,7.5,132.36
7013.37.00,70,7013,"Glassware..Other drinking glasses, other than of glass ceramics Excl. Of lead",,25.0,3.0,45.0,15.0,5.0,7.5,132.36
7013.41.00,70,7013,Glassware of a kind used for table (other than drinking glasses) Of lead crysta,,25.0,3.0,45.0,15.0,5.0,7.5,132.36
7013.42.00,70,7013,Glassware..(othr than drinking glasses)Of glass having a linear co-effi..=<5x10,,25.0,3.0,45.0,15.0,5.0,7.5,132.36
7013.49.00,70,7013,Glassware ...(othr than dri.glasses) or kit.purposes other than of glass-cerami,,25.0,3.0,45.0,15.0,5.0,7.5,132.36
7013.91.00,70,7013,"Glassware For Toilet, Office, Indoor Decorations, Etc, Of Lead Crystal",,25.0,3.0,45.0,15.0,5.0,7.5,132.36
7013.99.10,70,7013,"Glassware For Toilet, Office, Indoor Decorations, Etc, Nes",,25.0,3.0,45.0,15.0,5.0,7.5,132.36
7013.99.90,70,7013,"Glassware For Toilet, Office, Indoor Decorations, Etc, Nes",,25.0,3.0,45.0,15.0,5.0,7.5,132.36
7014.00.00,70,7014,"Signalling Glassware And Optical Elements Of Glass, Not Optically Worked",,10.0,0.0,0.0,15.0,5.0,7.5,39.75
7015.10.00,70,7015,"Glasses For Corrective Spectacles, Not Optically Worked",,5.0,0.0,0.0,15.0,5.0,7.5,33.63
7015.90.00,70,7015,"Clock Or Watch Glasses, Glass For Non-Corrective Spectacles, Etc, Now",,5.0,0.0,0.0,15.0,5.0,7.5,33.63
7016.10.90,70,7016,"Glass Cubes And Other Glass Smallwares, For Decorative Purposes",,25.0,3.0,20.0,15.0,5.0,7.5,93.16
7016.90.00,70,7016,"Paving Blocks... Of Glass, For Building Or Construction Purposes, Nes",,25.0,3.0,20.0,15.0,5.0,7.5,93.16
7017.10.00,70,7017,"Laboratory, Hygienic Or Pharmaceutical Glassware, Of Fused Quartz...",,5.0,0.0,0.0,15.0,5.0,7.5,33.63
7017.20.00,70,7017,"Laboratory, Hygienic Or Pharmaceutical Glassware, Lce =<5x10-6/K",,5.0,0.0,0.0,15.0,5.0,7.5,33.63
7017.90.00,70,7017,"Laboratory, Hygienic Or Pharmaceutical Glassware, Nes",,5.0,0.0,0.0,15.0,5.0,7.5,33.63
7018.10.00,70,7018,"Glass Smallware (Incl. Beads, Imitation Pearls/Stones, Etc)",,25.0,3.0,20.0,15.0,5.0,7.5,93.16
7018.20.00,70,7018,Glass Microspheres =<1mm In Diameter,,25.0,3.0,0.0,15.0,5.0,7.5,61.8
7018.90.00,70,7018,"Glass Statuettes And Other Ornaments Of Lamp-Worked Glass, Nes",,25.0,3.0,0.0,15.0,5.0,7.5,61.8
7019.11.00,70,7019,"Chopped Strands Of Glass Fibres, Of A Length <= 50 Mm",,10.0,0.0,0.0,15.0,5.0,7.5,39.75
7019.12.00,70,7019,Rovings Of Glass Fibres,,10.0,0.0,0.0,15.0,5.0,7.5,39.75
7019.13.00,70,7019,"Other yarn, slivers",,10.0,0.0,0.0,15.0,5.0,7.5,39.75
7019.14.00,70,7019,Mechanically bonded mats,,25.0,3.0,0.0,15.0,5.0,7.5,61.8
7019.15.00,70,7019,Chemically bonded mats,,25.0,3.0,0.0,15.0,5.0,7.5,61.8
7019.61.10,70,7019,Closed woven fabrics of roving,,5.0,0.0,0.0,15.0,5.0,7.5,33.63
7019.61.90,70,7019,Closed woven fabrics of roving,,10.0,0.0,0.0,15.0,5.0,7.5,39.75
7019.62.10,70,7019,Other closed fabrics of roving,,5.0,0.0,0.0,15.0,5.0,7.5,33.63
7019.62.90,70,7019,"Other closed fabrics of roving, ExcludingImp. by Ind. IRC holder VAT compliant bio-g",,10.0,0.0,0.0,15.0,5.0,7.5,39.75
7019.63.00,70,7019,"Closed woven fabrics, plain weave, of yarns, not coated or laminated",,10.0,0.0,0.0,15.0,5.0,7.5,39.75
7019.64.00,70,7019,"Closed woven fabrics, plain weave, of yarns, coated or laminated",,10.0,0.0,0.0,15.0,5.0,7.5,39.75
7019.65.10,70,7019,Open woven fabrics of a width not exceeding 30 cm,,5.0,0.0,0.0,15.0,5.0,7.5,33.63
7019.65.90,70,7019,Open woven fabrics of a width not exceeding 30 cm,,10.0,0.0,0.0,15.0,5.0,7.5,39.75
7019.66.10,70,7019,Open woven fabrics of a width exceeding 30 cm,,5.0,0.0,0.0,15.0,5.0,7.5,33.63
7019.66.90,70,7019,Open woven fabrics of a width exceeding 30 cm,,10.0,0.0,0.0,15.0,5.0,7.5,39.75
7019.69.10,70,7019,Other,,5.0,0.0,0.0,15.0,5.0,7.5,33.63
7019.69.90,70,7019,Other,,10.0,0.0,0.0,15.0,5.0,7.5,39.75
7019.71.10,70,7019,Glass fiber in sheet form,,25.0,3.0,0.0,15.0,5.0,7.5,61.8
7019.71.90,70,7019,Chemically bonded fabrics : Veils (thin sheets)(Excl Glass Fib..),,25.0,3.0,0.0,15.0,5.0,7.5,61.8
7019.72.00,70,7019,Other closed fabrics,,25.0,3.0,0.0,15.0,5.0,7.5,61.8
7019.73.00,70,7019,Other open fabrics,,25.0,3.0,0.0,15.0,5.0,7.5,61.8
7019.80.00,70,7019,Glass wool and articles of glass wool,,25.0,3.0,0.0,15.0,5.0,7.5,61.8
7019.90.10,70,7019,ARTICLES OF GLASS FIBRE,,10.0,0.0,0.0,15.0,5.0,7.5,39.75
7019.90.20,70,7019,LP gas cylinder capacity below 5000 litres,,5.0,0.0,0.0,0.0,5.0,7.5,17.88
7019.90.30,70,7019,Biogas digester,,1.0,0.0,0.0,0.0,5.0,7.5,13.58
7019.90.90,70,7019,"Other Article of Glass Fibre,nes",,10.0,0.0,0.0,15.0,5.0,7.5,39.75
7020.00.10,70,7020,"Other articles of glass, Glass inners for vacuum flasks or for other vacuum ves",,10.0,0.0,0.0,15.0,5.0,7.5,39.75
7020.00.90,70,7020,"Other articles of glass, Excl. Glass inners for vacuum flasks or for other vac",,25.0,3.0,0.0,15.0,5.0,7.5,61.8
7101.10.00,71,7101,"Natural Pearls (Excl. Strung, Mounted Or Set)",,5.0,0.0,0.0,15.0,5.0,7.5,33.63
7101.21.00,71,7101,"Unworked Cultured Pearls, (Excl. Strung, Mounted Or Set)",,5.0,0.0,0.0,15.0,5.0,7.5,33.63
7101.22.00,71,7101,"Worked Cultured Pearls, (Excl. Strung, Mounted Or Set)",,5.0,0.0,0.0,15.0,5.0,7.5,33.63
7102.10.00,71,7102,Unsorted Diamonds,,25.0,3.0,20.0,15.0,5.0,7.5,93.16
7102.21.00,71,7102,"Industrial Diamonds Unworked Or Simply Sawn, Cleaved Or Bruted",,25.0,3.0,0.0,0.0,2.0,7.5,39.6
7102.29.00,71,7102,"Industrial Diamonds, Notmounted Or Set, Nes",,25.0,3.0,0.0,15.0,5.0,7.5,61.8
7102.31.00,71,7102,"Non-Industrial Diamonds Unworked Or Simply Sawn, Cleaved Or Bruted",,25.0,3.0,20.0,15.0,5.0,7.5,93.16
7102.39.00,71,7102,"Non-Industrial Diamonds, Not Mounted Or Set, Nes",,25.0,3.0,60.0,15.0,5.0,7.5,155.88
7103.10.00,71,7103,"Precious (Excl. Diamonds) Or Semi-Precious Stones, Unworked",,5.0,0.0,0.0,15.0,5.0,7.5,33.63
7103.91.00,71,7103,"Rubies, Sapphires And Emeralds, Worked But Not Set...",,5.0,0.0,0.0,15.0,5.0,7.5,33.63
7103.99.00,71,7103,"Precious Or Semi-Precious Stones, Worked But Not Set..., Nes",,5.0,0.0,0.0,15.0,5.0,7.5,33.63
7104.10.00,71,7104,Piezo-Electric Quartz,,5.0,0.0,0.0,15.0,5.0,7.5,33.63
7104.21.00,71,7104,"Other, unworked or simply sawn or roughly shaped : Diamonds",,5.0,0.0,0.0,15.0,5.0,7.5,33.63
7104.29.00,71,7104,"Other, unworked or simply sawn or roughly shaped : Excluding Diamonds",,5.0,0.0,0.0,15.0,5.0,7.5,33.63
7104.91.00,71,7104,Other Diamonds,,5.0,0.0,0.0,15.0,5.0,7.5,33.63
7104.99.00,71,7104,Other Excluding Diamond,,5.0,0.0,0.0,15.0,5.0,7.5,33.63
7105.10.00,71,7105,Dust And Powder Of Diamonds,,10.0,0.0,0.0,15.0,5.0,7.5,39.75
7105.90.00,71,7105,"Dust... Of Natural Or Synthetic Precious Or Semi-Precious Stones, Nes",,10.0,0.0,0.0,15.0,5.0,7.5,39.75
7106.10.00,71,7106,Powder Of Silver,,5.0,0.0,0.0,15.0,5.0,7.5,33.63
7107.00.00,71,7107,"Base Metals Clad With Silver, Not Further Worked Then Semi-Manufactured",,10.0,0.0,0.0,15.0,5.0,7.5,39.75
7108.11.00,71,7108,"Powder Of Gold, Non-Monetary",,10.0,0.0,0.0,15.0,5.0,7.5,39.75
7108.12.10,71,7108,Gold dores,,10.0,0.0,0.0,0.0,2.0,0.0,12.0
7108.20.00,71,7108,Monetary Gold,,10.0,0.0,0.0,15.0,5.0,7.5,39.75
7109.00.00,71,7109,"Base Metals Or Silver, Clad With Gold, Up To Semi-Manufactured",,10.0,0.0,0.0,15.0,5.0,7.5,39.75
7110.11.00,71,7110,Platinum Unwrought Or In Powder Form,,10.0,0.0,0.0,15.0,5.0,7.5,39.75
7110.19.00,71,7110,Platinum In Semi-Manufactured Forms,,10.0,0.0,0.0,15.0,5.0,7.5,39.75
7110.21.00,71,7110,"Palladium, Unwrought Or In Powder Form",,10.0,0.0,0.0,15.0,5.0,7.5,39.75
7110.29.00,71,7110,Palladium In Semi-Manufactured Forms,,10.0,0.0,0.0,15.0,5.0,7.5,39.75
7110.31.00,71,7110,"Rhodium, Unwrought Or In Powder Form",,10.0,0.0,0.0,15.0,5.0,7.5,39.75
7110.39.00,71,7110,Rhodium In Semi-Manufactured Forms,,10.0,0.0,0.0,15.0,5.0,7.5,39.75
7110.41.00,71,7110,"Iridium, Osmium And Ruthenium, Unwrought Or In Powder Form",,10.0,0.0,0.0,15.0,5.0,7.5,39.75
7110.49.00,71,7110,"Iridium, Osmium And Ruthenium, In Semi-Manufactured Forms",,10.0,0.0,0.0,15.0,5.0,7.5,39.75
7111.00.00,71,7111,"Base Metals, Silver Or Gold, Clad With Platinum, Up To Semi-Manufactured",,10.0,0.0,0.0,15.0,5.0,7.5,39.75
7112.30.00,71,7112,ASH CONTAINING PRECIOUS METAL OR PRECIOUS COMPOUNDS,,5.0,0.0,0.0,15.0,5.0,7.5,33.63
7112.91.00,71,7112,"WASTE AND SCRAP OF GOLD,INCL. METAL CLAD..SWEEPINGS CONT. OTH. PREC. METAL",,5.0,0.0,0.0,15.0,5.0,7.5,33.63
7112.92.00,71,7112,"WASTE & SCRAP OF PLATINUM,INCL.METAL CLAD WITH...OTHER PRECIOUS METALS",,5.0,0.0,0.0,15.0,5.0,7.5,33.63
7112.99.00,71,7112,"WASTE/SCRAP WITH PLATINUM BUT EXCL.SWEEPINGS CONT.OTH.PRECIOUS METAL, NES",,5.0,0.0,0.0,15.0,5.0,7.5,33.63
7113.11.00,71,7113,Articles Of Jewellery And Parts Thereof Of Silver,,25.0,3.0,0.0,15.0,5.0,7.5,61.8
7113.19.00,71,7113,Articles Of Jewellery And Parts Thereof Of Precious Metal (Excl. Silver),,25.0,3.0,0.0,15.0,5.0,7.5,61.8
7113.20.00,71,7113,Articles Of Jewellery... Of Base Metal Clad With Precious Metal,,25.0,3.0,0.0,15.0,5.0,7.5,61.8
7114.11.00,71,7114,Articles Of Goldsmiths' Or Silversmiths' Wares Of Silver,,25.0,3.0,0.0,15.0,5.0,7.5,61.8
7114.19.00,71,7114,"Articles Of Goldsmiths' Or Silversmiths' Wares Of Precious Metals, Nes",,25.0,3.0,0.0,15.0,5.0,7.5,61.8
7114.20.00,71,7114,Articles Of Goldsmiths'... Wares Of Base Metal Clad With Precious Metal,,25.0,3.0,0.0,15.0,5.0,7.5,61.8
7115.10.00,71,7115,"Catalysts In The Form Of Wire Cloth Or Grill, Of Platinum",,25.0,3.0,0.0,15.0,5.0,7.5,61.8
7116.10.00,71,7116,Articles Of Natural Or Cultured Pearls,,25.0,3.0,0.0,15.0,5.0,7.5,61.8
7116.20.00,71,7116,Articles Of Precious Or Semi-Precious Stones (Excl. Pearls),,25.0,3.0,0.0,15.0,5.0,7.5,61.8
7117.11.00,71,7117,Cuff-Links And Studs Of Base Metal (Incl. Plated),,25.0,3.0,20.0,15.0,5.0,7.5,93.16
7117.19.00,71,7117,"Imitation Jewellery Of Base Metal (Incl. Plated), Nes",,25.0,3.0,20.0,15.0,5.0,7.5,93.16
7117.90.00,71,7117,Imitation Jewellery (Excl. Of Base Metal),,25.0,3.0,20.0,15.0,5.0,7.5,93.16
7118.10.00,71,7118,"Coin, Not Being Legal Tender (Excl. Gold Coin)",,25.0,3.0,0.0,15.0,5.0,7.5,61.8
7118.90.10,71,7118,Coin For Use As Legal Tender In Bangladesh Imported By Or On Behalf Of ...,,5.0,0.0,0.0,15.0,5.0,7.5,33.63
7118.90.90,71,7118,Other Coin (Not For Use As Legal Tender In Bangladesh Imported By Or On..),,25.0,3.0,0.0,15.0,5.0,7.5,61.8
7202.11.00,72,7202,"Ferro-Manganese, Containing By Weight >2% Carbon",,0.0,15.0,0.0,15.0,5.0,7.5,45.88
7202.19.00,72,7202,"Ferro-Manganese, Containing By Weight =<2% Carbon",,5.0,0.0,0.0,15.0,5.0,7.5,33.63
7202.21.00,72,7202,"Ferro-Silicon, Containing By Weight >55% Silicon",,0.0,15.0,0.0,15.0,5.0,7.5,45.88
7202.29.00,72,7202,"Ferro-Silicon, Containing By Weight =<55% Silicon",,5.0,0.0,0.0,15.0,5.0,7.5,33.63
7202.30.00,72,7202,Ferro-Silico-Manganese,,0.0,15.0,0.0,15.0,5.0,7.5,45.88
7202.41.00,72,7202,"Ferro-Chromium, Containing By Weight >4% Carbon",,5.0,0.0,0.0,15.0,5.0,7.5,33.63
7202.49.00,72,7202,"Ferro-Chromium, Containing By Weight =<4% Carbon",,5.0,0.0,0.0,15.0,5.0,7.5,33.63
7202.50.00,72,7202,Ferro-Silico-Chromium,,5.0,0.0,0.0,15.0,5.0,7.5,33.63
7202.60.00,72,7202,Ferro-Nickel,,5.0,0.0,0.0,15.0,5.0,7.5,33.63
7202.70.00,72,7202,Ferro-Molybdenum,,5.0,0.0,0.0,15.0,5.0,7.5,33.63
7202.80.00,72,7202,Ferro-Tungsten And Ferro-Silico-Tungsten,,5.0,0.0,0.0,15.0,5.0,7.5,33.63
7202.91.00,72,7202,Ferro-Titanium And Ferro-Silico-Titanium,,5.0,0.0,0.0,15.0,5.0,7.5,33.63
7202.92.00,72,7202,Ferro-Vanadium,,5.0,0.0,0.0,15.0,5.0,7.5,33.63
7202.93.00,72,7202,Ferro-Niobium,,5.0,0.0,0.0,15.0,5.0,7.5,33.63
7202.99.00,72,7202,"Ferro-Alloys, Nes",,5.0,0.0,0.0,15.0,5.0,7.5,33.63
7205.10.00,72,7205,"Granules, Of Pig Iron, Spiegelelsen, Iron Or Steel",,5.0,0.0,0.0,0.0,5.0,7.5,17.88
7205.21.00,72,7205,Powders Of Alloy Steel,,5.0,0.0,0.0,0.0,5.0,7.5,17.88
7205.29.00,72,7205,"Powders Of Pig Iron, Spiegeleisen, Iron Or Steel (Excl. Alloy Steel)",,5.0,0.0,0.0,0.0,5.0,7.5,17.88
7206.90.00,72,7206,"Iron And Non-Alloy Steel, In Primary Forms (Excl. Ingots), Nes",,0.0,20.0,0.0,0.0,5.0,7.5,34.0
7208.10.00,72,7208,"In coils, not further worked than hot rolled, with patterns in relief",,10.0,0.0,0.0,15.0,5.0,7.5,39.75
7208.25.00,72,7208,Of a thickness of 4.75 mm or more,,10.0,0.0,0.0,15.0,5.0,7.5,39.75
7208.26.00,72,7208,Of a thickness of 3 mm or more but less than 4.75 mm,,10.0,0.0,0.0,15.0,5.0,7.5,39.75
7208.27.00,72,7208,Flat/hot-rolled iron/steel of a thickness of less than 3 mm,,10.0,0.0,0.0,15.0,5.0,7.5,39.75
7208.36.00,72,7208,Of a thickness exceeding 10 mm,,10.0,0.0,0.0,15.0,5.0,7.5,39.75
7208.37.00,72,7208,Of a thickness of 4.75 mm or more but not exceeding 10 mm,,10.0,0.0,0.0,15.0,5.0,7.5,39.75
7208.38.00,72,7208,Of a thickness of 3 mm or more but less than 4.75 mm,,10.0,0.0,0.0,15.0,5.0,7.5,39.75
7208.39.00,72,7208,Of a thickness of less than 3 mm,,10.0,0.0,0.0,15.0,5.0,7.5,39.75
7208.40.00,72,7208,"Not in coils, not further worked than hot rolled, with patterns in relief",,10.0,0.0,0.0,15.0,5.0,7.5,39.75
7208.51.00,72,7208,Of a thickness exceeding 10 mm,,10.0,0.0,0.0,15.0,5.0,7.5,39.75
7208.52.00,72,7208,Of a thickness of 4.75 mm or more but not exceeding 10 mm,,10.0,0.0,0.0,15.0,5.0,7.5,39.75
7208.53.00,72,7208,Of a thickness of 3 mm or more but less than 4.75 mm,,10.0,0.0,0.0,15.0,5.0,7.5,39.75
7208.54.00,72,7208,Of a thickness of less than 3 mm,,10.0,0.0,0.0,15.0,5.0,7.5,39.75
7208.90.00,72,7208,Other,,10.0,0.0,0.0,15.0,5.0,7.5,39.75
7209.15.00,72,7209,"Flat/Cold-Rolled Iron/Steel, In Coils, Width >=600mm, >=3mm Thick",,10.0,0.0,0.0,15.0,5.0,7.5,39.75
7209.16.10,72,7209,COLD ROLLED STEEL SHEET..Of a thickness exceeding 1 mm but less than 3 mm,,10.0,0.0,0.0,15.0,5.0,7.5,39.75
7209.16.90,72,7209,"Flat/Cold-Rolled Iron/Steel, In Coils, Width >=600mm, >1mm But <3mm Thick",,10.0,0.0,0.0,15.0,5.0,7.5,39.75
7209.17.10,72,7209,Cold rolled steel sheet....Of a thickness of 0.5 mm or more but not exceeding 1 mm,,10.0,0.0,0.0,15.0,5.0,7.5,39.75
7209.17.90,72,7209,"Flat/Coldrolled Iron/Steel,In Coils,Width >=600mm, >=0.5mm But <=1mm Thick",,10.0,0.0,0.0,15.0,5.0,7.5,39.75
7209.18.00,72,7209,Flat roll Prod. in coil not Fut. work.. Cold roll thickness <.5mm,,25.0,3.0,0.0,15.0,5.0,7.5,61.8
7209.25.00,72,7209,"Flat/Cold-Rolled Iron/Steel, Not In Coils, Width >=600mm, >=3mm Thick",,10.0,0.0,0.0,15.0,5.0,7.5,39.75
7209.26.00,72,7209,"Flat/Cold-Rolled Iron/Steel,Not In Coils,Width>=600mm, >1mm But<3mm Thick",,10.0,0.0,0.0,15.0,5.0,7.5,39.75
7209.27.00,72,7209,"Flat/Coldrolled Iron/Steel,Not In Coils,Wid>=600mm,>=0.5mm But <=1mm Thick",,10.0,0.0,0.0,15.0,5.0,7.5,39.75
7209.28.00,72,7209,"Flat/Cold-Rolled Iron/Steel, Not In Coils, Width >=600mm, < 0.5mm Thick",,10.0,0.0,0.0,15.0,5.0,7.5,39.75
7209.90.00,72,7209,"Flat/Coldrolled Iron/Non-Alloy Steel,Wid>=600mm,Not Clad,Plated/Coated Nes",,10.0,0.0,0.0,15.0,5.0,7.5,39.75
7210.11.00,72,7210,"Flatrolled Iron/Steel, Width>=600mm, >= 0.5mm Thick,Clad,Plated...With Tin",,25.0,10.0,0.0,15.0,5.0,7.5,70.38
7210.12.00,72,7210,"Flat-Rolled Iron/Steel, Width >=600mm, <0.5mm Thick, Plated... With Tin",,10.0,0.0,0.0,15.0,5.0,7.5,39.75
7210.20.00,72,7210,"Flat-Rolled Iron/Steel,Width>=600mm,Plated/Coated With Lead,Inc.Terneplate",,25.0,10.0,0.0,15.0,5.0,7.5,70.38
7210.30.00,72,7210,Electrolytically plated or coated with zinc,,25.0,10.0,0.0,15.0,5.0,7.5,70.38
7210.41.00,72,7210,"Flatrolld Iron/Steel,Wid.>=600mm,Plated Wth Zinc(Exc.Electroplatd)Corrugtd",,25.0,3.0,0.0,15.0,5.0,7.5,61.8
7210.49.10,72,7210,Flat rolled prod. of a thickness => 0.4 mm Imp.VAT reg. Refri. & Pre. Fab.bu.Industry,,25.0,3.0,0.0,15.0,5.0,7.5,61.8
7210.49.90,72,7210,"Flat rolled products, NES",,25.0,10.0,0.0,15.0,5.0,7.5,70.38
7210.50.00,72,7210,"Rolled Iron/Steel,Width>=600mm,Plated With Chromium Oxides/Cr. & Cr Oxides",,10.0,0.0,0.0,15.0,5.0,7.5,39.75
7210.61.10,72,7210,Of a thickness of 0.25mm or more Imp by Ind.IRC VAT Compliant cont. color coating lin,,25.0,3.0,0.0,15.0,5.0,7.5,61.8
7210.61.20,72,7210,PLATED OR COATED WITH ALU.ZINC ALLOYS Of a thickness of 1.0 mm or more,,25.0,3.0,0.0,15.0,5.0,7.5,61.8
7210.61.90,72,7210,"Ro.Iron/Steel,..Excl. thi.=< 0.4 mm imp.by reg. & pre-fabr. building mfg industry",,25.0,3.0,0.0,15.0,5.0,7.5,61.8
7210.69.10,72,7210,Other plated or coated Of a thickness of 0.4 mm or more,,25.0,3.0,0.0,15.0,5.0,7.5,61.8
7210.69.20,72,7210,PLATED OR COATED WITH ALUMNIUM Of a thickness of 1.0 mm or more,,25.0,3.0,0.0,15.0,5.0,7.5,61.8
7210.69.90,72,7210,"Ro.Iron/Steel,Of a thi. 0.4 mm or more Excl. imp.by reg. & pre-fabr. Buil. mfg ind.",,25.0,10.0,0.0,15.0,5.0,7.5,70.38
7210.70.10,72,7210,Of a thickness of 0.3 mm or more,,25.0,3.0,0.0,15.0,5.0,7.5,61.8
7210.70.20,72,7210,"Painted, varnished or coated with plastics a Of a thickness of 1.0 mm or more",,25.0,3.0,0.0,15.0,5.0,7.5,61.8
7210.70.30,72,7210,"Painted, varnished or coated with plastics Of a thickness of more than 1.0 mm",,25.0,10.0,0.0,15.0,5.0,7.5,70.38
7210.70.91,72,7210,"Printed sheet..Other painted, varnished or coated with plastics",,25.0,3.0,0.0,15.0,5.0,7.5,61.8
7210.70.99,72,7210,"Other painted, varnished or coated with plastics",,25.0,3.0,0.0,15.0,5.0,7.5,61.8
7210.90.00,72,7210,"Rolled Iron/Steel, Width >=600mm, Otherwise Clad,Plated Or Coated Nes",,25.0,10.0,0.0,15.0,5.0,7.5,70.38
7211.13.00,72,7211,"Hotrolled Iron/Steel,On 4 Faces,Wid>150mm But<600mm,>=4mm Thick,Not Coils",,10.0,0.0,0.0,15.0,5.0,7.5,39.75
7211.14.00,72,7211,"Flat/Hotrolled Iron/Steel,Wid<600mm,>=4.75mm Thick,Not Clad/Plated Etc Nes",,10.0,0.0,0.0,15.0,5.0,7.5,39.75
7211.19.00,72,7211,Other,,10.0,0.0,0.0,15.0,5.0,7.5,39.75
7211.23.00,72,7211,"Flat/Cold-Rolled Iron/Steel,Width <600mm, Contng.By Weight < 0.25% Carbon",,10.0,0.0,0.0,15.0,5.0,7.5,39.75
7211.29.10,72,7211,Carbon Steel Strips Of Thickness Not Exceeding 0.125mm,,5.0,0.0,0.0,15.0,5.0,7.5,33.63
7211.29.90,72,7211,Width Upto 6mm (Excl. Reed Frame Steel Strips),,10.0,0.0,0.0,15.0,5.0,7.5,39.75
7211.90.00,72,7211,"Flatrolled Iron/Nonalloy Steel,Wid<600mm,Nes(Inc.Furthr Worked Than Rolled",,10.0,0.0,0.0,15.0,5.0,7.5,39.75
7212.10.00,72,7212,"Flatrolled Iron/Nonalloy Steel,Width <600mm, Plated Or Coated With Tin",,10.0,0.0,0.0,15.0,5.0,7.5,39.75
7212.20.00,72,7212,Electrolytically plated or coated with zinc,,10.0,0.0,0.0,15.0,5.0,7.5,39.75
7212.30.00,72,7212,"Flatrolled Iron/Steel,Width<600mm,Zinc Plated/Coated (Excl.Electro-Plated)",,10.0,0.0,0.0,15.0,5.0,7.5,39.75
7212.40.91,72,7212,Co-polymer coated steel tape,,10.0,0.0,0.0,15.0,5.0,7.5,39.75
7212.40.99,72,7212,"Other flat-rolled products ..width < 600 mm Painted, varnished or coated with pla",,10.0,0.0,0.0,15.0,5.0,7.5,39.75
7212.50.10,72,7212,Steel plate of a thickness of 0.25 mm to 0.50 mm,,10.0,0.0,0.0,15.0,5.0,7.5,39.75
7212.50.90,72,7212,Excl. Steel plate imp.by VAT reg. refrigerator manf. industry,,10.0,0.0,0.0,15.0,5.0,7.5,39.75
7212.60.00,72,7212,"Flat-Rolled Iron Or Non-Alloy Steel, Width <600mm, Clad",,10.0,0.0,0.0,15.0,5.0,7.5,39.75
7213.10.00,72,7213,"Hot-rolled iron/steel bars & rods, in coils, cont'g deformations produced by rolling",,5.0,3.0,45.0,15.0,2.0,7.5,93.84
7213.20.00,72,7213,"Hot-rolled bars & rods of free-cutting steel, in coils",,5.0,3.0,45.0,15.0,2.0,7.5,93.84
7213.91.10,72,7213,Wire rod,,5.0,0.0,45.0,15.0,2.0,7.5,88.51
7213.91.90,72,7213,Other of circular cross section measuring less than 14 mm in diameter,,5.0,3.0,45.0,15.0,2.0,7.5,93.84
7213.99.10,72,7213,Wire rod of circular cross section measuring 14 mm to 30 mm in diameter,,5.0,3.0,0.0,15.0,2.0,7.5,34.3
7213.99.90,72,7213,"Hot-rolled iron or non-alloy steel bars & rods, in irregularly wound coils, nes",,5.0,3.0,45.0,15.0,2.0,7.5,93.84
7214.10.00,72,7214,"Iron or non-alloy steel bars and rods, forged,",,5.0,3.0,45.0,15.0,2.0,7.5,93.84
7214.20.00,72,7214,"Iron/steel bars & rods, hot-rolled...,twisted, or with deformations from rolling proc",,5.0,3.0,45.0,15.0,2.0,7.5,93.84
7214.30.00,72,7214,"Bars and rods of free-cutting steel, hot-rolled,hot-drawn or hot-extruded...., nes",,5.0,3.0,45.0,15.0,2.0,7.5,93.84
7214.91.00,72,7214,Of rectangular (other than square) cross section,,5.0,0.0,45.0,15.0,2.0,7.5,88.51
7214.99.00,72,7214,"Iron/steel bars and rods, hot-rolled, hot-drawn or hot extruded, nes",,5.0,3.0,45.0,15.0,2.0,7.5,93.84
7215.10.00,72,7215,"Bars and rods of free-cutting steel, not further worked than cold-formed/cold-finishe",,5.0,3.0,45.0,15.0,2.0,7.5,93.84
7215.50.00,72,7215,"Bars and rods of iron/steel, not further worked than cold-formed or cold-finished",,5.0,3.0,45.0,15.0,2.0,7.5,93.84
7215.90.00,72,7215,"Bars and rods of iron/steel, nes (incl. further worked than cold-formed/cold finished",,5.0,3.0,45.0,15.0,2.0,7.5,93.84
7216.10.00,72,7216,"U, I Or H Sections Of Iron/Steel, Hot-Rolled..., <80mm High",,5.0,3.0,20.0,15.0,2.0,7.5,60.76
7216.21.00,72,7216,"L Sections Of Iron/Steel, Hot-Rolled..., <80mm High",,5.0,3.0,20.0,15.0,2.0,7.5,60.76
7216.22.00,72,7216,"T Sections Of Iron/Steel, Hot-Rolled..., <80mm High",,5.0,3.0,20.0,15.0,2.0,7.5,60.76
7216.31.00,72,7216,"U Sections Of Iron/Steel, Hot-Rolled..., >=80mm High",,5.0,3.0,20.0,15.0,2.0,7.5,60.76
7216.32.00,72,7216,"I Sections Of Iron/Steel, Hot-Rolled..., >=80mm High",,5.0,3.0,20.0,15.0,2.0,7.5,60.76
7216.33.00,72,7216,"H Sections Of Iron/Steel, Hot-Rolled..., >=80mm High",,5.0,3.0,20.0,15.0,2.0,7.5,60.76
7216.40.00,72,7216,"L Or T Sections Of Iron/Steel, Hot-Rolled..., >=80mm High",,5.0,3.0,20.0,15.0,2.0,7.5,60.76
7216.50.00,72,7216,"Angles/Shapes/Sections Of Iron/Steel,Not Furthr Worked Than Hot-Rolled Nes",,5.0,3.0,20.0,15.0,2.0,7.5,60.76
7216.61.00,72,7216,"Angles,Shapes.. Of Iron/Steel,No More Workd Thn Cold-Formed,From Flat Rol.",,5.0,3.0,20.0,15.0,2.0,7.5,60.76
7216.69.00,72,7216,"Angles,Shapes..Of Iron/Steel,Not Further Worked Thn Coldformd/Finished Nes",,5.0,3.0,20.0,15.0,2.0,7.5,60.76
7216.91.00,72,7216,"Angles/Sections Of Iron/Steel,Coldformed/Finishd From Flatrolled Prods Nes",,5.0,3.0,20.0,15.0,2.0,7.5,60.76
7216.99.00,72,7216,"Angles, Shapes And Sections Of Iron Or Non-Alloy Steel, Nes",,5.0,3.0,20.0,15.0,2.0,7.5,60.76
7217.10.00,72,7217,"Wire Of Iron/Non-Alloy Steel,Not Plated/Coated,Whether Or Not Polished",,15.0,0.0,0.0,15.0,5.0,7.5,45.88
7217.20.00,72,7217,"Wire Of Iron Or Non-Alloy Steel,Plated Or Coated With Zinc",,15.0,0.0,0.0,15.0,5.0,7.5,45.88
7217.30.00,72,7217,"Wire Of Iron/Non-Alloy Steel,Plated Or Coated With Base Metals (Excl.Zinc)",,15.0,0.0,0.0,15.0,5.0,7.5,45.88
7217.90.00,72,7217,Other,,25.0,3.0,0.0,15.0,5.0,7.5,61.8
7218.10.00,72,7218,"Ingots And Other Primary Forms, Of Stainless Steel",,0.0,20.0,0.0,15.0,5.0,7.5,52.0
7218.91.00,72,7218,"Semifinishd Prods Of Stainlss Steel,Rectngular(Other Than Square)X-Section",,0.0,20.0,0.0,15.0,5.0,7.5,52.0
7218.99.00,72,7218,"Semi-Finished Products Of Stainless Steel,Nes",,0.0,20.0,0.0,15.0,5.0,7.5,52.0
7219.11.00,72,7219,Of a thickness exceeding 10 mm,,10.0,0.0,0.0,15.0,5.0,7.5,39.75
7219.12.00,72,7219,Of a thickness of 4.75 mm or more but not exceeding 10 mm,,10.0,0.0,0.0,15.0,5.0,7.5,39.75
7219.13.00,72,7219,Of a thickness of 3 mm or more but less than 4.75 mm,,10.0,0.0,0.0,15.0,5.0,7.5,39.75
7219.14.00,72,7219,Of a thickness of less than 3 mm,,10.0,0.0,0.0,15.0,5.0,7.5,39.75
7219.21.00,72,7219,"Hot-Rolled Stainless Steel, Uncoiled, >=600mm By >10mm",,10.0,0.0,0.0,15.0,5.0,7.5,39.75
7219.22.00,72,7219,"Hot-Rolled Stainless Steel, Uncoiled, >=600mm By 4.75-10mm",,10.0,0.0,0.0,15.0,5.0,7.5,39.75
7219.23.00,72,7219,"Hot-Rolled Stainless Steel, Uncoiled, >=600mm By 3-4.75mm",,10.0,0.0,0.0,15.0,5.0,7.5,39.75
7219.24.00,72,7219,"Hot-Rolled Stainless Steel, Uncoiled, >=600mm By <3mm",,10.0,0.0,0.0,15.0,5.0,7.5,39.75
7219.31.00,72,7219,"Cold-Rolled Stainless Steel, Uncoiled, >=600mm By >4.75mm",,10.0,0.0,0.0,15.0,5.0,7.5,39.75
7219.32.00,72,7219,"Cold-Rolled Stainless Steel, Uncoiled, >=600mm By 3-4.75mm",,10.0,0.0,0.0,15.0,5.0,7.5,39.75
7219.33.00,72,7219,"Cold-Rolled Stainless Steel, Uncoiled, >=600mm By 1-3mm",,10.0,0.0,0.0,15.0,5.0,7.5,39.75
7219.34.00,72,7219,"Cold-Rolled Stainless Steel, Uncoiled, >=600mm By 0.5-1mm",,10.0,0.0,0.0,15.0,5.0,7.5,39.75
7219.35.00,72,7219,"Cold-Rolled Stainless Steel, Uncoiled, >=600mm By <0.5mm",,10.0,0.0,0.0,15.0,5.0,7.5,39.75
7219.90.00,72,7219,"Rolled Products Of Stainless Steel, >=600mm Wide, Nes",,10.0,0.0,0.0,15.0,5.0,7.5,39.75
7220.11.00,72,7220,"Hot-Rolled Stainless Steel, <600mm By >=4.75mm",,10.0,0.0,0.0,15.0,5.0,7.5,39.75
7220.12.10,72,7220,"Hot-Rolled Stainless Steel, Thickness Less Than 0.12mm",,5.0,0.0,0.0,15.0,5.0,7.5,33.63
7220.12.90,72,7220,Hot-Rolled Stainless Steel (Excl.Thickness Less Than 0.125mm),,10.0,0.0,0.0,15.0,5.0,7.5,39.75
7220.20.10,72,7220,"Cold-Rolled Stainless Steel,<600mm Wide, Thickness Less Than 0.125mm",,5.0,0.0,0.0,15.0,5.0,7.5,33.63
7220.20.90,72,7220,Not Further Worked Than Cold-Rolled(Cold-Reduced)Excl.Thickness <0.125 Mm,,10.0,0.0,0.0,15.0,5.0,7.5,39.75
7220.90.00,72,7220,"Rolled products stainless steel, <600mm wide, nes",,10.0,0.0,0.0,15.0,5.0,7.5,39.75
7221.00.00,72,7221,"Stainless Steel Bars & Rods, Hot-Rolled, In Irregularly Wound Coils",,5.0,0.0,0.0,15.0,5.0,7.5,33.63
7222.11.00,72,7222,"Stainlss Steel Bars/Rods,Not Furthr Workd Than Hotrolld,Circular X-Section",,15.0,0.0,0.0,15.0,5.0,7.5,45.88
7222.19.00,72,7222,"Stainlss Steel Bars/Rods,Not Furthr Workd Than Hotrolld,Not Circ.X-Section",,15.0,0.0,0.0,15.0,5.0,7.5,45.88
7222.20.00,72,7222,"Stainless Steel Bars & Rods, Cold-Formed/Finished",,15.0,0.0,0.0,15.0,5.0,7.5,45.88
7222.30.00,72,7222,"Stainless Steel Bars And Rods, Nes",,15.0,0.0,0.0,15.0,5.0,7.5,45.88
7222.40.00,72,7222,"Angles, Shapes And Sections Of Stainless Steel",,15.0,0.0,0.0,15.0,5.0,7.5,45.88
7223.00.00,72,7223,Wire Of Stainless Steel,,10.0,0.0,0.0,15.0,5.0,7.5,39.75
7224.10.00,72,7224,"Ingots And Other Primary Forms, Of Alloy Steel (Excl. Stainless)",,0.0,20.0,0.0,15.0,5.0,7.5,52.0
7224.90.00,72,7224,"Semi-Finished Products, Of Alloy Steel (Excl. Stainless)",,0.0,20.0,0.0,15.0,5.0,7.5,52.0
7225.11.00,72,7225,"Flat-Rolled Products Of Silicon-Electric.Steel,>=600mm Wide,Grain-Oriented",,5.0,0.0,0.0,15.0,5.0,7.5,33.63
7225.19.00,72,7225,"Flatrolled Prods Of Siliconelectric.Steel,>=600mm Wide,(Excl.Grainoriented",,5.0,0.0,0.0,15.0,5.0,7.5,33.63
7225.30.00,72,7225,"Other, not further worked than hot-rolled, in coils",,10.0,0.0,0.0,15.0,5.0,7.5,39.75
7225.40.00,72,7225,"Other, not further worked than hot-rolled, not in coils",,10.0,0.0,0.0,15.0,5.0,7.5,39.75
7225.50.00,72,7225,"Other, not further worked than cold-rolled (cold-reduced)",,10.0,0.0,0.0,15.0,5.0,7.5,39.75
7225.91.00,72,7225,"Flatrolled Prods Of Alloy Steel,>=600mm Wide,Electro-Plated/Coated Wt.Zinc",,10.0,0.0,0.0,15.0,5.0,7.5,39.75
7225.92.00,72,7225,"Flat-Rolled Alloy Steel,>=600mm Wide,Zinc Plated/Coated(Excl.Electroplated",,10.0,0.0,0.0,15.0,5.0,7.5,39.75
7225.99.00,72,7225,"Flat-Rolled Products Of Alloy Steel, >=600mm Wide, Nes",,10.0,0.0,0.0,15.0,5.0,0.0,31.5
7226.11.00,72,7226,"Flatrolled Products Of Silicon-Electrical Steel,<600mm Wide,Grain-Oriented",,10.0,0.0,0.0,15.0,5.0,7.5,39.75
7226.19.00,72,7226,"Flatrolled Prods.Of Siliconelectric.Steel,<600mm Wide,Not Grain-Oriented",,5.0,0.0,0.0,15.0,5.0,7.5,33.63
7226.20.00,72,7226,"Flat-Rolled High Speed Steel, <600mm Wide",,10.0,0.0,0.0,15.0,5.0,7.5,39.75
7226.91.00,72,7226,"Flatrolled Prods Alloy Steel,Not Furthr Workd Than Hotrolld,<600mmwide Nes",,10.0,0.0,0.0,15.0,5.0,7.5,39.75
7226.92.00,72,7226,"Flatrolled Prods Alloy Steel,Not Furthr Workd Than Coldrolld,<600mm Wd Nes",,10.0,0.0,0.0,15.0,5.0,7.5,39.75
7226.99.10,72,7226,Silicon crystal steel sheet (Amorphos),,10.0,0.0,0.0,15.0,5.0,7.5,39.75
7226.99.90,72,7226,"Flat-Rolled Products Of Other Alloy Steel, <600mm Wide, Nes",,10.0,0.0,0.0,15.0,5.0,7.5,39.75
7227.10.00,72,7227,"Bars And Rods, Hot-Rolled, In Coils, Of High-Speed Steel",,10.0,0.0,0.0,15.0,5.0,7.5,39.75
7227.20.00,72,7227,"Bars And Rods, Hot-Rolled, In Coils, Of Silico-Manganese Steel",,10.0,0.0,0.0,15.0,5.0,7.5,39.75
7227.90.10,72,7227,"Bars and rods, hot-rolled, in irregularly wound coils, of other alloy steel...M.S. shaft",,10.0,0.0,0.0,15.0,5.0,7.5,39.75
7227.90.20,72,7227,M.S. Bars and rods,,10.0,3.0,30.0,15.0,5.0,7.5,84.95
7227.90.90,72,7227,Excl. M.S. rod/shaft imp.by VAT reg. electric fan or water pump motor manuf. Ind.,,10.0,0.0,0.0,15.0,5.0,7.5,39.75
7228.10.00,72,7228,"Bars And Rods, Of High-Speed Steel",,10.0,0.0,0.0,15.0,5.0,7.5,39.75
7228.20.00,72,7228,Bars And Rods Of Silico-Manganese Steel,,10.0,0.0,0.0,15.0,5.0,7.5,39.75
7228.30.00,72,7228,"Bars And Rods Of Alloy Steel, Nes, Hot-Rolled, -Drawn Or Extruded",,10.0,0.0,0.0,15.0,5.0,7.5,39.75
7228.40.00,72,7228,Bars And Rods Of Alloy Steel Not Further Worked Than Fooged,,10.0,0.0,0.0,15.0,5.0,7.5,39.75
7228.50.00,72,7228,"Bars&Rods Of Alloy Stl.,Not Frthr.Worked Then Cold-Formed/Cold-Finished",,10.0,0.0,0.0,15.0,5.0,7.5,39.75
7228.60.00,72,7228,"Bars And Rods Of Alloy Steel, Nes",,10.0,0.0,0.0,15.0,5.0,7.5,39.75
7228.70.00,72,7228,"Angles, Shapes And Sections Of Alloy Steel",,10.0,0.0,0.0,15.0,5.0,7.5,39.75
7228.80.00,72,7228,"Hollow Drill Bars And Rods, Of Alloy Or Non-Alloy Steel",,10.0,0.0,0.0,15.0,5.0,7.5,39.75
7229.20.00,72,7229,Wire Of Silico-Manganese Alloy Steel,,10.0,0.0,0.0,15.0,5.0,7.5,39.75
7229.90.00,72,7229,"Wire Of Alloy Steel, Nes",,10.0,0.0,0.0,15.0,5.0,7.5,39.75
7301.10.00,73,7301,Sheet Piling Of Iron Or Steel,,10.0,0.0,0.0,15.0,5.0,7.5,39.75
7301.20.00,73,7301,"Angles, Shapes And Sections Of Iron Or Steel",,10.0,0.0,0.0,15.0,5.0,7.5,39.75
7302.10.00,73,7302,Railway Rails Of Iron Or Steel,,5.0,0.0,0.0,15.0,5.0,7.5,33.63
7302.30.00,73,7302,Railway Switch Blades And Other Crossing Pieces Of Iron Or Steel,,10.0,0.0,0.0,15.0,5.0,7.5,39.75
7302.40.00,73,7302,Railway Fish Plates And Sole Plates Of Iron Or Steel,,10.0,0.0,0.0,15.0,5.0,7.5,39.75
7302.90.00,73,7302,"Railway Track Construction Material Of Iron Or Steel, Etc, Nes",,10.0,0.0,0.0,15.0,5.0,7.5,39.75
7303.00.00,73,7303,"Tubes, Pipes And Hollow Profiles, Of Cast Iron",,25.0,3.0,20.0,15.0,5.0,7.5,93.16
7304.11.10,73,7304,"Line pipe of a kind used for oil or gas pipelines : Of stainless steel, Exceed",,15.0,0.0,0.0,15.0,5.0,7.5,45.88
7304.11.20,73,7304,"Line pipe of a kind used for oil or gas pipelines : Of stainless steel, 8 inch",,25.0,3.0,20.0,15.0,5.0,7.5,93.16
7304.19.10,73,7304,"Line pipe of a kind used for oil or gas pipelines:Excl.Of stainless steel, Exc",,15.0,0.0,0.0,15.0,5.0,7.5,45.88
7304.19.20,73,7304,"Line pipe of a kind used for oil or gas pipelines:Excl.Of stainless steel, 8 in",,25.0,3.0,20.0,15.0,5.0,7.5,93.16
7304.22.10,73,7304,"Casing, tubing and drill pipe..Drill pipe of stainless steel Exceeding 8 inch d",,15.0,0.0,0.0,15.0,5.0,7.5,45.88
7304.22.20,73,7304,"Casing, tubing and drill pipe..Drill pipe of stainless steel 8 inch dia or less",,25.0,3.0,0.0,15.0,5.0,7.5,61.8
7304.23.10,73,7304,"Casing, tubing and drill pipe, Excl. Drill pipe of stainless steel: Exceeding",,15.0,0.0,0.0,15.0,5.0,7.5,45.88
7304.23.20,73,7304,"Casing,tubing & drill pipe,Excl.Drill pipe of stainless steel: Exceed. 8 inch d",,25.0,3.0,0.0,15.0,5.0,7.5,61.8
7304.24.10,73,7304,"Casing, tubing and drill pipe..Other, of stainless steel , Exceeding 8 inch di",,15.0,0.0,0.0,15.0,5.0,7.5,45.88
7304.24.20,73,7304,"Casing, tubing and drill pipe..Other, of stainless steel , 8 inch dia or less",,25.0,3.0,0.0,15.0,5.0,7.5,61.8
7304.29.10,73,7304,"Seamless Iron/Steel Casing..(Ex.Drill Pipe),>8"" Dia,Used In Oil/Gas",,15.0,0.0,0.0,15.0,5.0,7.5,45.88
7304.29.20,73,7304,"Seamless Iron/Steel Casing..(Ex.Drill Pipe),<=8"" Dia,Used In Oil/Gas Drill",,25.0,3.0,0.0,15.0,5.0,7.5,61.8
7304.31.00,73,7304,"Seamless Iron/Steel Tubes/Pipes/Profiles, Circular, Cold-Drawn/Rolled",,25.0,3.0,0.0,15.0,5.0,7.5,61.8
7304.39.00,73,7304,Other Circular cross section of iron or non alloy steel (Excl cold drawn or cold rol),,25.0,3.0,0.0,15.0,5.0,7.5,61.8
7304.41.10,73,7304,"Capillary Tube Of 16 Bwg To 29 Bwg, Of Stainless Steel,Circular Cross...",,5.0,0.0,0.0,15.0,5.0,7.5,33.63
7304.41.90,73,7304,"Capillary Tube (Excl.16 Bwg To 29 Bwg), Of S.Steel, Circular Cross Section",,25.0,3.0,0.0,15.0,5.0,7.5,61.8
7304.49.10,73,7304,"Other Capillary Tube Of 16 Bwg To 29 Bwg, Of S.Stell, Circular,Nes",,5.0,0.0,0.0,15.0,5.0,7.5,33.63
7304.49.90,73,7304,"Other Tubes,Pipes,Profiles,Circular,Nes(Excl.Capillary Tube Of 16 Bwg To..",,25.0,3.0,0.0,15.0,5.0,7.5,61.8
7304.51.00,73,7304,"Seamless Alloy Tubes/Pipes/Profiles, Cold-Drawn/Rolled",,25.0,3.0,0.0,15.0,5.0,7.5,61.8
7304.59.00,73,7304,"Seamless Alloy Tubes/Pipes/Profiles, Nes",,25.0,3.0,0.0,15.0,5.0,7.5,61.8
7304.90.00,73,7304,Seamless Iron/Steel Tubes/Pipes/Profiles Of Non-Circular X-Section,,25.0,3.0,20.0,15.0,5.0,7.5,93.16
7305.11.00,73,7305,"Iron/Steel Line Pipe,Longitud.Submerged Arc Welded,Circ.X-Section >406.4mm",,25.0,3.0,0.0,15.0,5.0,7.5,61.8
7305.12.00,73,7305,"Iron/Steel Line Pipe,Longitudnlly Welded,Nes,Circ.X-Sect.>406.4mm Ext.Diam",,25.0,3.0,0.0,15.0,5.0,7.5,61.8
7305.19.00,73,7305,"Iron/Steel Line Pipe,Spirally Welded,Circular X-Section,>406.4mm Ext.Diam",,25.0,3.0,0.0,15.0,5.0,7.5,61.8
7305.20.00,73,7305,"Iron/Steel Casing For Drilling For Oil Or Gas, >406.4mm External Diameter",,25.0,3.0,0.0,15.0,5.0,7.5,61.8
7305.31.00,73,7305,Longitudinally welded,,25.0,3.0,0.0,15.0,5.0,7.5,61.8
7305.39.00,73,7305,"Iron/steel tubes and pipes, spirally welded, >406.4mm external diameter",,25.0,3.0,0.0,15.0,5.0,7.5,61.8
7305.90.00,73,7305,"Iron/steel tubes, riveted, >406.4mm external diameter",,25.0,3.0,0.0,15.0,5.0,7.5,61.8
7306.11.10,73,7306,"Line pipe of a kind used for oil/gas pipelines:Welded, of stainless steel Excee",,15.0,0.0,0.0,15.0,5.0,7.5,45.88
7306.11.20,73,7306,"Line pipe of a kind used for oil/gas pipelines:Welded, of stainless steel, 8 in",,25.0,3.0,20.0,15.0,5.0,7.5,93.16
7306.19.10,73,7306,"Line pipe of a kind used for oil/gas pipelines:Excl. Wel, of stainless steel Ex",,15.0,0.0,0.0,15.0,5.0,7.5,45.88
7306.19.20,73,7306,"Line pipe of a kind used for oil/gas pipelines:Excl.Welded,of stainless steel,",,25.0,3.0,20.0,15.0,5.0,7.5,93.16
7306.21.10,73,7306,"Casing and tubing of a kind used in the dril for oil/gas,Welded,of stainless st",,15.0,0.0,0.0,15.0,5.0,7.5,45.88
7306.21.20,73,7306,"Casing and tubing of a kind used in the dril for oil/gas,Welded,of stainless st",,25.0,3.0,20.0,15.0,5.0,7.5,93.16
7306.29.10,73,7306,"Casing and tubing of a kind used in the dril for oil/gas,Excl.Weld,of s.less st",,15.0,0.0,0.0,15.0,5.0,7.5,45.88
7306.29.20,73,7306,"Casing and tubing of a kind used in the dril for oil/gas,Excl.Weld.,of s.less s",,25.0,3.0,20.0,15.0,5.0,7.5,93.16
7306.30.00,73,7306,"Other, welded, of circular cross-section of iron or non-alloy steel",,25.0,3.0,20.0,15.0,5.0,7.5,93.16
7306.40.00,73,7306,"Other, welded, of circular cross-section, of stainless steel",,25.0,3.0,20.0,15.0,5.0,7.5,93.16
7306.50.00,73,7306,"Other, welded, of circular cross-section, of other alloy steel",,25.0,3.0,20.0,15.0,5.0,7.5,93.16
7306.61.00,73,7306,"Othr,weld, of non-circu.cr.section Of square or rec.cross-sec., NES",,25.0,3.0,20.0,15.0,5.0,7.5,93.16
7306.69.00,73,7306,"Othr,weld, of non-circu. C.-sec.Of othr non-Circu.cr.-section ERW pipes&s.less",,25.0,3.0,20.0,15.0,5.0,7.5,93.16
7306.90.00,73,7306,"Tubes, pipes and hollow profiles, riveted, of iron or steel, nes",,25.0,3.0,20.0,15.0,5.0,7.5,93.16
7307.11.00,73,7307,Cast Tube Or Pipe Fittings Of Non-Malleable Cast Iron,,25.0,3.0,20.0,15.0,5.0,7.5,93.16
7307.19.00,73,7307,"Cast Tube Or Pipe Fittings Of Iron,Oth.Than Non-Malleable Steel",,25.0,3.0,20.0,15.0,5.0,7.5,93.16
7307.21.00,73,7307,Flanges Of Stainless Steel,,25.0,3.0,0.0,15.0,5.0,7.5,61.8
7307.22.00,73,7307,"Threaded Elbows, Bends And Sleeves Of Stainless Steel",,25.0,3.0,0.0,15.0,5.0,7.5,61.8
7307.23.00,73,7307,Butt Welding Fittings (Excl. Elbows And Bends) Of Stainless Steel,,25.0,3.0,0.0,15.0,5.0,7.5,61.8
7307.29.00,73,7307,"Tube Or Pipe Fittings Of Stainless Steel, Nes",,25.0,3.0,0.0,15.0,5.0,7.5,61.8
7307.91.00,73,7307,Flanges Of Iron Or Steel (Excl. Stainless),,25.0,3.0,0.0,15.0,5.0,7.5,61.8
7307.92.10,73,7307,Sleeves,,25.0,3.0,0.0,15.0,5.0,7.5,61.8
7307.92.90,73,7307,"Threaded Elbows, Bends And Sleeves Of Iron Or Steel (Excl. Stainless)",,25.0,3.0,0.0,15.0,5.0,7.5,61.8
7307.93.00,73,7307,Lock ring,,25.0,3.0,0.0,15.0,5.0,7.5,61.8
7307.99.10,73,7307,"Tube Or Pipe Fittings Of Iron Or Steel (Excl. Stainless), Nes",,25.0,3.0,0.0,15.0,5.0,7.5,61.8
7307.99.90,73,7307,"Tube Or Pipe Fittings Of Iron Or Steel (Excl. Stainless), Nes",,25.0,3.0,20.0,15.0,5.0,7.5,93.16
7308.10.00,73,7308,Bridges And Bridge-Sections Of Iron Or Steel,,25.0,3.0,0.0,15.0,5.0,7.5,61.8
7308.20.00,73,7308,Towers And Lattice Masts Of Iron Or Steel,,25.0,3.0,0.0,15.0,5.0,7.5,61.8
7308.30.00,73,7308,"Doors, Window-Frames And Thresholds For Doors Of Iron Or Steel",,25.0,3.0,0.0,15.0,5.0,7.5,61.8
7308.40.00,73,7308,"Equipment For Scaffolding,Shuttering,Propping Or Pitpropping Of Iron/Steel",,25.0,3.0,0.0,15.0,5.0,7.5,61.8
7308.90.10,73,7308,Door co-ordinator,,25.0,3.0,0.0,15.0,5.0,7.5,61.8
7308.90.20,73,7308,Industrial Racking System,,25.0,3.0,0.0,15.0,5.0,7.5,61.8
7308.90.91,73,7308,Metal frames for LCD/LED TV panel,,25.0,3.0,0.0,15.0,5.0,7.5,61.8
7308.90.99,73,7308,"Structures And Parts Of Structures, Nes, Of Iron Or Steel",,25.0,3.0,0.0,15.0,5.0,7.5,61.8
7309.00.10,73,7309,Silo,,5.0,0.0,0.0,15.0,5.0,7.5,33.63
7309.00.90,73,7309,"Reservoirs, Tanks... (Excl. For Gas) Of Iron Or Steel, >=300 L",,10.0,0.0,0.0,15.0,5.0,7.5,39.75
7310.10.00,73,7310,"Tanks, Casks, Drums, Cans... (Excl. For Gas) Of Iron Or Steel, 50-300 L",,25.0,3.0,0.0,15.0,5.0,7.5,61.8
7310.21.10,73,7310,"Tin plated cans, bottom not closed by soldering or crimping (e.g. Beverage Can Type)",,25.0,3.0,0.0,15.0,5.0,7.5,61.8
7310.21.90,73,7310,Cans Closed By Soldering And Crimping (Excl.Tin Plated Cans),,25.0,3.0,0.0,15.0,5.0,7.5,61.8
7310.29.00,73,7310,"Tanks, Casks, Drums... (Excl. For Gas) Of Iron Or Steel, <50 L",,25.0,3.0,0.0,15.0,5.0,7.5,61.8
7311.00.10,73,7311,"Containers For Compressed Or Liquefied Gas,Of Iron/Steel, >5000l,Ckd",,1.0,0.0,0.0,15.0,5.0,7.5,28.73
7311.00.20,73,7311,LPG GAS CYLINDER CAPACITY BELOW 5000 LITRES,,5.0,0.0,0.0,15.0,5.0,7.5,33.63
7311.00.90,73,7311,"Containers For Compressed Or Liquefied Gas (Ex.Capacity >5000l, Ckd)",,1.0,0.0,0.0,15.0,5.0,7.5,28.73
7312.10.00,73,7312,"Stranded Wire, Cables Of Iron Or Steel, Not Electically Insulated",,25.0,3.0,0.0,15.0,5.0,7.5,61.8
7312.90.00,73,7312,"Plaited Bands, Slings, Etc, Of Iron Or Steel, Not Electically Insulated",,25.0,3.0,0.0,15.0,5.0,7.5,61.8
7313.00.00,73,7313,"Barbed Wire And Other Fencing Material, Of Iron Or Steel",,25.0,3.0,0.0,15.0,5.0,7.5,61.8
7314.12.00,73,7314,Stainless Steel Woven Cloth Endless Bands For Machinery,,1.0,0.0,0.0,15.0,5.0,7.5,28.73
7314.14.00,73,7314,Woven Cloth Of Stainless Steel (Excl. Endless Bands For Machinery),,1.0,0.0,0.0,15.0,5.0,7.5,28.73
7314.19.00,73,7314,Woven Cloth Of Iron Or Steel Wire (Excl.Endless Bands Or Stainless Steel),,25.0,3.0,0.0,15.0,5.0,7.5,61.8
7314.20.00,73,7314,"Wire Iron/Steel Grill,Fencing,Welded @ Intersect,Mesh>=100cm2,X-Sectn>=3mm",,25.0,3.0,0.0,15.0,5.0,7.5,61.8
7314.31.00,73,7314,"Iron/steel grill, netting & fencing, welded at intersection,plated or coated with zinc",,10.0,0.0,0.0,15.0,5.0,7.5,39.75
7314.39.00,73,7314,"Iron/Steel Grill, Netting & Fencing, Welded At Intersection, Nes",,25.0,3.0,0.0,15.0,5.0,7.5,61.8
7314.41.00,73,7314,"Iron/Steel Cloth,Grill, Netting & Fencing, Nes, Plated Or Coated With Zinc",,25.0,3.0,0.0,15.0,5.0,7.5,61.8
7314.42.00,73,7314,"Iron/Steel Cloth, Grill, Netting & Fencing, Nes, Coated With Plastics",,25.0,3.0,0.0,15.0,5.0,7.5,61.8
7314.49.00,73,7314,"Iron/Steel Cloth, Grill, Netting & Fencing, Nes,",,25.0,3.0,0.0,15.0,5.0,7.5,61.8
7314.50.00,73,7314,Expanded Metal Of Iron Or Steel,,25.0,3.0,0.0,15.0,5.0,7.5,61.8
7315.11.10,73,7315,"Roller chain of iron or steel Of a kind used exclusively ..or automotive vehicles , nes",,10.0,0.0,0.0,15.0,5.0,7.5,39.75
7315.11.20,73,7315,Roller Chain Of Iron/Steel Of A Kind Used Exclusively In Motor Cycles,,10.0,0.0,0.0,15.0,5.0,7.5,39.75
7315.11.90,73,7315,"Roller Chain Of Iron Or Steel, Nes",,10.0,0.0,0.0,15.0,5.0,7.5,39.75
7315.12.00,73,7315,Articulated Link Chain (Excl. Roller Chain) Of Iron Or Steel,,10.0,0.0,0.0,15.0,5.0,7.5,39.75
7315.19.00,73,7315,Parts Of Articulated Link Chain Of Iron Or Steel,,10.0,0.0,0.0,15.0,5.0,7.5,39.75
7315.20.00,73,7315,Skid Chain Of Iron Or Steel,,25.0,3.0,0.0,15.0,5.0,7.5,61.8
7315.81.00,73,7315,Stud-Link Of Iron Or Steel,,25.0,3.0,0.0,15.0,5.0,7.5,61.8
7315.82.00,73,7315,Welded Link Chain (Excl. Stud-Link) Of Iron Or Steel,,25.0,3.0,0.0,15.0,5.0,7.5,61.8
7315.89.00,73,7315,"Chain, Nes, Of Iron Or Steel",,25.0,3.0,0.0,15.0,5.0,7.5,61.8
7315.90.00,73,7315,"Parts Of Chains, Nes, Of Iron Or Steel",,25.0,3.0,0.0,15.0,5.0,7.5,61.8
7316.00.00,73,7316,"Anchors, Grapnels And Parts Thereof, Of Iron Or Steel",,25.0,3.0,0.0,15.0,5.0,7.5,61.8
7317.00.00,73,7317,"Nails, tacks, drawing pins, ...erial, but excluding such articles with heads of copper.",,25.0,3.0,20.0,15.0,5.0,7.5,93.16
7318.11.00,73,7318,Threaded Coach Screws Of Iron Or Steel,,25.0,3.0,20.0,15.0,5.0,7.5,93.16
7318.12.00,73,7318,Threaded Wood Screws (Excl. Coach Screws) Of Iron Or Steel,,25.0,3.0,20.0,15.0,5.0,7.5,93.16
7318.13.00,73,7318,Threaded Screw Hooks And Screw Rings Of Iron Or Steel,,25.0,3.0,20.0,15.0,5.0,7.5,93.16
7318.14.00,73,7318,Threaded Self-Tapping Screws Of Iron Or Steel Imp by pre-fab. Buil. industry,,25.0,3.0,20.0,15.0,5.0,7.5,93.16
7318.15.10,73,7318,Flus type tower bolt,,25.0,3.0,20.0,15.0,5.0,7.5,93.16
7318.15.90,73,7318,"Threaded Screws&Bolts Of Iron Or Steel,Nes Whether Or Not With Nuts/Washer",,25.0,3.0,20.0,15.0,5.0,7.5,93.16
7318.16.00,73,7318,Threaded Nuts Of Iron Or Steel,,25.0,3.0,20.0,15.0,5.0,7.5,93.16
7318.19.00,73,7318,"Threaded Articles, Nes, Of Iron Or Steel",,25.0,3.0,20.0,15.0,5.0,7.5,93.16
7318.21.00,73,7318,Non-Threaded Spring Washers And Other Lock Washers Of Iron/Steel,,10.0,0.0,0.0,15.0,5.0,7.5,39.75
7318.22.00,73,7318,Other washers,,25.0,3.0,0.0,15.0,5.0,7.5,61.8
7318.23.10,73,7318,Stapple Pin For Tv Cabinet And Rivets For Tv/Radio,,10.0,0.0,0.0,15.0,5.0,7.5,39.75
7318.23.90,73,7318,"Rivets, Nes",,25.0,3.0,0.0,15.0,5.0,7.5,61.8
7318.24.00,73,7318,Cotters And Cotter-Pins Of Iron/Steel,,25.0,3.0,0.0,15.0,5.0,7.5,61.8
7318.29.10,73,7318,M.S. Nipple,,5.0,0.0,0.0,15.0,5.0,7.5,33.63
7318.29.90,73,7318,"Screw,bolts,nuts,coach,screws,screw hooks,river,cotters,cotter-pins,washers..,NES",,25.0,3.0,0.0,15.0,5.0,7.5,61.8
7319.40.00,73,7319,Safety pins and other pins,,25.0,3.0,0.0,15.0,5.0,7.5,61.8
7319.90.00,73,7319,"Knitting needles, bodkins, crochet hooks, etc, of iron or steel",,25.0,3.0,0.0,15.0,5.0,7.5,61.8
7320.10.00,73,7320,LEAF SPRINGS AND LEAVES THERE FOR,,25.0,3.0,20.0,15.0,5.0,7.5,93.16
7320.20.00,73,7320,Helical springs of iron or steel,,25.0,3.0,0.0,15.0,5.0,7.5,61.8
7320.90.00,73,7320,Other,,25.0,3.0,0.0,15.0,5.0,7.5,61.8
7321.11.00,73,7321,"Cooking Appliances, Plate Warmers, For Gas Fuel... Of Iron Or Steel",,25.0,3.0,20.0,15.0,5.0,7.5,93.16
7321.12.00,73,7321,"Cooking Appliances, Plate Warmers, For Liquid Fuel Of Iron Or Steel",,25.0,3.0,0.0,0.0,5.0,7.5,42.6
7321.19.00,73,7321,"Cooking appliances & plate warmers: Other, including appliances for solid fuel",,25.0,3.0,0.0,15.0,5.0,7.5,61.8
7321.81.10,73,7321,Burners For Gas Fuel Of A Type Exclusively For Laboratory Use,,5.0,0.0,0.0,15.0,5.0,7.5,33.63
7321.81.90,73,7321,"Appli.(Ex.Cookers)For Gas Fuel/Both Gas&Oth.Fuels,Of Iron/Stell(Ex.Lab Use",,25.0,3.0,0.0,15.0,5.0,7.5,61.8
7321.82.10,73,7321,Burners Of A Type Exclusively For Laboratory Use For Liquid Fuel,,5.0,0.0,0.0,15.0,5.0,7.5,33.63
7321.82.90,73,7321,"Appliances)Ex.Cooking Appliances/Plate Warmers) For Liquid Fuel,Of Iron...",,25.0,3.0,0.0,15.0,5.0,7.5,61.8
7321.89.10,73,7321,"Stoves,ranges,grates,cookers appliances, Other,including appliances for solid fuel",,10.0,0.0,0.0,15.0,5.0,7.5,39.75
7321.89.90,73,7321,"Stoves,ranges,grates,cookers appliances, Other,including appliances for solid fuel",,25.0,3.0,0.0,15.0,5.0,7.5,61.8
7321.90.00,73,7321,"Parts Of Appliances Of 7321.11 To 7321.83, Of Iron Or Steel",,10.0,0.0,0.0,15.0,5.0,7.5,39.75
7322.11.00,73,7322,"Radiators, Not Electrically Heated, And Parts Thereof Of Cast Iron",,25.0,3.0,0.0,15.0,5.0,7.5,61.8
7322.19.00,73,7322,"Radiators, Not Electrically Heated, And Parts Thereof Of Iron Or Steel",,25.0,3.0,0.0,15.0,5.0,7.5,61.8
7322.90.00,73,7322,"Air Heaters/Hot Air Distributors..., Nes (Non-Electric) Of Iron/Steel",,25.0,3.0,0.0,15.0,5.0,7.5,61.8
7323.10.00,73,7323,"Iron or steel wool; pot scourers and scouring or polishing pads, gloves and the like",,25.0,3.0,0.0,15.0,5.0,7.5,61.8
7323.91.00,73,7323,"Table, Kitchen Or Household Articles... Of Cast Iron, Not Enamelled",,25.0,3.0,0.0,15.0,5.0,7.5,61.8
7323.92.00,73,7323,"Table, Kitchen Or Household Articles... Of Cast Iron, Enamelled",,25.0,3.0,0.0,15.0,5.0,7.5,61.8
7323.93.00,73,7323,"Table, kitchen or household articles... of stainless steel",,25.0,3.0,20.0,15.0,5.0,7.5,93.16
7323.94.00,73,7323,"Table, kitchen or household articles... of iron or steel, enamelled",,25.0,3.0,20.0,15.0,5.0,7.5,93.16
7323.99.10,73,7323,"Parts of table, kitchen or other household articles",,25.0,3.0,20.0,15.0,5.0,7.5,93.16
7323.99.90,73,7323,"Table, kitchen or household articles... of iron or steel, nes",,25.0,3.0,20.0,15.0,5.0,7.5,93.16
7324.10.00,73,7324,"Sinks And Wash Basins, Of Stainless Steel",,25.0,3.0,20.0,15.0,5.0,7.5,93.16
7324.21.00,73,7324,Baths Of Cast Iron Wheather Or Not Enamelled,,25.0,3.0,20.0,15.0,5.0,7.5,93.16
7324.29.00,73,7324,Baths Of Iron (Excl. Cast) Or Steel,,25.0,3.0,20.0,15.0,5.0,7.5,93.16
7324.90.00,73,7324,Sanitary Ware And Parts Of Sanitary Ware Of Iron Or Steel,,25.0,3.0,20.0,15.0,5.0,7.5,93.16
7325.10.00,73,7325,"Other Cast Articles Of Non-Malleable Cast Iron, Nes",,25.0,3.0,0.0,15.0,5.0,7.5,61.8
7325.91.00,73,7325,Grinding Balls And Similar Articles For Mills Of Cast Steel,,10.0,0.0,0.0,15.0,5.0,7.5,39.75
7325.99.00,73,7325,"Cast articles of iron or steel, nes",,25.0,3.0,0.0,15.0,5.0,7.5,61.8
7326.11.00,73,7326,"Grinding Balls... For Mills, Forged Or Stamped, Of Iron Or Steel",,10.0,0.0,0.0,15.0,5.0,7.5,39.75
7326.19.00,73,7326,"Forged Or Stamped Articles Of Iron Or Steel, Nes",,25.0,3.0,0.0,15.0,5.0,7.5,61.8
7326.20.10,73,7326,Bead Wire For Cycle Tyres,,10.0,0.0,0.0,15.0,5.0,7.5,39.75
7326.20.90,73,7326,Other Articles Of Ironor Steel Wire( Excl.Bead Wire For Cycle Tyres),,25.0,3.0,0.0,15.0,5.0,7.5,61.8
7326.90.10,73,7326,Steel bobbin,,5.0,0.0,0.0,15.0,5.0,7.5,33.63
7326.90.20,73,7326,Metallic fittings for Insulator,,25.0,3.0,0.0,15.0,5.0,7.5,61.8
7326.90.90,73,7326,"Other Articles Of Iron Or Steel, Nes(Excl.S.S.Screen, Burette Stand)",,25.0,3.0,0.0,15.0,5.0,7.5,61.8
7401.00.00,74,7401,Copper mattes; cement copper (precipitated copper).,,5.0,0.0,0.0,15.0,5.0,7.5,33.63
7402.00.00,74,7402,Unrefined Copper; Copper Anodes For Electrolytic Refining,,5.0,0.0,0.0,15.0,5.0,7.5,33.63
7403.11.00,74,7403,Cathodes And Sections Of Cathodes Of Refined Copper,,5.0,0.0,0.0,15.0,5.0,7.5,33.63
7403.12.00,74,7403,Wire-Bars Of Refined Copper,,5.0,0.0,0.0,15.0,5.0,7.5,33.63
7403.13.00,74,7403,Billets Of Refined Copper,,5.0,0.0,0.0,15.0,5.0,7.5,33.63
7403.19.00,74,7403,"Refined Copper, Nes, Unwrought",,5.0,0.0,0.0,15.0,5.0,7.5,33.63
7403.21.00,74,7403,"Copper-Zinc Base (Brass) Alloys, Unwrought",,5.0,0.0,0.0,15.0,5.0,7.5,33.63
7403.22.00,74,7403,"Copper-Tin Base Alloys (Bronze), Unwrought",,5.0,0.0,0.0,15.0,5.0,7.5,33.63
7403.29.00,74,7403,"Copper (Excl. Master) Alloys Of Heading No 74.05, Nes, Unwrought",,5.0,0.0,0.0,15.0,5.0,7.5,33.63
7404.00.00,74,7404,Copper Waste And Scrap,,5.0,0.0,0.0,15.0,5.0,7.5,33.63
7405.00.00,74,7405,Master Alloys Of Copper,,5.0,0.0,0.0,15.0,5.0,7.5,33.63
7406.10.00,74,7406,Copper Powders Of Non-Lamellar Structure,,5.0,0.0,0.0,15.0,5.0,7.5,33.63
7406.20.00,74,7406,Copper Powders Of Lamellar Structure; Flakes,,5.0,0.0,0.0,15.0,5.0,7.5,33.63
7407.10.00,74,7407,"Bars, rods and profiles of refined copper",,5.0,10.0,0.0,15.0,5.0,7.5,45.88
7407.21.10,74,7407,Brass rods....Of copper-zinc base alloys: (brass),,10.0,0.0,0.0,15.0,5.0,7.5,39.75
7407.21.90,74,7407,"Bars,rods and profiles of brass",,10.0,0.0,0.0,15.0,5.0,7.5,39.75
7407.29.00,74,7407,"Bars, rods and profiles of copper alloys, nes",,10.0,0.0,0.0,15.0,5.0,7.5,39.75
7408.11.00,74,7408,"Wire Of Refined Copper, Maximum Cross-Sectional Dimension >6mm",,5.0,0.0,0.0,15.0,5.0,7.5,33.63
7408.19.00,74,7408,Other,,10.0,0.0,0.0,15.0,5.0,7.5,39.75
7408.21.00,74,7408,Wire Of Brass,,10.0,0.0,0.0,15.0,5.0,7.5,39.75
7408.22.00,74,7408,Wire Of Cupro-Nickel Or Nickel Silver,,5.0,0.0,0.0,15.0,5.0,7.5,33.63
7408.29.00,74,7408,"Wire Of Copper Alloy, Nes",,10.0,0.0,0.0,15.0,5.0,7.5,39.75
7409.11.00,74,7409,"Plates, Sheets And Strip, Of Refined Copper, In Coils, >0.15mm Thick",,25.0,3.0,0.0,15.0,5.0,7.5,61.8
7409.19.00,74,7409,"Plates, Sheets And Strip, Of Refined Copper, Uncoiled, >0.15mm Thick",,10.0,0.0,0.0,15.0,5.0,7.5,39.75
7409.21.00,74,7409,"Plates, sheets and strip, of brass, in coils, >0.15mm thick In coils",,10.0,0.0,0.0,15.0,5.0,7.5,39.75
7409.29.00,74,7409,"Plates, Sheets And Strip, Of Brass, Uncoiled, >0.15mm Thick",,10.0,0.0,0.0,15.0,5.0,7.5,39.75
7409.31.00,74,7409,"Plates, sheets and strip, of bronze, in coils, >0.15mm thick in coils",,10.0,0.0,0.0,15.0,5.0,7.5,39.75
7409.39.00,74,7409,"Plates, Sheets And Strip, Of Bronze, Uncoiled, >0.15mm Thick",,10.0,0.0,0.0,15.0,5.0,7.5,39.75
7409.40.00,74,7409,"Plates, Sheets And Strip, Of Cupro-Nickel/Nickel Silver, >0.15mm Thick",,10.0,0.0,0.0,15.0,5.0,7.5,39.75
7409.90.00,74,7409,"Plates, Sheets And Strip, Of Copper Alloys, Nes, >0.15mm Thick",,10.0,0.0,0.0,15.0,5.0,7.5,39.75
7410.11.00,74,7410,"Foil, Not Backed, Of Refined Copper, =<0.15mm Thick",,10.0,0.0,0.0,15.0,5.0,7.5,39.75
7410.12.00,74,7410,"Foil, Not Backed, Of Copper Alloys, =<0.15mm Thick",,10.0,0.0,0.0,15.0,5.0,7.5,39.75
7410.21.00,74,7410,"Foil, backed with paper... of refined copper, =<0.15mm thick Of refined copper",,10.0,0.0,0.0,15.0,5.0,7.5,39.75
7410.22.00,74,7410,"Foil, Backed With Paper... Of Copper Alloys, =<0.15mm Thick",,10.0,0.0,0.0,15.0,5.0,7.5,39.75
7411.10.00,74,7411,Of refined copper,,15.0,3.0,0.0,15.0,5.0,7.5,49.55
7411.21.00,74,7411,Tubes And Pipes Of Brass,,5.0,0.0,0.0,15.0,5.0,7.5,33.63
7411.22.00,74,7411,Tubes And Pipes Of Cupro-Nickel Or Nickel Silver,,5.0,0.0,0.0,15.0,5.0,7.5,33.63
7411.29.00,74,7411,"Tubes And Pipes Of Copper Alloys, Nes",,5.0,0.0,0.0,15.0,5.0,7.5,33.63
7412.10.00,74,7412,Tube Or Pipe Fittings Of Refined Copper,,5.0,0.0,0.0,15.0,5.0,7.5,33.63
7412.20.00,74,7412,Tube Or Pipe Fittings Of Copper Alloys,,5.0,0.0,0.0,15.0,5.0,7.5,33.63
7413.00.00,74,7413,"Stranded Wire, Cables... Of Copper, Not Electrically Insulated",,5.0,0.0,0.0,15.0,5.0,7.5,33.63
7415.10.00,74,7415,"Nails And Tacks, Drawing Pins, Staples, Etc, Of Copper Or Partly Copper",,25.0,3.0,0.0,15.0,5.0,7.5,61.8
7415.21.00,74,7415,Washers Of Copper (Including Spring Washers),,1.0,0.0,0.0,15.0,5.0,7.5,28.73
7415.29.00,74,7415,"Non-Threaded Articles Such As Rivets, Cotters, Cotter-Pins... Of Copper",,5.0,0.0,0.0,15.0,5.0,7.5,33.63
7415.33.10,74,7415,SCREWS FOR WOOD,,25.0,3.0,20.0,15.0,5.0,7.5,93.16
7415.33.90,74,7415,"SCREWS;BOLTS AND NUTS, EXCLUDING SCREWS FOR WOOD",,25.0,3.0,20.0,15.0,5.0,7.5,93.16
7415.39.00,74,7415,"Threaded Articles Of Copper, Nes",,15.0,0.0,0.0,15.0,5.0,7.5,45.88
7418.10.00,74,7418,"Table, kitchen or other household articles and parts thereof; of copper... polishing pad",,25.0,3.0,0.0,15.0,5.0,7.5,61.8
7418.20.00,74,7418,Sanitary Ware And Parts Thereof Of Copper,,25.0,3.0,20.0,15.0,5.0,7.5,93.16
7419.20.00,74,7419,"Cast, moulded, stamped or forged, but not further worked",,10.0,0.0,0.0,15.0,5.0,7.5,39.75
7419.80.10,74,7419,Other,,1.0,0.0,0.0,15.0,5.0,7.5,28.73
7419.80.20,74,7419,"Cloth, grill, and netting of copper wire; expanded metal of copper",,10.0,0.0,0.0,15.0,5.0,7.5,39.75
7419.80.90,74,7419,Other,,25.0,3.0,0.0,15.0,5.0,7.5,61.8
7501.10.00,75,7501,Nickel Mattes,,5.0,0.0,0.0,15.0,5.0,7.5,33.63
7501.20.00,75,7501,Nickel Oxide Sinters And Other Products Of Nickel Metallurgy,,5.0,0.0,0.0,15.0,5.0,7.5,33.63
7502.10.00,75,7502,"Unwrought Nickel, Not Alloyed",,5.0,0.0,0.0,15.0,5.0,7.5,33.63
7502.20.00,75,7502,Unwrought Nickel Alloys,,5.0,0.0,0.0,15.0,5.0,7.5,33.63
7503.00.00,75,7503,Nickel Waste And Scrap,,5.0,0.0,0.0,15.0,5.0,7.5,33.63
7504.00.00,75,7504,Nickel Powders And Flakes,,5.0,0.0,0.0,15.0,5.0,7.5,33.63
7505.11.00,75,7505,"Bars, rods and profiles of nickel, not alloyed",,15.0,0.0,0.0,15.0,5.0,7.5,45.88
7505.12.00,75,7505,"Bars, rods and profiles, of nickel alloys",,15.0,0.0,0.0,15.0,5.0,7.5,45.88
7505.21.00,75,7505,"Wire Of Nickel, Not Alloyed",,15.0,0.0,0.0,15.0,5.0,7.5,45.88
7505.22.00,75,7505,Wire Of Nickel Alloys,,15.0,0.0,0.0,15.0,5.0,7.5,45.88
7506.10.00,75,7506,"Plates, sheets, strip and foil of nickel, not alloyed",,15.0,0.0,0.0,15.0,5.0,7.5,45.88
7506.20.00,75,7506,"Plates, sheets, strip and foil of nickel alloys",,15.0,0.0,0.0,15.0,5.0,7.5,45.88
7507.11.00,75,7507,"Tubes And Pipes Of Nickel, Not Alloyed",,15.0,0.0,0.0,15.0,5.0,7.5,45.88
7507.12.00,75,7507,Tubes And Pipes Of Nickel Alloys,,15.0,0.0,0.0,15.0,5.0,7.5,45.88
7507.20.00,75,7507,Tubes Or Pipe Fittings Of Nickel,,15.0,0.0,0.0,15.0,5.0,7.5,45.88
7508.10.00,75,7508,"Cloth, Grill And Netting Of Nickel Wire",,15.0,0.0,0.0,15.0,5.0,7.5,45.88
7508.90.10,75,7508,Parts for Machinery,,1.0,0.0,0.0,15.0,5.0,7.5,28.73
7508.90.90,75,7508,Other parts(excl.machinery),,15.0,0.0,0.0,15.0,5.0,7.5,45.88
7601.10.00,76,7601,"Aluminium, not alloyed",,5.0,0.0,0.0,15.0,5.0,7.5,33.63
7601.20.00,76,7601,"Unwrought Aluminium, Aluminium Alloy",,5.0,0.0,0.0,15.0,5.0,7.5,33.63
7602.00.00,76,7602,Aluminium Waste And Scrap,,5.0,0.0,0.0,15.0,5.0,7.5,33.63
7603.10.00,76,7603,Powders Of Non-Lamellar Structure Of Aluminium,,5.0,0.0,0.0,15.0,5.0,7.5,33.63
7603.20.00,76,7603,Powders Of Lamellar Structure; Flakes Of Aluminium,,5.0,0.0,0.0,15.0,5.0,7.5,33.63
7604.10.00,76,7604,"Bars, rods and profiles of aluminium, not alloyed",,15.0,0.0,0.0,15.0,5.0,7.5,45.88
7604.21.00,76,7604,Hollow Profiles Of Aluminium Alloys,,15.0,0.0,0.0,15.0,5.0,7.5,45.88
7604.29.00,76,7604,"Bars, rods and profiles of aluminium alloys",,15.0,0.0,0.0,15.0,5.0,7.5,45.88
7605.11.00,76,7605,"Wire Of Aluminium, Not Alloyed, Maximum Cross-Sectional Dimension > 7mm",,5.0,10.0,0.0,15.0,5.0,7.5,45.88
7605.19.00,76,7605,"Wire of aluminium, not alloyed, maximum cross-sectional dimension =<7mm",,5.0,20.0,0.0,15.0,5.0,7.5,58.13
7605.21.00,76,7605,"Wire Of Aluminium Alloys, Maximum Cross-Sectional Dimension >7mm",,5.0,10.0,0.0,15.0,5.0,7.5,45.88
7605.29.00,76,7605,"Wire of aluminium alloys, maximum cross-sectional dimension =<7mm",,15.0,20.0,0.0,15.0,5.0,7.5,70.38
7606.11.00,76,7606,"Of Aluminium, not alloyed",,10.0,0.0,0.0,15.0,5.0,7.5,39.75
7606.12.00,76,7606,"Of Aluminium, alloys",,10.0,0.0,0.0,15.0,5.0,7.5,39.75
7606.91.10,76,7606,"Plates... (Excl. Rectangular) Of Aluminium, Not Alloyed, >0.2mm Thick",,10.0,0.0,0.0,15.0,5.0,7.5,39.75
7606.91.90,76,7606,"Plates... (Excl. Rectangular) Of Aluminium, Not Alloyed, >0.2mm Thick",,10.0,0.0,0.0,15.0,5.0,7.5,39.75
7606.92.00,76,7606,"Plates...(Excl. Rec) of aluminium alloys,>0.2mm thick NES Of aluminium alloys",,10.0,0.0,0.0,15.0,5.0,7.5,39.75
7607.11.00,76,7607,Rolled but not further worked,,15.0,0.0,0.0,15.0,5.0,7.5,45.88
7607.19.10,76,7607,Aluminium foil lacquered,,15.0,0.0,0.0,15.0,5.0,7.5,45.88
7607.19.90,76,7607,"Aluminium foil, =<0.2mm thick, not backed (excl. rolled),Nes",,15.0,0.0,0.0,15.0,5.0,7.5,45.88
7607.20.10,76,7607,"Aluminium Foil, Backed By Paper/Paperboard",,25.0,3.0,20.0,15.0,5.0,7.5,93.16
7607.20.92,76,7607,Co-polymer coated aluminium tape,,25.0,3.0,20.0,15.0,5.0,7.5,93.16
7607.20.99,76,7607,"Aluminium foil backed, NES",,25.0,3.0,20.0,15.0,5.0,7.5,93.16
7608.10.00,76,7608,"Tubes And Pipes Of Aluminium, Not Alloyed",,10.0,0.0,0.0,15.0,5.0,7.5,39.75
7608.20.00,76,7608,Tubes And Pipes Of Aluminium Alloys,,10.0,0.0,0.0,15.0,5.0,7.5,39.75
7609.00.00,76,7609,Aluminium Tube Or Pipe Fittings,,10.0,0.0,0.0,15.0,5.0,7.5,39.75
7610.10.00,76,7610,"Doors, Windows And Their Frames And Thresholds For Doors, Of Aluminium",,25.0,3.0,0.0,15.0,5.0,7.5,61.8
7610.90.10,76,7610,"Aluminium Structure And Parts Of Structures..., Nes",,25.0,0.0,0.0,15.0,5.0,7.5,58.13
7610.90.90,76,7610,"Aluminium Structure And Parts Of Structures..., Nes",,25.0,3.0,0.0,15.0,5.0,7.5,61.8
7611.00.00,76,7611,"Aluminium Reservoirs, Tanks, Etc, (Excl. For Gas) >=300 L",,10.0,0.0,0.0,15.0,5.0,7.5,39.75
7612.10.00,76,7612,"Collapsible tubular containers of aluminium, (excl. for gas) <300 l",,10.0,0.0,0.0,15.0,5.0,7.5,39.75
7612.90.10,76,7612,"Aluminium Can For Inhaler, 19mm",,5.0,0.0,0.0,15.0,5.0,7.5,33.63
7612.90.90,76,7612,"Aluminium casks, drums, etc, nes (excl. for gas), <300 l, nes",,10.0,0.0,0.0,15.0,5.0,7.5,39.75
7613.00.00,76,7613,Aluminium Containers For Compressed Or Liquefied Gas,,1.0,0.0,0.0,15.0,5.0,7.5,28.73
7614.10.00,76,7614,"Cables... of aluminium, with steel core, not electically insulated",,25.0,3.0,0.0,15.0,5.0,7.5,61.8
7614.90.00,76,7614,"Stranded wire, cables... of aluminium alloys, not electrically insulated",,25.0,3.0,0.0,15.0,5.0,7.5,61.8
7615.10.10,76,7615,"Table, kitchen or other household articles and parts thereof; of aluminium... polishing",,25.0,3.0,0.0,15.0,5.0,7.5,61.8
7615.10.90,76,7615,"Table, kitchen or other household articles and parts thereof; of aluminium... polishing",,15.0,0.0,0.0,15.0,5.0,7.5,45.88
7615.20.00,76,7615,Sanitary Ware And Parts Thereof Of Aluminium,,25.0,3.0,20.0,15.0,5.0,7.5,93.16
7616.10.00,76,7616,"Nails, Tacks, Staples, Screws, Bolts, Nuts... Of Aluminium",,25.0,3.0,20.0,15.0,5.0,7.5,93.16
7616.91.00,76,7616,"Cloth, Grill, Netting And Fencing, Of Aluminium Wire",,10.0,0.0,0.0,15.0,5.0,7.5,39.75
7616.99.00,76,7616,"Articles of aluminium, nes",,25.0,3.0,0.0,15.0,5.0,7.5,61.8
7801.10.00,78,7801,"Refined Lead, Unwrought",,5.0,0.0,0.0,15.0,5.0,7.5,33.63
7801.91.00,78,7801,"Unwrought Lead, Containing Antimony As The Principale Other Element",,5.0,0.0,0.0,15.0,5.0,7.5,33.63
7801.99.00,78,7801,Unwrought Lead (Excl. Refined And Containing Antimony),,5.0,0.0,0.0,15.0,5.0,7.5,33.63
7802.00.00,78,7802,Lead Waste And Scrap,,5.0,0.0,0.0,15.0,5.0,7.5,33.63
7804.11.00,78,7804,"Lead Sheets, Strip And Foil, Of Thickness =<0.2mm Thick",,25.0,3.0,0.0,15.0,5.0,7.5,61.8
7804.19.00,78,7804,"Lead Plates, Sheets, Strip And Foil, Nes",,25.0,3.0,0.0,15.0,5.0,7.5,61.8
7804.20.00,78,7804,Powders And Flakes Of Lead,,10.0,0.0,0.0,15.0,5.0,7.5,39.75
7806.00.10,78,7806,Parts for Machinery,,1.0,0.0,0.0,15.0,5.0,7.5,28.73
7806.00.90,78,7806,Other Articles Of Lead Nes,,10.0,0.0,0.0,15.0,5.0,7.5,39.75
7901.11.10,79,7901,"Zinc,Callots Not Alloyed Containing By Weight >=99.99% Pure Of Zinc",,5.0,0.0,0.0,15.0,5.0,7.5,33.63
7901.11.90,79,7901,"Zinc, Not Alloyed, >=99.99% Pure, Nes",,5.0,0.0,0.0,15.0,5.0,7.5,33.63
7901.12.10,79,7901,Zinc ingots,,10.0,0.0,0.0,15.0,5.0,7.5,39.75
7901.12.90,79,7901,Other,,10.0,0.0,0.0,15.0,5.0,7.5,39.75
7901.20.00,79,7901,Zinc alloys,,10.0,0.0,0.0,15.0,5.0,7.5,39.75
7902.00.00,79,7902,Zinc Waste And Scrap,,5.0,0.0,0.0,15.0,5.0,7.5,33.63
7903.10.00,79,7903,Zinc Dust,,5.0,0.0,0.0,15.0,5.0,7.5,33.63
7903.90.00,79,7903,Powders And Flakes Of Zinc,,10.0,0.0,0.0,15.0,5.0,7.5,39.75
7904.00.00,79,7904,"Zinc Bars, Rods, Profiles And Wire",,10.0,0.0,0.0,15.0,5.0,7.5,39.75
7905.00.00,79,7905,"Zinc Plates, Sheets, Strip And Foil",,10.0,0.0,0.0,15.0,5.0,7.5,39.75
7907.00.10,79,7907,Parts of machinery,,1.0,0.0,0.0,15.0,5.0,7.5,28.73
7907.00.90,79,7907,"Other Articles Of Zinc, Nes",,10.0,0.0,0.0,15.0,5.0,7.5,39.75
8001.10.00,80,8001,"Tin, Not Alloyed, Unwrought",,5.0,0.0,0.0,15.0,5.0,7.5,33.63
8001.20.00,80,8001,"Tin Alloys, Unwrought",,5.0,0.0,0.0,15.0,5.0,7.5,33.63
8002.00.00,80,8002,Tin Waste And Scrap,,5.0,0.0,0.0,15.0,5.0,7.5,33.63
8003.00.00,80,8003,"Tin bars, rods, profiles and wire",,10.0,0.0,0.0,15.0,5.0,7.5,39.75
8007.00.10,80,8007,"Other Articles Of Tin, Nes, Castings And Forgings Not Further Worked",,10.0,0.0,0.0,15.0,5.0,7.5,39.75
8007.00.20,80,8007,Parts Of Machinery Of Tin,,1.0,0.0,0.0,15.0,5.0,7.5,28.73
8007.00.90,80,8007,"Other Articles Of Tin, Nes",,10.0,0.0,0.0,15.0,5.0,7.5,39.75
8101.10.00,81,8101,Powders Of Tungsten,,10.0,0.0,0.0,15.0,5.0,7.5,39.75
8101.96.00,81,8101,Wire,,10.0,0.0,0.0,15.0,5.0,7.5,39.75
8101.97.00,81,8101,WASTE AND SCRAP,,10.0,0.0,0.0,15.0,5.0,7.5,39.75
8102.10.00,81,8102,Powders Of Molybdenum,,10.0,0.0,0.0,15.0,5.0,7.5,39.75
8102.94.00,81,8102,"UNWROUGHT MOLYBDENUM,INCL. BARS AND RODS OBTAINED SIMPLY BY SINTERING",,10.0,0.0,0.0,15.0,5.0,7.5,39.75
8102.95.00,81,8102,"BARS & RODS,OTH THAN THOSE OBT.SIMPLY BY SINT.,PROF.,PLATES,SHEETS,STRIP..",,10.0,0.0,0.0,15.0,5.0,7.5,39.75
8102.96.00,81,8102,WIRE,,10.0,0.0,0.0,15.0,5.0,7.5,39.75
8102.97.00,81,8102,WASTE AND SCRAP,,10.0,0.0,0.0,15.0,5.0,7.5,39.75
8102.99.00,81,8102,"Other Articles Of Molybdenum, Nes",,10.0,0.0,0.0,15.0,5.0,7.5,39.75
8103.30.00,81,8103,WASTE AND SCRAP,,10.0,0.0,0.0,15.0,5.0,7.5,39.75
8103.91.00,81,8103,"Tantalum and artilcles thereof, including wasts and scarp; Crucibles",,10.0,0.0,0.0,15.0,5.0,7.5,39.75
8103.99.00,81,8103,"Tantalum and articles therof, includking waste and scrap, Excluding Crucibles",,10.0,0.0,0.0,15.0,5.0,7.5,39.75
8104.11.00,81,8104,"Unwrought Magnesium, >=99.8% Pure",,10.0,0.0,0.0,15.0,5.0,7.5,39.75
8104.19.00,81,8104,"Unwrought Magnesium, <99.8% Pure",,10.0,0.0,0.0,15.0,5.0,7.5,39.75
8104.20.00,81,8104,Waste And Scrap Of Magnesium,,10.0,0.0,0.0,15.0,5.0,7.5,39.75
8104.30.00,81,8104,"Raspings, Turnings..., Graded According To Size; Powders Of Magnesium",,10.0,0.0,0.0,15.0,5.0,7.5,39.75
8104.90.10,81,8104,"Articles Of Magnesium, Nes, Tubes And Pipes; Foil; Hollow Bars",,10.0,0.0,0.0,15.0,5.0,7.5,39.75
8104.90.90,81,8104,"Articles Of Magnesium, Nes",,10.0,0.0,0.0,15.0,5.0,7.5,39.75
8105.30.00,81,8105,WASTE AND SCRAP,,10.0,0.0,0.0,15.0,5.0,7.5,39.75
8105.90.00,81,8105,"Articles Of Cobalt, Nes",,10.0,0.0,0.0,15.0,5.0,7.5,39.75
8106.10.00,81,8106,"Bismuth and articles thereof ..Containing more than 99.99 % of bismuth, by weight",,10.0,0.0,0.0,15.0,5.0,7.5,39.75
8106.90.00,81,8106,"Bismuth and articles thereof including waste and scrap, NES",,10.0,0.0,0.0,15.0,5.0,7.5,39.75
8108.20.00,81,8108,UNWROUGHT TITANIUM; POWDERS,,10.0,0.0,0.0,15.0,5.0,7.5,39.75
8108.30.00,81,8108,WASTE AND SCRAP,,10.0,0.0,0.0,15.0,5.0,7.5,39.75
8108.90.00,81,8108,"Articles Of Titanium, Nes",,10.0,0.0,0.0,15.0,5.0,7.5,39.75
8109.21.00,81,8109,Unwrought zirconium; powders : Containing less than 1 part hafnium to 500 parts zirco,,10.0,0.0,0.0,15.0,5.0,7.5,39.75
8109.29.00,81,8109,"Unwrought zirconium; powders , NES",,10.0,0.0,0.0,15.0,5.0,7.5,39.75
8109.31.00,81,8109,Waste and scrap : Containing less than 1 part hafnium to 500 parts zirconium by weigh,,10.0,0.0,0.0,15.0,5.0,7.5,39.75
8109.39.00,81,8109,"Waste and scrap :, NES",,10.0,0.0,0.0,15.0,5.0,7.5,39.75
8109.91.00,81,8109,Other Containing less than 1 part hafnium to 500 parts zirconium by weight,,10.0,0.0,0.0,15.0,5.0,7.5,39.75
8109.99.00,81,8109,Other Excluding Containing less than 1 part hafnium to 500 parts zirconium by weight,,10.0,0.0,0.0,15.0,5.0,7.5,39.75
8110.10.00,81,8110,UNWROUGHT ANTIMONY; POWDERS,,5.0,0.0,0.0,15.0,5.0,7.5,33.63
8110.20.00,81,8110,WASTE AND SCRAP,,5.0,0.0,0.0,15.0,5.0,7.5,33.63
8110.90.00,81,8110,"ANTIMONY AND ARTICLES THEREOF, EXCLUDING WASTE AND SCRAP",,5.0,0.0,0.0,15.0,5.0,7.5,33.63
8111.00.00,81,8111,Manganese And Articles Thereof (Incl. Waste And Scrap),,5.0,0.0,0.0,15.0,5.0,7.5,33.63
8112.12.00,81,8112,BERYLLIUM-UNWROUGHT; POWDERS,,10.0,0.0,0.0,15.0,5.0,7.5,39.75
8112.13.00,81,8112,BERYLLIUM- WASTE AND SCRAP,,10.0,0.0,0.0,15.0,5.0,7.5,39.75
8112.19.00,81,8112,"Articles Of Beryllium, Nes",,10.0,0.0,0.0,15.0,5.0,7.5,39.75
8112.21.00,81,8112,CHROMIUM-UNWROUGHT POWDERS,,10.0,0.0,0.0,15.0,5.0,7.5,39.75
8112.22.00,81,8112,CHROMIUM-WASTE AND SCRAP,,10.0,0.0,0.0,15.0,5.0,7.5,39.75
8112.29.00,81,8112,"CHROMIUM, EXCLUDING POWDERS, WASTE AND SCRAP",,10.0,0.0,0.0,15.0,5.0,7.5,39.75
8112.31.00,81,8112,Hafnium : Unwrought; waste and scrap; powders,,10.0,0.0,0.0,15.0,5.0,7.5,39.75
8112.41.00,81,8112,Rhenium : Unwrought; waste and scrap; powders,,10.0,0.0,0.0,15.0,5.0,7.5,39.75
8112.49.00,81,8112,Rhenium : Excluding Unwrought; waste and scrap; powders,,10.0,0.0,0.0,15.0,5.0,7.5,39.75
8112.51.00,81,8112,THALLIUM-UNWROUGHT; POWDERS,,10.0,0.0,0.0,15.0,5.0,7.5,39.75
8112.52.00,81,8112,THALLIUM-WASTE AND SCRAP,,10.0,0.0,0.0,15.0,5.0,7.5,39.75
8112.59.00,81,8112,ARTICLES OF OTHER METALS; NES,,10.0,0.0,0.0,15.0,5.0,7.5,39.75
8112.61.00,81,8112,Cadmium : Waste and scrap,,10.0,0.0,0.0,15.0,5.0,7.5,39.75
8112.69.00,81,8112,Cadmium : Exclduding Waste and scrap,,10.0,0.0,0.0,15.0,5.0,7.5,39.75
8112.92.00,81,8112,OTHER METALS-UNWROUGHT;WASTE AND SCRAP; POWDERS,,10.0,0.0,0.0,15.0,5.0,7.5,39.75
8112.99.00,81,8112,"Articles Of Other Metals, Nes",,10.0,0.0,0.0,15.0,5.0,7.5,39.75
8113.00.00,81,8113,Cermets and articles thereof (incl. waste and scrap),,10.0,0.0,0.0,15.0,5.0,7.5,39.75
8201.10.00,82,8201,Spades And Shovels,,25.0,3.0,0.0,15.0,5.0,7.5,61.8
8201.30.00,82,8201,"Mattocks, Picks, Hoes And Rakes",,25.0,3.0,0.0,15.0,5.0,7.5,61.8
8201.40.00,82,8201,"Axes, Bill Hooks And Similar Hewing Tools",,25.0,3.0,0.0,15.0,5.0,7.5,61.8
8201.50.00,82,8201,Secateurs And Similar One-Handed Pruners And Shears (Incl. Poultry Shears),,25.0,3.0,0.0,15.0,5.0,7.5,61.8
8201.60.00,82,8201,"Hedge Shears, Two-Handed Pruning Shears And Similar Two-Handed Shears",,25.0,3.0,0.0,15.0,5.0,7.5,61.8
8201.90.00,82,8201,Scythes... Timber Wedges And Other Agricultural/Forestry Hand Tools,,25.0,3.0,0.0,15.0,5.0,7.5,61.8
8202.10.00,82,8202,Hand Saws,,25.0,3.0,0.0,15.0,5.0,7.5,61.8
8202.20.00,82,8202,Band Saw Blades,,10.0,0.0,0.0,15.0,5.0,7.5,39.75
8202.31.00,82,8202,Circular Saw Blades With Working Part Of Stl(Inc.Slittng/Slottng Saw Blade,,10.0,0.0,0.0,15.0,5.0,7.5,39.75
8202.39.00,82,8202,Circular Saw Blades(Inc.Slitting Blades)Excl.With Steel Working Part;Parts,,10.0,0.0,0.0,15.0,5.0,7.5,39.75
8202.40.00,82,8202,Chain Saw Blades,,10.0,0.0,0.0,15.0,5.0,7.5,39.75
8202.91.00,82,8202,"Straight Saw Blades, For Working Metal",,5.0,0.0,0.0,15.0,5.0,7.5,33.63
8202.99.10,82,8202,Hand saws; blades for saws of all kinds....Toothless saw blades,,10.0,0.0,0.0,15.0,5.0,7.5,39.75
8202.99.90,82,8202,Hand saws; blades for saws of all kinds....Excl. Toothless saw blades,,10.0,0.0,0.0,15.0,5.0,7.5,39.75
8203.10.10,82,8203,Files For Cutting Ampoules,,5.0,0.0,0.0,15.0,5.0,7.5,33.63
8203.10.90,82,8203,"Files, Raspsand Similar Tools Nes.",,10.0,0.0,0.0,15.0,5.0,7.5,39.75
8203.20.00,82,8203,"Tweezers, Pliers, Pincers And Similar Tools",,10.0,0.0,0.0,15.0,5.0,7.5,39.75
8203.30.00,82,8203,Metal Cutting Shears And Similar Hand Tools,,1.0,0.0,0.0,15.0,5.0,7.5,28.73
8203.40.00,82,8203,"Pipe-Cutters, Bolt Croppers, Perforating Punches And Similar Tools",,1.0,0.0,0.0,15.0,5.0,7.5,28.73
8204.11.00,82,8204,"Non-Adjustable, Hand-Operated Spanners And Wrenches",,10.0,0.0,0.0,15.0,5.0,7.5,39.75
8204.12.00,82,8204,"Adjustable, Hand-Operated Spanners And Wrenches",,10.0,0.0,0.0,15.0,5.0,7.5,39.75
8204.20.00,82,8204,"Interchangeable Spanner Sockets, With Or Without Handles",,5.0,0.0,0.0,15.0,5.0,7.5,33.63
8205.10.00,82,8205,"Drilling, Threading Or Tapping Hand Tools",,1.0,0.0,0.0,15.0,5.0,7.5,28.73
8205.20.00,82,8205,Hammers And Sledge Hammers,,10.0,0.0,0.0,15.0,5.0,7.5,39.75
8205.30.00,82,8205,"Planes, Chisels, Gouges And Similar Cutting Tools For Working Wood",,10.0,0.0,0.0,15.0,5.0,7.5,39.75
8205.40.00,82,8205,Screwdrivers,,10.0,0.0,0.0,15.0,5.0,7.5,39.75
8205.51.00,82,8205,Household Hand Tools,,10.0,0.0,0.0,15.0,5.0,7.5,39.75
8205.59.10,82,8205,FIBRE OPTIC CABLE FUSION SLICER,,5.0,0.0,0.0,15.0,5.0,7.5,33.63
8205.60.00,82,8205,Blow Lamps,,10.0,0.0,0.0,15.0,5.0,7.5,39.75
8205.70.00,82,8205,"Vices, Clamps And The Like",,25.0,3.0,0.0,15.0,5.0,7.5,61.8
8205.90.00,82,8205,"Other,incl.sets of articles of two or more of sub-headings of this heading",,10.0,0.0,0.0,15.0,5.0,7.5,39.75
8206.00.00,82,8206,"Tools Of Two Or More Of 82.02 To 82.05, Put Up In Sets For Retail Sale",,10.0,0.0,0.0,15.0,5.0,7.5,39.75
8207.13.00,82,8207,"Rock Drilling Or Earth Boring Tools, With Working Part Of Cermets",,0.0,0.0,0.0,15.0,5.0,7.5,27.5
8207.19.00,82,8207,Oth.Rock Drilling/Earth Boring Tool(Ex.With Working Part Of Cermets);Parts,,1.0,0.0,0.0,15.0,5.0,7.5,28.73
8207.20.00,82,8207,Dies For Drawing Or Extruding Metal,,1.0,0.0,0.0,15.0,5.0,7.5,28.73
8207.30.00,82,8207,"Interchangeable Tools For Pressing, Stamping Or Punching",,1.0,0.0,0.0,15.0,5.0,7.5,28.73
8207.40.00,82,8207,Interchangeable Tools For Tapping Or Threading,,1.0,0.0,0.0,15.0,5.0,7.5,28.73
8207.50.00,82,8207,"Interchangeable Tools For Drilling, Other Than For Rock Drilling",,1.0,0.0,0.0,15.0,5.0,7.5,28.73
8207.60.00,82,8207,Interchangeable Tools For Boring Or Broaching,,1.0,0.0,0.0,15.0,5.0,7.5,28.73
8207.70.00,82,8207,Interchangeable Tools For Milling,,1.0,0.0,0.0,15.0,5.0,7.5,28.73
8207.80.00,82,8207,Interchangeable Tools For Turning,,1.0,0.0,0.0,15.0,5.0,7.5,28.73
8207.90.00,82,8207,"Other Interchangeable Tools For Hand Or Machine-Tools, Nes",,1.0,0.0,0.0,15.0,5.0,7.5,28.73
8208.10.00,82,8208,"Knives And Cutting Blades, For Metal Working Machines",,1.0,0.0,0.0,15.0,5.0,7.5,28.73
8208.20.00,82,8208,"Knives And Cutting Blades, For Wood Working Machines",,1.0,0.0,0.0,15.0,5.0,7.5,28.73
8208.30.00,82,8208,"Knives And Cutting Blades, For Kitchen Appliances Used For Food",,1.0,0.0,0.0,15.0,5.0,7.5,28.73
8208.40.00,82,8208,"Knives And Cutting Blades, For Agricultural, Horticultural... Machines",,1.0,0.0,0.0,15.0,5.0,7.5,28.73
8208.90.00,82,8208,"Knives And Cutting Blades, For Machines Or Mechanical Appliances Nes",,1.0,0.0,0.0,15.0,5.0,7.5,28.73
8209.00.00,82,8209,"Plates, Sticks... For Tools, Unmounted, Of Metal Carbides Or Cermet",,1.0,0.0,0.0,15.0,5.0,7.5,28.73
8210.00.00,82,8210,"Hand-Operated Machanical Appliances, =<10kg, Used For Food Or Drink",,25.0,3.0,0.0,15.0,5.0,7.5,61.8
8211.10.00,82,8211,"Sets Of Assorted Knives, Nes",,25.0,3.0,0.0,15.0,5.0,7.5,61.8
8211.91.00,82,8211,Table Knives With Fixed Blades,,25.0,3.0,0.0,15.0,5.0,7.5,61.8
8211.92.00,82,8211,Other Knives With Fixed Blades (Excl. Table Knives),,25.0,3.0,0.0,15.0,5.0,7.5,61.8
8211.93.00,82,8211,Knives(Excl. With Fixed Blades),,25.0,3.0,0.0,15.0,5.0,7.5,61.8
8211.94.00,82,8211,Blades For Knives (Excl. Those Of 82.08),,25.0,3.0,0.0,15.0,5.0,7.5,61.8
8211.95.00,82,8211,Knife Handles Of Base Metal,,25.0,3.0,0.0,15.0,5.0,7.5,61.8
8212.10.00,82,8212,Razors (Non-Electric),,25.0,3.0,20.0,15.0,5.0,7.5,93.16
8212.20.11,82,8212,Perforated blade blanks in strips or pieces width not exceeding half Inch.,,10.0,0.0,0.0,15.0,5.0,7.5,39.75
8212.20.19,82,8212,Stainless Steel Blade,,25.0,3.0,20.0,15.0,5.0,7.5,93.16
8212.20.90,82,8212,Safety Razor Blades (Incl. Razor Blades Blanks In Strips) Nes.,,25.0,3.0,20.0,15.0,5.0,7.5,93.16
8212.90.00,82,8212,"Parts Of Razors, Nes",,25.0,3.0,20.0,15.0,5.0,7.5,93.16
8213.00.00,82,8213,"Scissors, Tailors' Shears And Similar Shears, And Blades Therefor",,25.0,3.0,0.0,15.0,5.0,7.5,61.8
8214.10.00,82,8214,"Paper Knives, Letter Openers, Erasing Knives, Pencil Sharpeners...",,25.0,3.0,0.0,15.0,5.0,7.5,61.8
8214.20.00,82,8214,Manicure Or Pedicure Sets And Instruments (Incl. Nail Files),,25.0,3.0,0.0,15.0,5.0,7.5,61.8
8214.90.00,82,8214,Other Articles Of Cutlery,,25.0,3.0,0.0,15.0,5.0,7.5,61.8
8215.10.00,82,8215,"Sets Of Spoons,Forks, Etc (One Or More Article Plated With Precious Metal)",,25.0,3.0,0.0,15.0,5.0,7.5,61.8
8215.20.00,82,8215,"Sets Of Assorted Spoons, Forks, Etc... (Excl. Plated)",,25.0,3.0,0.0,15.0,5.0,7.5,61.8
8215.91.00,82,8215,"Spoons, Forks... Or Similar Tableware, Plated With Precious Metal",,25.0,3.0,0.0,15.0,5.0,7.5,61.8
8215.99.00,82,8215,"Spoons, Forks, Ladles, Skimmers... Or Similar Tableware, Nes",,25.0,3.0,0.0,15.0,5.0,7.5,61.8
8301.10.00,83,8301,Padlocks Of Base Metal,,25.0,3.0,20.0,15.0,5.0,7.5,93.16
8301.20.00,83,8301,Locks of a kind used for motor vehicle,,25.0,3.0,20.0,15.0,5.0,7.5,93.16
8301.30.00,83,8301,Locks For Furniture Of Base Metal,,25.0,3.0,20.0,15.0,5.0,7.5,93.16
8301.40.10,83,8301,"Lever lock, Mortice lock",,25.0,3.0,20.0,15.0,5.0,7.5,93.16
8301.40.90,83,8301,Other locks,,25.0,3.0,20.0,15.0,5.0,7.5,93.16
8301.50.00,83,8301,"Clasps And Frames With Clasps, Incorporating Locks Of Base Metal",,25.0,3.0,20.0,15.0,5.0,7.5,93.16
8301.60.00,83,8301,Parts Of Padlocks And Locks Of Base Metals,,25.0,3.0,20.0,15.0,5.0,7.5,93.16
8301.70.00,83,8301,Keys Presented Separately Of Base Metal,,25.0,3.0,20.0,15.0,5.0,7.5,93.16
8302.10.00,83,8302,Hinges Of Base Metal,,25.0,3.0,0.0,15.0,5.0,7.5,61.8
8302.20.00,83,8302,Castors Of Base Metal,,25.0,3.0,0.0,15.0,5.0,7.5,61.8
8302.30.00,83,8302,"Mountings, Fittings, Etc, For Motor Vehicles, Of Base Metal, Nes",,25.0,3.0,0.0,15.0,5.0,7.5,61.8
8302.41.00,83,8302,"Mountings, Fittings, Etc, Suitable For Buildings, Of Base Metal, Nes",,25.0,3.0,0.0,15.0,5.0,7.5,61.8
8302.42.10,83,8302,Magnatic door holder....Suitable for furniture,,25.0,3.0,0.0,15.0,5.0,7.5,61.8
8302.42.90,83,8302,"Mountings, Fittings, Etc, Suitable For Furniture, Of Base Metal, Nes",,25.0,3.0,0.0,15.0,5.0,7.5,61.8
8302.50.00,83,8302,"Hat-Racks, Hat-Pegs, Brackets And Similar Fixtures Of Base Metal",,25.0,3.0,0.0,15.0,5.0,7.5,61.8
8302.60.00,83,8302,Automatic door closers,,25.0,3.0,0.0,15.0,5.0,7.5,61.8
8303.00.00,83,8303,"Armoured Or Reinforced Safes, Strong-Boxes And Doors... Of Base Metal",,25.0,3.0,0.0,15.0,5.0,7.5,61.8
8304.00.00,83,8304,Filing Cbnts.Card-Index Cbnes../Desk Eqpmnt.Of Base Mtl.Oth.Than Hs 94.03,,25.0,3.0,0.0,15.0,5.0,7.5,61.8
8305.10.00,83,8305,Fittings For Loose-Leaf Binders Or Files Of Base Metal,,25.0,3.0,0.0,15.0,5.0,7.5,61.8
8305.20.00,83,8305,"Staples In Strips, Of Base Metal",,25.0,3.0,0.0,15.0,5.0,7.5,61.8
8305.90.00,83,8305,"Office Artcls.Such As Ltr.Clips,Ltr.Corners..Of Base Metal Incldng.Parts",,25.0,3.0,0.0,15.0,5.0,7.5,61.8
8306.10.00,83,8306,"Bells, Gongs, Etc, Non-Electric, Of Base Metal Containing more than 99.99 % of bismut",,25.0,3.0,0.0,15.0,5.0,7.5,61.8
8306.21.00,83,8306,"Statuettes And Other Ornaments Of Base Metal, Plated With Precious Metal",,25.0,3.0,0.0,15.0,5.0,7.5,61.8
8306.29.00,83,8306,Statuettes and other ornaments of base metal (excl. plated),,25.0,3.0,0.0,15.0,5.0,7.5,61.8
8306.30.00,83,8306,"Photograph, Picture Or Similar Frames; Mirrors Of Base Metal",,25.0,3.0,0.0,15.0,5.0,7.5,61.8
8307.10.00,83,8307,Flexible Tubing Of Iron Or Steel,,10.0,0.0,0.0,15.0,5.0,7.5,39.75
8307.90.00,83,8307,Flexible Tubing Of Other Base Metal (Excl. Iron Or Steel),,10.0,0.0,0.0,15.0,5.0,7.5,39.75
8308.10.00,83,8308,"Hooks, Eyes And Eyelets Of Base Metal",,25.0,3.0,0.0,15.0,5.0,7.5,61.8
8308.20.00,83,8308,Tubular Or Bifurcated Rivets Of Base Metal,,25.0,3.0,0.0,15.0,5.0,7.5,61.8
8308.90.00,83,8308,"Clasps, Buckles... Beads Andspangles Of Base Metal (Incl. Parts)",,25.0,3.0,0.0,15.0,5.0,7.5,61.8
8309.10.00,83,8309,Crown Corks Of Base Metal,,25.0,3.0,0.0,15.0,5.0,7.5,61.8
8309.90.10,83,8309,Lug Caps,,25.0,3.0,0.0,15.0,5.0,7.5,61.8
8309.90.20,83,8309,Container Seal,,5.0,0.0,0.0,15.0,5.0,7.5,33.63
8309.90.30,83,8309,Combination seal for vials,,25.0,3.0,0.0,15.0,5.0,7.5,61.8
8309.90.91,83,8309,"Stoppers, caps and lids.. excl.Crown corks nes,",,25.0,3.0,0.0,15.0,5.0,7.5,61.8
8309.90.99,83,8309,"Stoppers, caps and lids.. excl.Crown corks nes,",,25.0,3.0,45.0,15.0,5.0,7.5,132.36
8310.00.00,83,8310,"Sign-Plates, Name-Plates, Address-Plates, Etc, Of Base Metal(Ex.Hsno-94.05",,25.0,3.0,0.0,15.0,5.0,7.5,61.8
8311.10.10,83,8311,"Coated electrodes of base metal, for electric arc-welding......Welding wire",,25.0,0.0,0.0,15.0,5.0,0.0,48.75
8311.10.90,83,8311,"Coat electrode of base metal, for elec arc-weld, ExWeld wire imp by VAT reg com. manu",,25.0,3.0,0.0,15.0,5.0,7.5,61.8
8311.20.00,83,8311,"Cored Wire Of Base Metal, For Electric Arc-Welding",,25.0,3.0,0.0,15.0,5.0,7.5,61.8
8311.30.00,83,8311,"Coated rods and cored wire of base metal, for soldering, brazing...",,15.0,3.0,0.0,15.0,5.0,7.5,49.55
8311.90.00,83,8311,"Wires, Rods... Of Base Metal, Coated/Cored (Incl. Powder For Sprays) Nes",,15.0,3.0,0.0,15.0,5.0,7.5,49.55
8401.10.00,84,8401,Nuclear Reactors,,0.0,0.0,0.0,15.0,5.0,7.5,27.5
8401.20.00,84,8401,"Machinery And Apparatus For Isotopic Separation, Parts Thereof",,0.0,0.0,0.0,15.0,5.0,7.5,27.5
8401.30.00,84,8401,"Fuel Elements (Cartridges), Non-Irradiated, For Nuclear Reactors",,0.0,0.0,0.0,15.0,5.0,7.5,27.5
8401.40.00,84,8401,Parts Of Nuclear Reactors (Excl. Fuel Elements),,0.0,0.0,0.0,15.0,5.0,7.5,27.5
8402.11.00,84,8402,Watertube Boilers With A Steam Production >45t/Hour,,0.0,0.0,0.0,15.0,5.0,7.5,27.5
8402.12.00,84,8402,Watertube Boilers With A Steam Production =<45t/Hour,,0.0,0.0,0.0,15.0,5.0,7.5,27.5
8402.19.00,84,8402,"Other Vapour Generating Boilers, Nes (Incl. Hybrid Boilers)",,1.0,0.0,0.0,15.0,5.0,7.5,28.73
8402.20.00,84,8402,Super-Heated Water Boilers,,1.0,0.0,0.0,15.0,5.0,7.5,28.73
8402.90.00,84,8402,Parts Of Sheam On Oth.Vapour Genrtng.Boilers & Super-Heated Water Boiles,,1.0,0.0,0.0,15.0,5.0,7.5,28.73
8403.10.00,84,8403,Central Heating Boilers For Oth.Than Hs Code No-84.02,,1.0,0.0,0.0,15.0,5.0,7.5,28.73
8403.90.00,84,8403,Parts Of Central Heating Boilers,,1.0,0.0,0.0,15.0,5.0,7.5,28.73
8404.10.00,84,8404,Auxiliary Plant For Use With Boilers Of 84.02 Or 84.03,,1.0,0.0,0.0,15.0,5.0,7.5,28.73
8404.20.00,84,8404,Condensers For Steam Or Other Vapour Power Units,,1.0,0.0,0.0,15.0,5.0,7.5,28.73
8404.90.00,84,8404,parts of 8401 to 8404,,1.0,0.0,0.0,15.0,5.0,7.5,28.73
8405.10.00,84,8405,"Producer Gas Or Water Gas Generators; Acetylene Gas Generators, Etc",,1.0,0.0,0.0,15.0,5.0,7.5,28.73
8405.90.00,84,8405,Parts Of Producer Gas Or Water Gas Generators Etc,,0.0,0.0,0.0,15.0,5.0,7.5,27.5
8406.10.00,84,8406,Steam Turbines And Other Vapour Turbines For Marine Propulsion,,0.0,0.0,0.0,15.0,5.0,7.5,27.5
8406.81.00,84,8406,Steam/Other Vapour Turbines (Excl.Marine Propulsion)With Output > 40mw,,1.0,0.0,0.0,15.0,5.0,7.5,28.73
8406.82.00,84,8406,Steam/Other Vapour Turbines (Excl.Marine Propulsion)With Output <=40mw),,0.0,0.0,0.0,15.0,5.0,7.5,27.5
8406.90.00,84,8406,Parts Of Steam And Other Vapour Turbines,,1.0,0.0,0.0,15.0,5.0,7.5,28.73
8407.10.00,84,8407,Aircraft Spark-Ignition Piston Engines,,1.0,0.0,0.0,0.0,0.0,7.5,8.58
8407.21.00,84,8407,Outboard Motors For Marine Propulsion Engines,,5.0,0.0,0.0,15.0,5.0,7.5,33.63
8407.29.00,84,8407,Other Marine Propulsion Spark-Ignition Piston Engines (Excl. Outboard),,1.0,0.0,0.0,15.0,5.0,7.5,28.73
8407.31.10,84,8407,Spark-Ignition Rec.Piston 2-Stroke Engines for 3 Whlr/Auto Rickswah,,25.0,3.0,20.0,15.0,5.0,7.5,93.16
8407.31.20,84,8407,Spark-Ignition Rec.Piston 4-Stroke Engines for 3whlr/Auto Rickshaw,,25.0,3.0,20.0,15.0,5.0,7.5,93.16
8407.31.90,84,8407,"Oth. recp. piston Eng.., Cy..Capacity <=50cc (Exlc. 2, 4 Stroke)",,25.0,3.0,0.0,15.0,5.0,7.5,61.8
8407.32.10,84,8407,Two stroke engine for 3 wheeler/auto rickshaw,,25.0,3.0,20.0,15.0,5.0,7.5,93.16
8407.32.20,84,8407,Four Stroke engine for 3 Wheeler/Auto Ricksha,,25.0,3.0,20.0,15.0,5.0,7.5,93.16
8407.32.90,84,8407,"Oth.Spark-Ignition..,For Vehicles,Of Cy..Capacity >50 Cc, Not >250c",,25.0,3.0,0.0,15.0,5.0,7.5,61.8
8407.33.10,84,8407,Two Stroke engine 3 wheeler/auto rickshaw,,25.0,3.0,20.0,15.0,5.0,7.5,93.16
8407.33.20,84,8407,Rec.Piston 4 stroke Eng. for 3whlr/Auto Rickshaw,,25.0,3.0,20.0,15.0,5.0,7.5,93.16
8407.33.90,84,8407,"Spark-Igni...For Vehicles, Of Cylinder Capacity 250-1000 Cc",,25.0,3.0,0.0,15.0,5.0,7.5,61.8
8407.34.10,84,8407,Bus or Truck engine with inbuilt CNG/LPG mechanismder,,10.0,0.0,0.0,15.0,5.0,7.5,39.75
8407.34.90,84,8407,"Cylinder capacity >1,000 cc exlc. Bus or Truck engine with inbuilt CNG mechanism",,25.0,3.0,0.0,15.0,5.0,7.5,61.8
8407.90.10,84,8407,Spark-Ignition Recipro.N/Rotary Intl Combustion Engines For Industrial Use,,1.0,0.0,0.0,15.0,5.0,7.5,28.73
8407.90.90,84,8407,"Spark-Ignition Reciprocating/Rotary Intl. Combustion Engines, Nes",,25.0,3.0,0.0,15.0,0.0,7.5,56.8
8408.10.00,84,8408,Marine propulsion engines,,1.0,0.0,0.0,15.0,5.0,7.5,28.73
8408.20.10,84,8408,2-Stroke Engines For The Propulsio Of Vehecles(3 Wheeler And Auto Rickshaw,,25.0,3.0,20.0,15.0,5.0,7.5,93.16
8408.20.20,84,8408,4-Stroke Engines For The Propulsion Of Vehicles (3 Wheller/Auto Rickshaw),,25.0,3.0,20.0,15.0,5.0,7.5,93.16
8408.20.31,84,8408,Diesel engine of Bus or Truck with inbuilt CNG/LPG mechanism>=2600cc,,10.0,0.0,0.0,15.0,5.0,7.5,39.75
8408.20.39,84,8408,Other diesel engine>=2600cc,,25.0,3.0,0.0,15.0,5.0,7.5,61.8
8408.20.90,84,8408,"Compression-Ignition ... , Other Engines For Vehicles Of Chapter No. 87",,25.0,3.0,0.0,15.0,5.0,7.5,61.8
8408.90.10,84,8408,Diesel Engines of capacity 3 to 45 HP,,1.0,0.0,0.0,15.0,2.0,7.5,25.73
8408.90.20,84,8408,"Compre.-Ignition Internal Combustion Pisotn Engi. For Fishing Trawler,Nes",,1.0,0.0,0.0,15.0,5.0,7.5,28.73
8408.90.90,84,8408,"Other Engine, Nes",,10.0,0.0,0.0,15.0,2.0,7.5,36.75
8409.10.00,84,8409,Parts For Aircraft Engines Of 8407.10,,1.0,0.0,0.0,0.0,5.0,7.5,13.58
8409.91.10,84,8409,For Engines of Industrial use and fishing trawler,,1.0,0.0,0.0,15.0,5.0,7.5,28.73
8409.91.90,84,8409,"Parts For Spark-Ignition Internal Combustion Engines(Excl.Aircraft),Nes",,15.0,0.0,0.0,15.0,5.0,7.5,45.88
8409.99.10,84,8409,For Engines of Industrial use and fishing trawler,,1.0,0.0,0.0,15.0,5.0,7.5,28.73
8409.99.90,84,8409,"Parts For Compression-Ignition Internal Combustion Engines, Nes",,5.0,0.0,0.0,15.0,5.0,7.5,33.63
8410.11.00,84,8410,"Hydraulic Turbines And Water Wheels, Of A Power <=1000kw",,0.0,0.0,0.0,15.0,5.0,7.5,27.5
8410.12.00,84,8410,"Hydraulic Turbines And Water Wheels, Of A Power 1000-10000kw",,0.0,0.0,0.0,15.0,5.0,7.5,27.5
8410.13.00,84,8410,"Hydraulic Turbines And Water Wheels, Of A Power >10mw",,0.0,0.0,0.0,15.0,5.0,7.5,27.5
8410.90.00,84,8410,"Parts Of Hydraulic Turbines, Water Wheels Including Regulators",,0.0,0.0,0.0,15.0,5.0,7.5,27.5
8411.11.00,84,8411,"Turbo-Jets, Of A Thrust =<25kw",,0.0,0.0,0.0,0.0,5.0,7.5,12.5
8411.12.00,84,8411,"Turbo-Jets, Of A Thrust >25kw",,0.0,0.0,0.0,0.0,5.0,7.5,12.5
8411.21.00,84,8411,"Turbo-Propellers, Of A Power =<1100kw",,0.0,0.0,0.0,0.0,5.0,7.5,12.5
8411.22.00,84,8411,"Turbo-Propellers, Of A Power >1100kw",,1.0,0.0,0.0,0.0,5.0,7.5,13.58
8411.81.00,84,8411,"Gas Turbines,Of A Power =<5000kw",,0.0,0.0,0.0,15.0,5.0,7.5,27.5
8411.82.00,84,8411,"Gas Turbines, Of A Power >5000kw",,1.0,0.0,0.0,15.0,5.0,7.5,28.73
8411.91.00,84,8411,Parts Of Turbo-Jets Or Turbo-Propellers,,0.0,0.0,0.0,0.0,5.0,7.5,12.5
8411.99.00,84,8411,Oth. Parts Of Gas Turbines (Excl. Of Turbo-Jets And Turbo-Propellers),,1.0,0.0,0.0,15.0,5.0,7.5,28.73
8412.10.10,84,8412,Reaction Engines (Excl. Turbo-Jet) For Aircraft,,0.0,0.0,0.0,0.0,5.0,7.5,12.5
8412.10.90,84,8412,Reaction Engines (Excl. Turbo-Jet/Aircraft),,0.0,0.0,0.0,15.0,5.0,7.5,27.5
8412.21.00,84,8412,"Hydraulic Power Engines And Motors, Linear Acting (Cylinders)",,1.0,0.0,0.0,15.0,5.0,7.5,28.73
8412.29.00,84,8412,Hydraulic Power Engines And Motors (Excl. Linear Acting),,1.0,0.0,0.0,15.0,5.0,7.5,28.73
8412.31.00,84,8412,"Pneumatic Power Engines And Motors, Linear-Acting (Cylinders)",,1.0,0.0,0.0,15.0,5.0,7.5,28.73
8412.39.00,84,8412,Pneumatic Power Engines And Motors (Excl. Linear Acting),,1.0,0.0,0.0,15.0,5.0,7.5,28.73
8412.80.00,84,8412,"Engines and motors, nes",,1.0,0.0,0.0,15.0,5.0,7.5,28.73
8412.90.10,84,8412,Parts Of Engines And Motors Of 8412.10 To 8412.80 For Aircraft Engines,,0.0,0.0,0.0,0.0,5.0,7.5,12.5
8412.90.90,84,8412,"Parts Of Engines And Motors Of 8412.10 To 8412.80, Nes",,1.0,0.0,0.0,15.0,5.0,7.5,28.73
8413.11.00,84,8413,"Pumps For Dispensing Fuel Or Lubricants, For Filling-Stations Or Garages",,1.0,0.0,0.0,15.0,5.0,7.5,28.73
8413.19.00,84,8413,"Pumps For Liquids, With Or Designed To Be Fitted With A Measuring Device",,1.0,0.0,0.0,15.0,5.0,7.5,28.73
8413.20.00,84,8413,Hand Pumps For Liquids (Excl. Those Of 8413.11 Or .19),,25.0,3.0,0.0,15.0,5.0,7.5,61.8
8413.30.00,84,8413,Fuel/Lubricating/Cooling-Medium Pumps For Internal Combustion Engines,,10.0,0.0,0.0,15.0,5.0,7.5,39.75
8413.40.00,84,8413,Concrete Pumps,,1.0,0.0,0.0,15.0,5.0,7.5,28.73
8413.50.00,84,8413,Reciprocating Positive Displacement Pumps,,1.0,0.0,0.0,15.0,5.0,7.5,28.73
8413.60.00,84,8413,Rotary Positive Displacement Pumps,,1.0,0.0,0.0,15.0,5.0,7.5,28.73
8413.70.00,84,8413,Other Centrifugal Pumps,,1.0,0.0,0.0,15.0,2.0,7.5,25.73
8413.81.00,84,8413,Other Liquid Elevatos Pumps,,1.0,0.0,0.0,15.0,5.0,7.5,28.73
8413.82.00,84,8413,Liquid Elevators,,1.0,0.0,0.0,15.0,5.0,7.5,28.73
8413.91.00,84,8413,Parts of Pumps for liq. whts or not fitted with fitted with meas. dev.liquied elev.,,1.0,0.0,0.0,15.0,5.0,7.5,28.73
8413.92.00,84,8413,Parts Of Liquid Elevators,,5.0,0.0,0.0,15.0,5.0,7.5,33.63
8414.10.00,84,8414,Vacuum Pumps,,1.0,0.0,0.0,15.0,5.0,7.5,28.73
8414.20.00,84,8414,Hand Or Foot-Operated Air Pumps,,25.0,3.0,0.0,15.0,5.0,7.5,61.8
8414.30.10,84,8414,Compressors For Refrigerating Equipment For Industrial Use,,1.0,0.0,0.0,15.0,5.0,7.5,28.73
8414.30.90,84,8414,"Other Compressors For Refrigerating Equipment, Nes",,10.0,0.0,0.0,15.0,5.0,7.5,39.75
8414.40.00,84,8414,Air Compressors Mounted On A Wheeled Chassis For Towing,,1.0,0.0,0.0,15.0,5.0,7.5,28.73
8414.51.00,84,8414,"Table, floor, wall, window, ceiling or roof fans, with a....output not exceeding 125W",,25.0,3.0,45.0,15.0,5.0,7.5,132.36
8414.59.10,84,8414,Venlating exhaust fan with blade rotating diameter of 24 inch or mere,,1.0,0.0,0.0,15.0,5.0,7.5,28.73
8414.59.20,84,8414,"Laminar air flow equipment, industrial type",,1.0,0.0,0.0,15.0,5.0,7.5,28.73
8414.59.90,84,8414,"Otherv Fans, Nes",,25.0,3.0,0.0,15.0,5.0,7.5,61.8
8414.60.00,84,8414,Hoods Incorporating A Fan Having A Maximum Horizontal Side =<120cm,,25.0,3.0,0.0,15.0,5.0,7.5,61.8
8414.70.00,84,8414,Gas-tight biological safety cabinets,,25.0,3.0,0.0,15.0,5.0,7.5,61.8
8414.80.10,84,8414,Air Compressors,,1.0,0.0,0.0,15.0,5.0,7.5,28.73
8414.80.20,84,8414,"Pumps & Compressors; Hodds With A Fan, Blowers For Use In Piciculture Only",,1.0,0.0,0.0,15.0,5.0,7.5,28.73
8414.80.30,84,8414,Pumps and compressors,,5.0,0.0,0.0,15.0,5.0,7.5,33.63
8414.80.41,84,8414,Industrial Type,,1.0,0.0,0.0,15.0,5.0,7.5,28.73
8414.80.49,84,8414,Compressor Excl Industial and VAT MFG AIRCON,,10.0,0.0,0.0,15.0,5.0,7.5,39.75
8414.80.90,84,8414,"Other Air Pumps; Air Or Gas Compressors; Hoods With A Fan, Nes",,25.0,3.0,0.0,15.0,5.0,7.5,61.8
8414.90.10,84,8414,Parts Of Fan,,25.0,3.0,45.0,15.0,5.0,7.5,132.36
8414.90.20,84,8414,Parts...Of compressor,,10.0,0.0,0.0,15.0,5.0,7.5,39.75
8414.90.90,84,8414,"Parts Of Air/Vacum Pumps, Of Air/Gas Compressors, Nes",,10.0,0.0,0.0,15.0,5.0,7.5,39.75
8415.10.10,84,8415,"A/C, Window/wall self contained Requiring more than 300,000 BTU or equivalent",,1.0,0.0,0.0,15.0,5.0,7.5,28.73
8415.10.20,84,8415,"A/C Machines, window/wall type >90,000 BTU, BUT <3,00,000 BTU",,25.0,3.0,0.0,15.0,5.0,7.5,61.8
8415.10.90,84,8415,"Window or wall air conditioning machines, self-contained, nes",,25.0,3.0,100.0,15.0,5.0,7.5,218.6
8415.20.90,84,8415,"MOTOR VEHICLE A/C, EXCLUDING VAT REG. BUS BUIDLING IND.",,25.0,3.0,100.0,15.0,5.0,7.5,218.6
8415.81.10,84,8415,"Requiring more than 3,00,000 BTU or equivalent",,1.0,0.0,0.0,15.0,5.0,7.5,28.73
8415.81.20,84,8415,"Air handling unit or HVAC system requiring more than 2,00,000 BTU or equivalent",,1.0,0.0,0.0,15.0,5.0,7.5,28.73
8415.81.30,84,8415,"A/C Machine , with refrigerating unit and valve requiring > 90,000 BTU <3,00,000 BTU",,25.0,3.0,0.0,15.0,5.0,7.5,61.8
8415.81.90,84,8415,"Air conditioning machines, with refrigerating unit and valve, nes",,25.0,3.0,100.0,15.0,5.0,7.5,218.6
8415.82.10,84,8415,"Requiring more than 3,00,000 BTU or equivalent",,1.0,0.0,0.0,15.0,5.0,7.5,28.73
8415.82.20,84,8415,"Air handling unit or HVAC system requiring more than 2,00,000 BTU or equivalent",,1.0,0.0,0.0,15.0,5.0,7.5,28.73
8415.82.30,84,8415,"A/C Machine with ref. unit requiring >90,000 BTU not exceeding 3,00,000 BTU",,25.0,3.0,0.0,15.0,5.0,7.5,61.8
8415.82.90,84,8415,"Air conditioning machines, with refrigerating unit, no valve, nes",,25.0,3.0,100.0,15.0,5.0,7.5,218.6
8415.83.10,84,8415,"For textile requiring more than 200,000 BTU or equivalent",,1.0,0.0,0.0,15.0,5.0,7.5,28.73
8415.83.20,84,8415,"For textile requiring more than 200,000 BTU or equivalent",,25.0,3.0,0.0,15.0,5.0,7.5,61.8
8415.83.30,84,8415,Stability/Humidity chamber for pharmaceutical industries,,1.0,0.0,0.0,15.0,5.0,7.5,28.73
8415.83.90,84,8415,"Air conditioning machines, without refrigerating unit, nes",,25.0,3.0,100.0,15.0,5.0,7.5,218.6
8415.90.10,84,8415,Indoor or outdoor unit,,25.0,3.0,100.0,15.0,5.0,7.5,218.6
8415.90.90,84,8415,Parts of other Air Conditioning Machine,,25.0,3.0,60.0,15.0,5.0,7.5,155.88
8416.10.00,84,8416,Furnace Burners For Liquid Fuel,,1.0,0.0,0.0,15.0,5.0,7.5,28.73
8416.20.00,84,8416,Other Furnace Burners For Solid Fuel Or Gas (Incl. Combination Burners),,1.0,0.0,0.0,15.0,5.0,7.5,28.73
8416.30.00,84,8416,"Mechanical Stokers,Including Mechanical Grates,Ash Dischargers And Similar",,1.0,0.0,0.0,15.0,5.0,7.5,28.73
8416.90.00,84,8416,Parts Of Furnace Burners For Liquid/Solid/Gas Fuel; Mechanical Grates...,,1.0,0.0,0.0,15.0,5.0,7.5,28.73
8417.10.00,84,8417,"Furnaces And Ovens For Roasting, Melting... Of Ores/Pyrites/Metals",,1.0,0.0,0.0,15.0,5.0,7.5,28.73
8417.20.00,84,8417,Bakery Ovens (Incl. Biscuit Ovens),,1.0,0.0,0.0,15.0,5.0,7.5,28.73
8417.80.00,84,8417,Industrial Or Laboratory Furnaces (Incl. Incinerators),,1.0,0.0,0.0,15.0,5.0,7.5,28.73
8417.90.00,84,8417,Parts Of Industrial Or Laboratory Furnaces And Ovens,,1.0,0.0,0.0,15.0,5.0,7.5,28.73
8418.10.00,84,8418,"Combined refrigerator-freezers, fitted with separate external doors",,25.0,3.0,30.0,15.0,5.0,7.5,108.84
8418.21.00,84,8418,Compression-type household refrigerators,,25.0,3.0,30.0,15.0,5.0,7.5,108.84
8418.29.00,84,8418,"Household refrigerators, nes",,25.0,3.0,30.0,15.0,5.0,7.5,108.84
8418.30.00,84,8418,"Freezers of the chest type, not exceeding 800 L capacity",,25.0,3.0,30.0,15.0,5.0,7.5,108.84
8418.40.00,84,8418,"Freezers of the upright type, not exceeding 900 L capacity",,25.0,3.0,30.0,15.0,5.0,7.5,108.84
8418.50.00,84,8418,"Other furniture (chests, cabinets, display counters, show-cases and",,25.0,3.0,30.0,15.0,5.0,7.5,108.84
8418.61.10,84,8418,"Indstrl.Refrigeration/Freezing Equipment,Compression Type..Heat Excharger)",,1.0,0.0,0.0,15.0,5.0,7.5,28.73
8418.61.90,84,8418,Oth.Re/Freg.Compres.Type Units Whose Cndnsrs.Are Heat Exchngrs.Ex.Indstrl.,,25.0,3.0,30.0,15.0,5.0,7.5,108.84
8418.69.10,84,8418,"Refrigerating Or Freezing Equipment,Heat Pumps, Industrial",,1.0,0.0,0.0,15.0,5.0,7.5,28.73
8418.69.94,84,8418,Of compressor imported by VAT registered compressor manufacturers,,25.0,3.0,30.0,15.0,5.0,7.5,108.84
8418.69.95,84,8418,Special type laboratory refrigerator imported by pharmaceutical industries,,1.0,0.0,0.0,15.0,5.0,7.5,28.73
8418.69.97,84,8418,"Chiller, capacity 25 tons or above",,5.0,0.0,0.0,0.0,5.0,0.0,10.0
8418.69.99,84,8418,"Freezers of the upright type, (Excl.) exceeding 900 L or 800L capacity",,25.0,3.0,30.0,15.0,5.0,7.5,108.84
8418.91.00,84,8418,Furniture Designed To Receive Refrigerating Or Freezing Equipment,,25.0,3.0,30.0,15.0,5.0,7.5,108.84
8418.99.00,84,8418,Parts for imported by VAT registered refrigerator and freezer manufacturers,,25.0,3.0,30.0,15.0,5.0,7.5,108.84
8419.11.00,84,8419,Instantaneous Gas Water Heaters,,10.0,0.0,0.0,15.0,5.0,7.5,39.75
8419.12.00,84,8419,Solar water heaters,,0.0,0.0,0.0,15.0,5.0,7.5,27.5
8419.19.00,84,8419,"Other Instantaneous Or Storage Water Heaters, Non-Electric, Nes",,10.0,0.0,0.0,15.0,5.0,0.0,31.5
8419.20.00,84,8419,"Medical, Surgical Or Laboratory Sterilizers",,1.0,0.0,0.0,15.0,5.0,7.5,28.73
8419.33.00,84,8419,"Lyophilisation apparatus, freeze drying units and spray dryers",,1.0,0.0,0.0,15.0,5.0,7.5,28.73
8419.34.00,84,8419,"Other, for agricultural products",,1.0,0.0,0.0,15.0,5.0,7.5,28.73
8419.35.00,84,8419,"Other, for wood, paper pulp, paper or paperboard",,1.0,0.0,0.0,15.0,5.0,7.5,28.73
8419.39.00,84,8419,"Non-Domestic Dryers, Nes",,1.0,0.0,0.0,15.0,5.0,7.5,28.73
8419.40.10,84,8419,Water Distillation Equipment Up To 20 Litres,,10.0,0.0,0.0,15.0,5.0,7.5,39.75
8419.40.20,84,8419,Solar power operated water distillation plant,,1.0,0.0,0.0,15.0,5.0,7.5,28.73
8419.40.90,84,8419,Water Rectifying Plant,,1.0,0.0,0.0,15.0,5.0,7.5,28.73
8419.50.00,84,8419,Heat Exchange Units,,1.0,0.0,0.0,15.0,5.0,7.5,28.73
8419.60.00,84,8419,Machinery For Liquefying Air Or Other Gases,,1.0,0.0,0.0,15.0,5.0,7.5,28.73
8419.81.00,84,8419,"Non-Domestic Equipment, For Cooking Or Heating Food",,1.0,0.0,0.0,15.0,5.0,7.5,28.73
8419.89.11,84,8419,Evaporator or condenser or both exceeding 200000 BTU,,1.0,0.0,0.0,15.0,5.0,7.5,28.73
8419.89.19,84,8419,Other,,25.0,3.0,0.0,15.0,5.0,7.5,61.8
8419.89.90,84,8419,Other than Evaporator or condenser or both exceeding 200000 BTU,,1.0,0.0,0.0,15.0,5.0,7.5,28.73
8419.90.00,84,8419,Parts Of Non-Domestic Heating/Cooling Equipment,,1.0,0.0,0.0,15.0,5.0,7.5,28.73
8420.10.00,84,8420,Calendering Or Other Rolling Machines (Excl. For Metal/Glass),,1.0,0.0,0.0,15.0,5.0,7.5,28.73
8420.91.00,84,8420,Cylinders For Calendering Or Other Rolling Machines,,1.0,0.0,0.0,15.0,5.0,7.5,28.73
8420.99.00,84,8420,"Parts Of Calendering Or Other Rolling Machines, Nes",,1.0,0.0,0.0,15.0,5.0,7.5,28.73
8421.11.00,84,8421,Centrifugal Cream Separators,,1.0,0.0,0.0,15.0,5.0,7.5,28.73
8421.12.00,84,8421,Centrifugal Loundry -Dryers Of 1bhp Or More,,1.0,0.0,0.0,15.0,5.0,7.5,28.73
8421.19.10,84,8421,"Other Centrifuges,Including Contrifugal Dryers Nes, For Laboratory Use",,1.0,0.0,0.0,15.0,5.0,7.5,28.73
8421.19.90,84,8421,"Oth. Centrifuges, incl. Centrifugal dryers; filtering.. Excl.laboratory, industrial type",,25.0,3.0,0.0,15.0,5.0,7.5,61.8
8421.21.10,84,8421,Water Filtering Or Purifying Machines Of Sterilisers For Laboratory Use,,1.0,0.0,0.0,15.0,5.0,7.5,28.73
8421.21.20,84,8421,Domestic type water purifying apparatur and machine.,,15.0,0.0,0.0,15.0,5.0,7.5,45.88
8421.21.91,84,8421,Filtering Or Purifying Machinery & Apparatus To Be Used With Swimm. Pools,,10.0,0.0,0.0,15.0,5.0,7.5,39.75
8421.21.92,84,8421,Water purifying machine (Industrial type),,1.0,0.0,0.0,15.0,5.0,7.5,28.73
8421.21.93,84,8421,Effluent (waste water) Treatment Plant,,1.0,0.0,0.0,15.0,5.0,7.5,28.73
8421.21.94,84,8421,"Carbon filter, filter housing, diffuser",,25.0,3.0,0.0,15.0,5.0,7.5,61.8
8421.21.99,84,8421,Other (excl. effluent waste water treatment plant),,25.0,3.0,0.0,15.0,5.0,7.5,61.8
8421.22.00,84,8421,Machinery And Apparatus For Filtering/Purifying Beverages (Excl. Water),,5.0,0.0,0.0,15.0,5.0,7.5,33.63
8421.23.00,84,8421,Oil Or Petrol-Filters For Internal Combustion Engines,,25.0,3.0,20.0,15.0,5.0,7.5,93.16
8421.29.10,84,8421,Cartridge/Membrane filter,,25.0,3.0,0.0,15.0,5.0,7.5,61.8
8421.29.20,84,8421,Haemodialyser (Artificial Kidney),,0.0,0.0,0.0,0.0,0.0,7.5,7.5
8421.29.30,84,8421,Dialysis filter,,0.0,0.0,0.0,15.0,5.0,7.5,27.5
8421.29.40,84,8421,TFF (Tangential flow filtration) System,,1.0,0.0,0.0,15.0,5.0,7.5,28.73
8421.29.90,84,8421,"Filtering or purifying machinery and apparatus for liquids, NES",,25.0,3.0,20.0,15.0,5.0,7.5,93.16
8421.31.00,84,8421,Intake Air Filters For Internal Combustion Engines,,25.0,3.0,0.0,15.0,5.0,7.5,61.8
8421.32.10,84,8421,Filtering or purifying machinery and apparatus for gases,,5.0,0.0,0.0,15.0,5.0,7.5,33.63
8421.32.20,84,8421,Particulate filter for compression-ignition internal combustion engines,,5.0,0.0,0.0,15.0,5.0,7.5,33.63
8421.32.90,84,8421,Filtering or purifying machinery and apparatus for gases,,25.0,3.0,0.0,15.0,5.0,7.5,61.8
8421.39.20,84,8421,Industrial filter for air or other gases; overhead travelling .. cyclone of industria,,1.0,0.0,0.0,15.0,5.0,7.5,28.73
8421.39.30,84,8421,Leucocyte filter,,0.0,0.0,0.0,0.0,5.0,7.5,12.5
8421.39.90,84,8421,Other,,25.0,3.0,0.0,15.0,5.0,7.5,61.8
8421.91.00,84,8421,"Parts Of Centrifuges, Including Centrifugal Dryers",,1.0,0.0,0.0,15.0,5.0,7.5,28.73
8421.99.10,84,8421,Parts Of Machinery... For Filtering/Purifying Liquids Or Gases,,25.0,3.0,0.0,15.0,5.0,7.5,61.8
8421.99.90,84,8421,Parts Of Machinery... For Filtering/Purifying Liquids Or Gases,,1.0,0.0,0.0,15.0,5.0,7.5,28.73
8422.11.00,84,8422,"Dish Washing Machines, Of The Household Type",,5.0,0.0,0.0,15.0,5.0,7.5,33.63
8422.19.00,84,8422,"Other Dish Washing Machines, Of The Industrial Type",,1.0,0.0,0.0,15.0,5.0,7.5,28.73
8422.20.00,84,8422,Machinery For Cleaning Or Drying Bottles Or Other Containers,,1.0,0.0,0.0,15.0,5.0,7.5,28.73
8422.30.00,84,8422,"Machinery For Filling,Closing...Etc.Bottles,Cans Etc,& Aerating Drinks",,1.0,0.0,0.0,15.0,5.0,7.5,28.73
8422.40.00,84,8422,"Oth.Packing/Wrapping Machinery, (Incl. Heat-Shrink Wrapping Machinery)Nes",,1.0,0.0,0.0,15.0,5.0,7.5,28.73
8422.90.00,84,8422,Parts Of Machinery Of 8422.11 To 8422.40,,1.0,0.0,0.0,15.0,5.0,7.5,28.73
8423.10.10,84,8423,"Personal wt. machines (incl. baby scales), h/hold scales... Neonatal scale with spring",,5.0,0.0,0.0,15.0,5.0,7.5,33.63
8423.10.90,84,8423,"Personal wt. Machine .., h/hold scales... Excl. Neonatal scale with spring",,10.0,0.0,0.0,15.0,5.0,7.5,39.75
8423.20.00,84,8423,Scales For Continuous Weighing Of Goods On Conveyors,,1.0,0.0,0.0,15.0,5.0,7.5,28.73
8423.30.00,84,8423,Constant Weight Scales And Scales For Discharging A Predetermined Weight,,1.0,0.0,0.0,15.0,5.0,7.5,28.73
8423.81.00,84,8423,"Weighing Machinery, Nes, Of Weighing Capacity =<30kg",,10.0,0.0,0.0,15.0,5.0,7.5,39.75
8423.82.10,84,8423,Weighting Capacity Exceeding 200KG,,1.0,0.0,0.0,15.0,5.0,7.5,28.73
8423.82.90,84,8423,"Weighing Machinery,Nes,..Capacity 30-5000kg(Excl.Capacity Excd. 200kg)",,10.0,0.0,0.0,15.0,5.0,7.5,39.75
8423.89.00,84,8423,"Weighing Machinery, Nes, Of Weighing Capacity >5000kg",,0.0,0.0,0.0,15.0,5.0,7.5,27.5
8423.90.00,84,8423,Weighing Machine Weights Of All Kinds; Parts Of Weighing Machinery,,1.0,0.0,0.0,15.0,5.0,7.5,28.73
8424.10.00,84,8424,"Fire Extinguishers, Whether Or Not Charged",,0.0,0.0,0.0,0.0,5.0,7.5,12.5
8424.20.10,84,8424,Spray Guns And Similar Appliances Of Industrial Use,,1.0,0.0,0.0,15.0,5.0,7.5,28.73
8424.20.20,84,8424,Metered valves for inhaler,,5.0,0.0,0.0,15.0,5.0,7.5,33.63
8424.20.30,84,8424,SPRINKLER SYSTEM AND EQUIPMENTS,,1.0,0.0,0.0,15.0,5.0,7.5,28.73
8424.20.90,84,8424,Spray Guns And Similar Appliances (Excl. Of Industrial Use),,10.0,0.0,0.0,15.0,5.0,7.5,39.75
8424.30.00,84,8424,Steam Or Sand Blasting Machines And Similar Jet Projecting Machines,,1.0,0.0,0.0,15.0,5.0,7.5,28.73
8424.41.10,84,8424,Agricultural or horticultural sprayers Portable sprayers,,1.0,0.0,0.0,0.0,5.0,7.5,13.58
8424.41.90,84,8424,Agricultural or horticultural sprayers Portable sprayers,,1.0,0.0,0.0,0.0,5.0,7.5,13.58
8424.49.00,84,8424,Oth. Agricultural or horticultural sprayers,,1.0,0.0,0.0,0.0,5.0,7.5,13.58
8424.82.00,84,8424,Other appliances Agricultural or horticultural,,1.0,0.0,0.0,15.0,5.0,7.5,28.73
8424.89.00,84,8424,Mechanical Appliances For Projecting/Dispersing/Spraying Liquids/Powders,,1.0,0.0,0.0,15.0,5.0,7.5,28.73
8424.90.00,84,8424,Parts Of Machinery And Apparatus Of 8424.10 To 8424.89,,1.0,0.0,0.0,15.0,5.0,7.5,28.73
8425.11.00,84,8425,"Pulley Tackle And Hoists..., Powered By Electric Motor",,0.0,0.0,0.0,15.0,5.0,7.5,27.5
8425.19.00,84,8425,"Pulley Tackle And Hoists..., Nes (Excl. Skip Or Vehicle Hoists)",,1.0,0.0,0.0,15.0,5.0,7.5,28.73
8425.31.00,84,8425,"Winches, Capstans, Powered By Electric Motor",,1.0,0.0,0.0,15.0,5.0,7.5,28.73
8425.39.00,84,8425,"Winches, Capstans, Nes",,5.0,0.0,0.0,15.0,5.0,7.5,33.63
8425.41.00,84,8425,Built-In Jacking Systems Of A Type Used In Garages,,1.0,0.0,0.0,15.0,5.0,7.5,28.73
8425.42.00,84,8425,Hydraulic Jacks And Vehicle Hoists,,5.0,0.0,0.0,15.0,5.0,7.5,33.63
8425.49.00,84,8425,"Jacks And Vehicle Hoists, Nes",,10.0,0.0,0.0,15.0,5.0,7.5,39.75
8426.11.00,84,8426,Overhead Travelling Cranes On Fixed Support,,1.0,0.0,0.0,15.0,5.0,7.5,28.73
8426.12.00,84,8426,Mobile Lifting Frames On Tyres And Straddle Carriers,,1.0,0.0,0.0,15.0,5.0,7.5,28.73
8426.19.00,84,8426,"Transporter Cranes,Gantry Cranes/Bridge Cranes,Overhd Travellng Cranes Nes",,1.0,0.0,0.0,15.0,5.0,7.5,28.73
8426.20.00,84,8426,Tower Cranes,,1.0,0.0,0.0,15.0,5.0,7.5,28.73
8426.30.00,84,8426,Portal Or Pedestal Jib Cranes,,1.0,0.0,0.0,15.0,5.0,7.5,28.73
8426.41.10,84,8426,Works trucks fitted with crane on tyres,,25.0,3.0,0.0,15.0,5.0,7.5,61.8
8426.41.90,84,8426,"Other machinery, self propelled",,1.0,0.0,0.0,15.0,5.0,7.5,28.73
8426.49.00,84,8426,"Derricks, Cranes, Etc, Nes, Self-Propelled (Excl. On Tyres)",,1.0,0.0,0.0,15.0,5.0,7.5,28.73
8426.91.00,84,8426,"Derricks, Cranes, Etc, Nes, Designed For Mounting On Road Vehicles",,1.0,0.0,0.0,15.0,5.0,7.5,28.73
8426.99.00,84,8426,"Ships Derricks, Cranes, Etc, Nes",,1.0,0.0,0.0,15.0,5.0,7.5,28.73
8427.10.00,84,8427,Self-Propelled Works Trucks Powered By An Electric Motor,,1.0,0.0,0.0,15.0,5.0,7.5,28.73
8427.20.00,84,8427,Self-Propelled Works Trucks (Excl. Electic),,1.0,0.0,0.0,15.0,5.0,7.5,28.73
8427.90.00,84,8427,"Other Works Trucks Fitted With Lifting Or Handling Equipment, Nes",,10.0,0.0,0.0,15.0,5.0,7.5,39.75
8428.10.00,84,8428,Lifts And Skip Hoists,,15.0,0.0,0.0,15.0,5.0,7.5,45.88
8428.20.00,84,8428,Pneumatic Elevators And Conveyors,,1.0,0.0,0.0,15.0,5.0,7.5,28.73
8428.31.00,84,8428,"Continuous-Action Elevators And Conveyors, For Underground Use",,1.0,0.0,0.0,15.0,5.0,7.5,28.73
8428.32.00,84,8428,"Continuous-Action Elevators And Conveyors, Bucket Type, Nes",,1.0,0.0,0.0,15.0,5.0,7.5,28.73
8428.33.00,84,8428,"Continuous-Action Elevators And Conveyors, Belt Type, Nes",,1.0,0.0,0.0,15.0,5.0,7.5,28.73
8428.39.00,84,8428,"Continuous-Action Elevators And Conveyors, Nes",,1.0,0.0,0.0,15.0,5.0,7.5,28.73
8428.40.00,84,8428,Escalators And Moving Walkways,,15.0,0.0,0.0,15.0,5.0,7.5,45.88
8428.60.00,84,8428,"Teleferics, Chair-Lifts...; Traction Mechanisms For Funiculars",,1.0,0.0,0.0,15.0,5.0,7.5,28.73
8428.70.00,84,8428,Industrial robots,,1.0,0.0,0.0,15.0,5.0,7.5,28.73
8428.90.00,84,8428,"Lifting, Handling, Loading Or Unloading Machinery, Nes",,1.0,0.0,0.0,15.0,5.0,7.5,28.73
8429.11.00,84,8429,"Self-Propelled Bulldozers And Angledozers, Track Laying",,1.0,0.0,0.0,15.0,5.0,7.5,28.73
8429.19.00,84,8429,"Self-Propelled Bulldozers And Angledozers, (Excl. Track Laying)",,1.0,0.0,0.0,15.0,5.0,7.5,28.73
8429.20.00,84,8429,Self-Propelled Graders And Levellers,,1.0,0.0,0.0,15.0,5.0,7.5,28.73
8429.30.00,84,8429,Self-Propelled Scrapers,,1.0,0.0,0.0,15.0,5.0,7.5,28.73
8429.40.00,84,8429,Self-Propelled Tamping Machines And Road-Rollers,,1.0,0.0,0.0,15.0,5.0,7.5,28.73
8429.51.00,84,8429,Self-Propelled Front-End Shovel Loaders,,1.0,0.0,0.0,15.0,5.0,7.5,28.73
8429.52.00,84,8429,Self-Propelled Bulldozers... With A 360o Revolving Superstructure,,1.0,0.0,0.0,15.0,5.0,7.5,28.73
8429.59.00,84,8429,"Self-Propelled Bulldozers, Excavators..., Nes",,1.0,0.0,0.0,15.0,5.0,7.5,28.73
8430.10.00,84,8430,Pile-Drivers And Pile-Extractors,,1.0,0.0,0.0,15.0,5.0,7.5,28.73
8430.20.00,84,8430,Snow-Ploughs And Snow-Blowers,,1.0,0.0,0.0,15.0,5.0,7.5,28.73
8430.31.00,84,8430,Self-Propelled Coal Or Rock Cutters And Tunnelling Machinery,,1.0,0.0,0.0,15.0,5.0,7.5,28.73
8430.39.00,84,8430,Coal Or Rock Cutters And Tunnelling Machinery (Not Self-Propelled),,1.0,0.0,0.0,15.0,5.0,7.5,28.73
8430.41.00,84,8430,Self-Propelled Boring Or Sinking Machinery,,1.0,0.0,0.0,15.0,5.0,7.5,28.73
8430.49.00,84,8430,Boring Or Sinking Machinery (Not Self-Propelled),,1.0,0.0,0.0,15.0,5.0,7.5,28.73
8430.50.00,84,8430,"Self-Propelled Earth Moving, Grading, Excvating... Machinery, Nes",,1.0,0.0,0.0,15.0,5.0,7.5,28.73
8430.61.10,84,8430,"Tamping Or Compacting Machinery, Not Self-Propelled",,0.0,0.0,0.0,0.0,5.0,7.5,12.5
8430.61.20,84,8430,Jet/Cement grouting,,0.0,0.0,0.0,0.0,5.0,7.5,12.5
8430.61.30,84,8430,Soil anchoring/Grounting apparatus,,0.0,0.0,0.0,0.0,5.0,7.5,12.5
8430.61.90,84,8430,"Tamping Or Compacting Machinery, Not Self-Propelled",,1.0,0.0,0.0,15.0,5.0,7.5,28.73
8430.69.00,84,8430,"Other Earth Moving,Excavating, Extracting... Machinery, Not Self-Propelled",,1.0,0.0,0.0,15.0,5.0,7.5,28.73
8431.10.00,84,8431,Parts Of Machinery Of 84.25,,1.0,0.0,0.0,15.0,5.0,7.5,28.73
8431.20.00,84,8431,Parts Of Machinery Of 84.27,,1.0,0.0,0.0,15.0,5.0,7.5,28.73
8431.31.00,84,8431,"Parts Of Lift, Skip Hoists Or Escalators",,15.0,0.0,0.0,15.0,5.0,7.5,45.88
8431.39.00,84,8431,"Parts Of Machinery Of 84.28 (Excl. Lift, Skip Hoists Or Escalators)",,1.0,0.0,0.0,15.0,5.0,7.5,28.73
8431.41.00,84,8431,"Buckets, Shovels, Grabs And Grips Of Machinery Of 84.26, 84.29 And 84.30",,1.0,0.0,0.0,15.0,5.0,7.5,28.73
8431.42.00,84,8431,Bulldozer Or Angledozer Blades Of 84.29,,1.0,0.0,0.0,15.0,5.0,7.5,28.73
8431.43.00,84,8431,Parts For Boring Or Sinking Machinery Of Subheading 8430.41 Or 8430.49,,1.0,0.0,0.0,15.0,5.0,7.5,28.73
8431.49.00,84,8431,"Parts of machinery of 84.26, 84.29 and 84.30, nes",,1.0,0.0,0.0,15.0,5.0,7.5,28.73
8432.10.00,84,8432,Ploughs,,1.0,0.0,0.0,15.0,5.0,7.5,28.73
8432.21.00,84,8432,Disc Harrows,,1.0,0.0,0.0,15.0,5.0,7.5,28.73
8432.29.00,84,8432,"Harrows (Excl. Disc Harrows), Scarifiers, Cultivators, Weeders And Hoes",,1.0,0.0,0.0,15.0,5.0,7.5,28.73
8432.31.00,84,8432,"Seeders, planters and transplanters No-till direct seeders, planters and transplanter",,1.0,0.0,0.0,15.0,5.0,7.5,28.73
8432.39.00,84,8432,"Seeders, planters and transpl Excl. No-till direct seeders, planters and transplanter",,1.0,0.0,0.0,15.0,5.0,7.5,28.73
8432.41.00,84,8432,Manure spreaders and fertiliser distributors Manure spreaders,,1.0,0.0,0.0,15.0,5.0,7.5,28.73
8432.42.00,84,8432,Fertiliser distributors,,1.0,0.0,0.0,15.0,5.0,7.5,28.73
8432.80.00,84,8432,"Soil preparation/cultivation machinery; lawn/sports-ground rollers , nes",,1.0,0.0,0.0,0.0,5.0,7.5,13.58
8432.90.00,84,8432,Parts Of Soil Preparation/Cultivation Machinery...,,1.0,0.0,0.0,15.0,5.0,7.5,28.73
8433.11.00,84,8433,"Mowers..., Powered, The Cutting Device Rotating In A Horizontal Plane",,5.0,0.0,0.0,15.0,5.0,7.5,33.63
8433.19.00,84,8433,"Mowers For Lawns, Parks Or Sports Grounds, Nes",,5.0,0.0,0.0,15.0,5.0,7.5,33.63
8433.20.00,84,8433,"Mowers (Incl. Cutter Bars For Tractor Mounting), Nes",,1.0,0.0,0.0,15.0,5.0,7.5,28.73
8433.30.00,84,8433,Haymaking Machinery,,1.0,0.0,0.0,15.0,5.0,7.5,28.73
8433.40.00,84,8433,Straw or fodder balers (incl. pick-up balers),,1.0,0.0,0.0,15.0,5.0,7.5,28.73
8433.51.00,84,8433,Combine Harvester-Threshers,,0.0,0.0,0.0,15.0,5.0,7.5,27.5
8433.52.00,84,8433,"Threshing Machinery For Agricultural Produce, Nes",,0.0,0.0,0.0,15.0,5.0,7.5,27.5
8433.53.00,84,8433,Root Or Tuber Harvesting Machines,,0.0,0.0,0.0,15.0,5.0,7.5,27.5
8433.59.10,84,8433,Harvesting machinery,,0.0,0.0,0.0,15.0,5.0,7.5,27.5
8433.59.90,84,8433,"Harvesting Machinery, Nes",,1.0,0.0,0.0,15.0,5.0,7.5,28.73
8433.60.00,84,8433,"Machines For Cleaning, Sorting Or Grading Eggs, Fruit Or Other Produce",,0.0,0.0,0.0,15.0,5.0,7.5,27.5
8433.90.00,84,8433,Parts Of Harvesting... Machinery,,1.0,0.0,0.0,15.0,5.0,7.5,28.73
8434.10.00,84,8434,Milking Machines,,0.0,0.0,0.0,15.0,5.0,7.5,27.5
8434.20.00,84,8434,Dairy Machinery,,0.0,0.0,0.0,0.0,5.0,7.5,12.5
8434.90.00,84,8434,Parts Of Milking Machines And Dairy Machinery,,0.0,0.0,0.0,15.0,5.0,7.5,27.5
8435.10.00,84,8435,Crushing Machinery,,0.0,0.0,0.0,15.0,5.0,7.5,27.5
8435.90.00,84,8435,"Parts Of Machinery For Making Wine, Cider, Fruit Juices, Etc",,0.0,0.0,0.0,15.0,5.0,7.5,27.5
8436.10.00,84,8436,Machinery For Preparing Animal Feeding Stuffs,,1.0,0.0,0.0,0.0,5.0,7.5,13.58
8436.21.00,84,8436,Poultry Incubators And Brooders,,0.0,0.0,0.0,0.0,5.0,7.5,12.5
8436.29.00,84,8436,"Other Poultry-Keeping Machinery, Nes",,1.0,0.0,0.0,0.0,5.0,7.5,13.58
8436.80.00,84,8436,"Agricultural... Forestry Or Bee-Keeping Machinery, Nes",,0.0,0.0,0.0,0.0,5.0,7.5,12.5
8436.91.00,84,8436,Parts Of Poultry-Keeping Machinery Or Poultry Incubators And Brooders,,0.0,0.0,0.0,0.0,5.0,7.5,12.5
8436.99.00,84,8436,"Parts Of Agricultural... Machinery, Nes",,0.0,0.0,0.0,0.0,5.0,7.5,12.5
8437.10.00,84,8437,"Machines For Cleaning/Sorting/Grading Seed, Grain Or Dried Vegetables",,1.0,0.0,0.0,15.0,2.0,7.5,25.73
8437.80.10,84,8437,Rice Huller And Rice/Wheat Crusher,,15.0,0.0,0.0,15.0,5.0,7.5,45.88
8437.80.90,84,8437,Other Machinery For Milling Or Working Cereals Or Dried Vegetables,,0.0,0.0,0.0,15.0,5.0,7.5,27.5
8437.90.10,84,8437,Parts For Rice Huller And Wheat Crusher,,10.0,0.0,0.0,15.0,5.0,7.5,39.75
8437.90.90,84,8437,"Other Parts Of Milling Etc, Machinery",,1.0,0.0,0.0,15.0,5.0,7.5,28.73
8438.10.00,84,8438,"Bakery Machinery And Machinery For Making Macaroni, Spaghetti, Etc",,0.0,0.0,0.0,15.0,5.0,7.5,27.5
8438.20.00,84,8438,"Machinery For The Manufacture Of Confectionery, Cocoa Or Chocolate",,0.0,0.0,0.0,15.0,5.0,7.5,27.5
8438.30.00,84,8438,Machinery For Sugar Manufacture,,0.0,0.0,0.0,15.0,5.0,7.5,27.5
8438.40.00,84,8438,Brewery Machinery,,0.0,0.0,0.0,15.0,5.0,7.5,27.5
8438.50.00,84,8438,Machinery For The Preparation Of Meat Or Poultry,,0.0,0.0,0.0,15.0,5.0,7.5,27.5
8438.60.00,84,8438,"Machinery For The Preparation Of Fruits, Nuts Or Vegetables",,0.0,0.0,0.0,15.0,5.0,7.5,27.5
8438.80.00,84,8438,"Machinery for the preparation or manufacture of food or drink, nes",,1.0,0.0,0.0,15.0,5.0,7.5,28.73
8438.90.00,84,8438,"Parts Of Industrial Machinery For Food And Drink Manufacture, Nes",,0.0,0.0,0.0,15.0,5.0,7.5,27.5
8439.10.00,84,8439,Machinery For Making Pulp Of Fibrous Cellulosic Material,,0.0,0.0,0.0,15.0,5.0,7.5,27.5
8439.20.00,84,8439,Machinery For Making Paper Or Paperboard,,1.0,0.0,0.0,15.0,5.0,7.5,28.73
8439.30.00,84,8439,Machinery For Finishing Paper Or Paperboard,,0.0,0.0,0.0,15.0,5.0,7.5,27.5
8439.91.00,84,8439,Parts Of Machinery For Making Pulp Of Fibrous Cellulosic Material,,0.0,0.0,0.0,15.0,5.0,7.5,27.5
8439.99.00,84,8439,Parts Of Machinery For Making/Finishing Paper Or Paperboard,,0.0,0.0,0.0,15.0,5.0,7.5,27.5
8440.10.00,84,8440,Book-Binding Machinery (Incl. Book-Sewing Machines),,1.0,0.0,0.0,15.0,5.0,7.5,28.73
8440.90.00,84,8440,Parts Of Book-Binding Machinery,,1.0,0.0,0.0,15.0,5.0,7.5,28.73
8441.10.00,84,8441,Cutting Machines,,1.0,0.0,0.0,15.0,5.0,7.5,28.73
8441.20.00,84,8441,"Machines For Making Bags, Sacks Or Envelopes Of Paper Or Paperboard",,1.0,0.0,0.0,15.0,5.0,7.5,28.73
8441.30.00,84,8441,"Machines For Making Cartons, Boxes, Etc, Of Paper Or Paperboard",,1.0,0.0,0.0,15.0,5.0,7.5,28.73
8441.40.00,84,8441,"Machines For Moulding Articles In Paper Pulp, Paper Or Paperboard",,1.0,0.0,0.0,15.0,5.0,7.5,28.73
8441.80.00,84,8441,"Machinery For Making Up Paper Pulp, Paper Or Paperboard, Nes",,1.0,0.0,0.0,15.0,5.0,7.5,28.73
8441.90.00,84,8441,"Parts Of Machinery For Making Up Paper Pulp, Paper Or Paperboard, Nes",,1.0,0.0,0.0,15.0,5.0,7.5,28.73
8442.30.00,84,8442,"Machinery, apparatus and equipment for pre. or making plates, ..comp. Machiner",,1.0,0.0,0.0,15.0,5.0,7.5,28.73
8442.40.00,84,8442,Parts Of Type-Setting... Machinery,,1.0,0.0,0.0,15.0,5.0,7.5,28.73
8442.50.10,84,8442,"Printing Type, Prepared For Printing Purpose",,10.0,0.0,0.0,15.0,5.0,7.5,39.75
8442.50.20,84,8442,PRINTING PLATES,,10.0,0.0,0.0,15.0,5.0,7.5,39.75
8442.50.90,84,8442,"Other Printing Type,Blocks,Plates,Cylinders...Other Printing Components",,1.0,0.0,0.0,15.0,5.0,7.5,28.73
8443.11.00,84,8443,"Offset Printing Machinery, Reel Fed",,1.0,0.0,0.0,15.0,5.0,7.5,28.73
8443.12.00,84,8443,"Offset printing machinery, sheet fed, office type (using sheets with one side",,1.0,0.0,0.0,15.0,5.0,7.5,28.73
8443.13.00,84,8443,Other offset printing machinery,,1.0,0.0,0.0,15.0,5.0,7.5,28.73
8443.14.00,84,8443,"Letterpress printing machinery, reel fed, excluding flexographic printing",,1.0,0.0,0.0,15.0,5.0,7.5,28.73
8443.15.00,84,8443,"Letterpress printing machinery, other than reel fed, excluding flexographic pr",,1.0,0.0,0.0,15.0,5.0,7.5,28.73
8443.16.00,84,8443,Flexographic printing machinery,,1.0,0.0,0.0,15.0,5.0,7.5,28.73
8443.17.00,84,8443,Gravure printing machinery,,1.0,0.0,0.0,15.0,5.0,7.5,28.73
8443.19.00,84,8443,"Other printing components(excl.Offset printing machinery, Letterpress printing",,1.0,0.0,0.0,15.0,5.0,7.5,28.73
8443.31.00,84,8443,"Machines which perform two or more of the functions of printing, copying or fa",,5.0,0.0,0.0,15.0,5.0,7.5,33.63
8443.32.10,84,8443,Computer printer,,5.0,0.0,0.0,15.0,2.0,7.5,30.63
8443.32.90,84,8443,Other printer (excl. computer printer),,0.0,0.0,0.0,15.0,5.0,7.5,27.5
8443.39.10,84,8443,Inkjet printer,,1.0,0.0,0.0,15.0,5.0,7.5,28.73
8443.39.91,84,8443,Copying machine & fax machine,,5.0,0.0,0.0,15.0,5.0,7.5,33.63
8443.39.99,84,8443,"Other printing machine,nes",,1.0,0.0,0.0,15.0,5.0,7.5,28.73
8443.91.00,84,8443,"Parts & acces.of printing m/c used for print. by means of plates, cylinders an",,1.0,0.0,0.0,15.0,5.0,7.5,28.73
8443.99.10,84,8443,Toner cartridge/Inkjet cartridge,,5.0,0.0,0.0,15.0,2.0,7.5,30.63
8443.99.20,84,8443,Other parts for Computer Printer,,5.0,0.0,0.0,15.0,2.0,7.5,30.63
8443.99.90,84,8443,Parts & accessories other than compuet printer,,10.0,0.0,0.0,15.0,5.0,7.5,39.75
8444.00.00,84,8444,"Machines For Extruding, Drawing... Or Cutting Man-Made Textile Materials",,0.0,0.0,0.0,0.0,5.0,7.5,12.5
8445.11.00,84,8445,"Carding Machines, For Preparing Textile Fibres",,1.0,0.0,0.0,0.0,5.0,7.5,13.58
8445.12.00,84,8445,"Combing Machines, For Preparing Textile Fibres",,0.0,0.0,0.0,0.0,5.0,7.5,12.5
8445.13.00,84,8445,"Drawing Or Roving Machines, For Preparing Textiles Fibres",,1.0,0.0,0.0,0.0,5.0,7.5,13.58
8445.19.00,84,8445,"Other Machines For Preparing Textile Fibres, Nes",,1.0,0.0,0.0,0.0,5.0,7.5,13.58
8445.20.00,84,8445,Textile Spinning Machines,,1.0,0.0,0.0,0.0,5.0,7.5,13.58
8445.30.00,84,8445,Textile Doubling Or Twisting Machines,,0.0,0.0,0.0,0.0,5.0,7.5,12.5
8445.40.00,84,8445,Textile Winding (Incl. Weft-Winding) Or Reeling Machines,,1.0,0.0,0.0,0.0,5.0,7.5,13.58
8445.90.00,84,8445,"Machinery For Producing Or Preparing Textile Yarns, Nes",,0.0,0.0,0.0,0.0,5.0,7.5,12.5
8446.10.00,84,8446,"Weaving Machines For Weaving Fabrics, =<30cm Wide",,0.0,0.0,0.0,0.0,5.0,7.5,12.5
8446.21.00,84,8446,"Power Looms For Weaving Fabrics, >30cm Wide, Shuttle Type",,1.0,0.0,0.0,0.0,5.0,7.5,13.58
8446.29.00,84,8446,"Weaving Machines For Weaving Fabrics, >30cm Wide, Shuttle Type, Nes",,0.0,0.0,0.0,0.0,5.0,7.5,12.5
8446.30.00,84,8446,"Weaving Machines For Weaving Fabrics, >30cm Wide, Shuttleless Type",,1.0,0.0,0.0,0.0,5.0,7.5,13.58
8447.11.00,84,8447,"Circular Knitting Machines, With Cylinder Diameter =<165mm",,0.0,0.0,0.0,0.0,5.0,7.5,12.5
8447.12.00,84,8447,"Circular Knitting Machines, With Cylinder Diameter >165mm",,1.0,0.0,0.0,0.0,5.0,7.5,13.58
8447.20.00,84,8447,Flat Knitting Machines; Stitch-Bonding Machines,,1.0,0.0,0.0,0.0,5.0,7.5,13.58
8447.90.00,84,8447,"Machines For Making Gimped Yarn, Tulle, Lace, Embroidery, Trimmings, Etc",,1.0,0.0,0.0,0.0,5.0,7.5,13.58
8448.11.00,84,8448,"Doobies And Jacquards; Card Reducing, Copying... Machines",,1.0,0.0,0.0,15.0,5.0,7.5,28.73
8448.19.00,84,8448,"Auxiliary Machinery For Machines Of 84.44, 84.45, 84.46, 84.47",,1.0,0.0,0.0,15.0,5.0,7.5,28.73
8448.20.10,84,8448,Parts And Accessories Of Machines Of 84.44 Or Their Auxiliary Machinery,,15.0,0.0,0.0,15.0,5.0,7.5,45.88
8448.20.90,84,8448,Parts And Accessories Of Machines Of 84.44 Or Their Auxiliary Machinery,,1.0,0.0,0.0,15.0,5.0,7.5,28.73
8448.31.00,84,8448,Card Clothing,,1.0,0.0,0.0,15.0,5.0,7.5,28.73
8448.32.00,84,8448,"Parts And Accessories Of Machines For Preparing Textile Fibres, Nes",,1.0,0.0,0.0,15.0,5.0,7.5,28.73
8448.33.00,84,8448,"Spindles, spindle flyers, spinning rings and ring travellers",,1.0,0.0,0.0,15.0,5.0,7.5,28.73
8448.39.00,84,8448,"Parts And Accessories Of Machines Of 84.45, Etc, Nes",,1.0,0.0,0.0,15.0,5.0,7.5,28.73
8448.42.10,84,8448,"Reeds And Wire Healds, For Loom",,5.0,0.0,0.0,15.0,5.0,7.5,33.63
8448.42.90,84,8448,Other Reeds For Looms Healds And Heald-Frames,,1.0,0.0,0.0,15.0,5.0,7.5,28.73
8448.49.00,84,8448,"Parts And Accessories Of Weaving Machines (Looms), Nes",,1.0,0.0,0.0,15.0,5.0,7.5,28.73
8448.51.00,84,8448,"Sinkers, needles and other articles used in forming stitches",,1.0,0.0,0.0,15.0,5.0,7.5,28.73
8448.59.00,84,8448,"Other Parts And Accessories Of Machines Of 84.47, Etc, Nes",,1.0,0.0,0.0,15.0,5.0,7.5,28.73
8449.00.00,84,8449,Machinery For The Manufacture Or Finishing Of Felt Or Nonwovens,,1.0,0.0,0.0,15.0,5.0,7.5,28.73
8450.11.00,84,8450,"Fully-Automatic Washing Machines, Capacity=<10kg",,25.0,3.0,0.0,15.0,5.0,7.5,61.8
8450.12.00,84,8450,"Washing Machines With Built-In Centrifugal Drier, Capacity =<10kg",,25.0,3.0,0.0,15.0,5.0,7.5,61.8
8450.19.00,84,8450,"Washing Machines, Nes, Of A Dry Linen Capacity =<10kg",,25.0,3.0,0.0,15.0,5.0,7.5,61.8
8450.20.10,84,8450,"Washing Machines, Household/Laundry Type, Capacity <18kg",,25.0,3.0,0.0,15.0,5.0,7.5,61.8
8450.20.90,84,8450,"Washing Machines, Household/Laundry Type, Capacity >10kg",,1.0,0.0,0.0,15.0,5.0,7.5,28.73
8450.90.00,84,8450,Parts Of Household/Laundry-Typewashing Machines,,1.0,0.0,0.0,15.0,5.0,7.5,28.73
8451.10.00,84,8451,Dry-Cleaning Machines,,1.0,0.0,0.0,15.0,5.0,7.5,28.73
8451.21.00,84,8451,"Drying Machines, Of A Dry Linen Capacity =<10kg",,5.0,0.0,0.0,15.0,5.0,7.5,33.63
8451.29.00,84,8451,"Drying Machines, Of A Dry Linen Capacity >10kg",,1.0,0.0,0.0,15.0,5.0,7.5,28.73
8451.30.00,84,8451,Ironing Machines And Presses (Incl. Fusing Presses),,1.0,0.0,0.0,15.0,5.0,7.5,28.73
8451.40.00,84,8451,"Washing, Bleaching Or Dyeing Machines, Nes",,1.0,0.0,0.0,15.0,5.0,7.5,28.73
8451.50.00,84,8451,"Machines For Reeling, Unreeling, Folding, Cutting... Textile Fabrics",,1.0,0.0,0.0,15.0,5.0,7.5,28.73
8451.80.00,84,8451,"Machines For Wringing, Dressing, Finishing... Textile Yarns, Fabrics...",,1.0,0.0,0.0,15.0,5.0,7.5,28.73
8451.90.00,84,8451,"Parts Of Machines For Cleaning, Drying, Ironing, Etc",,1.0,0.0,0.0,15.0,5.0,7.5,28.73
8452.10.00,84,8452,SEWING MACHINES OF THE HOUSEHOLD TYPE,,10.0,0.0,0.0,15.0,5.0,7.5,39.75
8452.21.00,84,8452,Automatic Sewing Machines,,1.0,0.0,0.0,15.0,5.0,7.5,28.73
8452.29.10,84,8452,Sewing Machines Of Industrial Type(Excl.Automatic Units) Non Electric,,10.0,0.0,0.0,15.0,5.0,7.5,39.75
8452.29.90,84,8452,Sewing Machines Of Industrial Type (Excl. Automaic Units ) Nes.,,0.0,0.0,0.0,15.0,5.0,7.5,27.5
8452.30.00,84,8452,Sewing Machine Needles,,1.0,0.0,0.0,15.0,5.0,7.5,28.73
8452.90.10,84,8452,"Furniture, bases and covers for sewing machines and parts thereof",,5.0,0.0,0.0,15.0,5.0,7.5,33.63
8452.90.90,84,8452,Other parts of sewing machines,,1.0,0.0,0.0,15.0,5.0,7.5,28.73
8453.10.00,84,8453,"Machinery For Preparing, Tanning Or Working Hides, Skins Or Leather",,1.0,0.0,0.0,15.0,5.0,7.5,28.73
8453.20.00,84,8453,Machinery For Making Or Repairing Footwear,,1.0,0.0,0.0,15.0,5.0,7.5,28.73
8453.80.00,84,8453,"Machinery For Making/Repairing Articles Of Hides, Skins Or Leather, Nes",,1.0,0.0,0.0,15.0,5.0,7.5,28.73
8453.90.00,84,8453,"Parts Of Machinery For Preparing ... Leather, Making Footware, Etc",,1.0,0.0,0.0,15.0,5.0,7.5,28.73
8454.10.00,84,8454,Converters Of A Kind Used In Metallurgy Or In Metal Foundries,,0.0,0.0,0.0,15.0,5.0,7.5,27.5
8454.20.00,84,8454,"Ingot Moulds, Ladles Used In Metallurgy Or In Metal Foundries",,0.0,0.0,0.0,15.0,5.0,7.5,27.5
8454.30.00,84,8454,Casting Machines Used In Metallurgy Or In Metal Foundries,,0.0,0.0,0.0,15.0,5.0,7.5,27.5
8454.90.00,84,8454,"Parts Of Converters, Ladles... Casting Machines",,0.0,0.0,0.0,15.0,5.0,7.5,27.5
8455.10.00,84,8455,Tube Mills,,1.0,0.0,0.0,15.0,5.0,7.5,28.73
8455.21.00,84,8455,Hot Or Combination Hot And Cold Metal-Rolling Mills,,1.0,0.0,0.0,15.0,5.0,7.5,28.73
8455.22.00,84,8455,Cold Metal-Rolling Mills,,1.0,0.0,0.0,15.0,5.0,7.5,28.73
8455.30.00,84,8455,Rolls For Rolling Mills,,1.0,0.0,0.0,15.0,5.0,7.5,28.73
8455.90.00,84,8455,Parts Of Metal-Rolling Mills (Excl. Rolls),,1.0,0.0,0.0,15.0,5.0,7.5,28.73
8456.11.00,84,8456,"Operated by laser or other light or photon beam processes,Operated by laser",,1.0,0.0,0.0,15.0,5.0,7.5,28.73
8456.12.00,84,8456,"Operated by laser or other light or photon beam processes , Oper by other light or ph",,1.0,0.0,0.0,15.0,5.0,7.5,28.73
8456.20.00,84,8456,Machine-Tools Operated By Ultrasonic Processes,,1.0,0.0,0.0,15.0,5.0,7.5,28.73
8456.30.00,84,8456,Machine-Tools Operated By Electro-Discharge Processes,,1.0,0.0,0.0,15.0,5.0,7.5,28.73
8456.40.00,84,8456,Operated by plasma arc processes,,1.0,0.0,0.0,15.0,5.0,7.5,28.73
8456.50.00,84,8456,Water-jet cutting machines,,1.0,0.0,0.0,15.0,5.0,7.5,28.73
8456.90.00,84,8456,"Other m/c-tools(excl. laser or other light or photon beam, ultra-sonic, electr",,1.0,0.0,0.0,15.0,5.0,7.5,28.73
8457.10.00,84,8457,Machining Centres For Working Metal,,0.0,0.0,0.0,15.0,5.0,7.5,27.5
8457.20.00,84,8457,Unit Contruction Machines (Single Station) For Working Metal,,1.0,0.0,0.0,15.0,5.0,7.5,28.73
8457.30.00,84,8457,Multi-Station Transfer Machines For Working Metal,,0.0,0.0,0.0,15.0,5.0,7.5,27.5
8458.11.00,84,8458,"Horizontal Lathes For Removing Metal, Numerically Controlled",,1.0,0.0,0.0,15.0,5.0,7.5,28.73
8458.19.00,84,8458,Horizontal Lathes For Removing Metal (Excl. Numerically Controlled),,1.0,0.0,0.0,15.0,5.0,7.5,28.73
8458.91.00,84,8458,"Other Lathes For Removing Metal, Nes, Numerically Controlled",,1.0,0.0,0.0,15.0,5.0,7.5,28.73
8458.99.00,84,8458,"Other Lathes For Removing Metal, Nes (Excl. Numerically Controlled)",,1.0,0.0,0.0,15.0,5.0,7.5,28.73
8459.10.00,84,8459,"Way-Type Unit Head Machines For Drilling, Boring... By Removing Metal",,1.0,0.0,0.0,15.0,5.0,7.5,28.73
8459.21.00,84,8459,"Drilling Machines For Removing Metal, Numerically Controlled, Nes",,1.0,0.0,0.0,15.0,5.0,7.5,28.73
8459.29.00,84,8459,"Drilling Machines For Removing Metal, Nes",,1.0,0.0,0.0,15.0,5.0,7.5,28.73
8459.31.00,84,8459,"Boring-Milling Machines For Metal, Numerically Controlled, Nes",,1.0,0.0,0.0,15.0,5.0,7.5,28.73
8459.39.00,84,8459,"Boring-Milling Machines For Metal, Nes",,1.0,0.0,0.0,15.0,5.0,7.5,28.73
8459.41.00,84,8459,Other boring machines Numerically controlled,,1.0,0.0,0.0,15.0,5.0,7.5,28.73
8459.49.00,84,8459,"Numerically controlled, nes",,1.0,0.0,0.0,15.0,5.0,7.5,28.73
8459.51.00,84,8459,"Milling Machines, Knee-Type, For Metal, Numerically Controlled",,1.0,0.0,0.0,15.0,5.0,7.5,28.73
8459.59.00,84,8459,"Milling Machines, Knee-Type, For Metal (Excl. Numerically Controlled)",,1.0,0.0,0.0,15.0,5.0,7.5,28.73
8459.61.00,84,8459,"Other Milling Machines For Metal, Numerically Controlled (Excl. Knee-Type)",,1.0,0.0,0.0,15.0,5.0,7.5,28.73
8459.69.00,84,8459,"Other Milling Machines For Metal, Nes",,1.0,0.0,0.0,15.0,5.0,7.5,28.73
8459.70.00,84,8459,"Threading Or Tapping Machines For Metal, Worked By Removing Metal, Nes",,1.0,0.0,0.0,15.0,5.0,7.5,28.73
8460.12.00,84,8460,Flat-surface grinding machines Numerically controlled,,0.0,0.0,0.0,15.0,5.0,7.5,27.5
8460.19.00,84,8460,"Flat-Surface Grinding Machines, 0.01mm Accuracy, Nes",,0.0,0.0,0.0,15.0,5.0,7.5,27.5
8460.22.00,84,8460,"Centreless grinding machines, numerically controlled",,0.0,0.0,0.0,15.0,5.0,7.5,27.5
8460.23.00,84,8460,"Other cylindrical grinding machines, numerically controlled",,0.0,0.0,0.0,15.0,5.0,7.5,27.5
8460.24.00,84,8460,"Other, numerically controlled",,0.0,0.0,0.0,15.0,5.0,7.5,27.5
8460.29.00,84,8460,"Grinding Machines, Nes, Accurate To 0.01mm",,0.0,0.0,0.0,15.0,5.0,7.5,27.5
8460.31.00,84,8460,"Sharpening (Tool Or Cutter Grinding) Machines, Numerically Controlled",,0.0,0.0,0.0,15.0,5.0,7.5,27.5
8460.39.00,84,8460,"Sharpening (Tool Or Cutter Grinding) Machines, Nes",,0.0,0.0,0.0,15.0,5.0,7.5,27.5
8460.40.00,84,8460,"Honing Or Lapping Machines, For Working Metal",,1.0,0.0,0.0,15.0,5.0,7.5,28.73
8460.90.00,84,8460,"Other Machines For Deburring, Grinding, Polishing, Etc, Metal, Nes",,1.0,0.0,0.0,15.0,5.0,7.5,28.73
8461.20.00,84,8461,Shaping Or Slotting Machines For Working Metal Or Cermets,,1.0,0.0,0.0,15.0,5.0,7.5,28.73
8461.30.00,84,8461,Broaching Machines For Working Metal Or Cermets,,1.0,0.0,0.0,15.0,5.0,7.5,28.73
8461.40.00,84,8461,Gear Cutting/Grinding/Finishing Machines For Working Metal Or Cermets,,1.0,0.0,0.0,15.0,5.0,7.5,28.73
8461.50.00,84,8461,Sawing Or Cutting-Off Machines For Working Metal Or Cermets,,1.0,0.0,0.0,15.0,5.0,7.5,28.73
8461.90.00,84,8461,"Other Machine Tools Working By Removing Metal Or Cermets,Nes",,1.0,0.0,0.0,15.0,5.0,7.5,28.73
8462.11.00,84,8462,Closed die forging machines,,1.0,0.0,0.0,15.0,5.0,7.5,28.73
8462.19.00,84,8462,Other Than Closed die forging machines,,1.0,0.0,0.0,15.0,5.0,7.5,28.73
8462.22.00,84,8462,Profile forming machines,,1.0,0.0,0.0,15.0,5.0,7.5,28.73
8462.23.00,84,8462,Numerically controlled press brakes,,1.0,0.0,0.0,15.0,5.0,7.5,28.73
8462.24.00,84,8462,Numerically controlled panel benders,,1.0,0.0,0.0,15.0,5.0,7.5,28.73
8462.25.00,84,8462,Numerically controlled roll forming machines,,1.0,0.0,0.0,15.0,5.0,7.5,28.73
8462.26.00,84,8462,"Other numerically controlled bending, folding, straightening or flattening machines",,1.0,0.0,0.0,15.0,5.0,7.5,28.73
8462.29.00,84,8462,"Bending, Folding, Straightening Or Flattening Machines (Incl. Presses)",,1.0,0.0,0.0,15.0,5.0,7.5,28.73
8462.32.00,84,8462,Slitting lines and cut-to-length lines,,1.0,0.0,0.0,15.0,5.0,7.5,28.73
8462.33.00,84,8462,Numerically controlled shearing machines,,1.0,0.0,0.0,15.0,5.0,7.5,28.73
8462.39.00,84,8462,"Shearing Machines (Incl. Presses), Nes",,1.0,0.0,0.0,15.0,5.0,7.5,28.73
8462.42.00,84,8462,Numerically controlled,,1.0,0.0,0.0,15.0,5.0,7.5,28.73
8462.49.00,84,8462,"Punching Or Notching Machines (Incl. Presses), Nes",,1.0,0.0,0.0,15.0,5.0,7.5,28.73
8462.51.00,84,8462,"Machines for working tube, pipe, hollow section and bar...Numerically controlled",,1.0,0.0,0.0,15.0,5.0,7.5,28.73
8462.59.00,84,8462,"Machines for working tube, pipe, hollow section Excluding Numerically controlled",,1.0,0.0,0.0,15.0,5.0,7.5,28.73
8462.61.00,84,8462,Cold metal working presses : Hydraulic presses,,0.0,0.0,0.0,15.0,5.0,7.5,27.5
8462.62.00,84,8462,Cold metal working presses :Mechanical presses,,1.0,0.0,0.0,15.0,5.0,7.5,28.73
8462.63.00,84,8462,Cold metal working presses : Servo-presses,,1.0,0.0,0.0,15.0,5.0,7.5,28.73
8462.69.00,84,8462,"Cold metal working presses :, NES",,1.0,0.0,0.0,15.0,5.0,7.5,28.73
8462.90.00,84,8462,Machine-tools (Including presses) for working metal by... not specified above NES,,1.0,0.0,0.0,15.0,5.0,7.5,28.73
8463.10.00,84,8463,"Draw-Benches For Bars, Tubes, Profiles Or The Like",,1.0,0.0,0.0,15.0,5.0,7.5,28.73
8463.20.00,84,8463,"Thread Rolling Machines For Working Metal, Without Removing Material",,1.0,0.0,0.0,15.0,5.0,7.5,28.73
8463.30.00,84,8463,"Machines For Working Wire, Without Removing Material",,1.0,0.0,0.0,15.0,5.0,7.5,28.73
8463.90.00,84,8463,"Other Machine-Tools For Working Metal, Without Removing Material, Nes",,1.0,0.0,0.0,15.0,5.0,7.5,28.73
8464.10.00,84,8464,"Sawing Machines, For Workingstone, Ceramics, Concrete, Etc",,1.0,0.0,0.0,15.0,5.0,7.5,28.73
8464.20.00,84,8464,"Grinding Or Polishing Machines, For Working Stone, Ceramics, Etc",,1.0,0.0,0.0,15.0,5.0,7.5,28.73
8464.90.00,84,8464,"Machine-Tools For Working Stone, Ceramics, Concrete, Etc",,1.0,0.0,0.0,15.0,5.0,7.5,28.73
8465.10.00,84,8465,Machines Which Can Change Operation Without Changing Tools,,1.0,0.0,0.0,15.0,5.0,7.5,28.73
8465.20.00,84,8465,Machining centres,,1.0,0.0,0.0,15.0,5.0,7.5,28.73
8465.91.00,84,8465,"Sawing Machines For Working Wood, Cork, Bone, Hard Rubber, Etc",,1.0,0.0,0.0,15.0,5.0,7.5,28.73
8465.92.00,84,8465,"Planing, Milling Or Moulding Machines For Working Wood, Cork, Bone, Etc",,1.0,0.0,0.0,15.0,5.0,7.5,28.73
8465.93.00,84,8465,"Grinding, Sanding Or Polishing Machines For Working Wood, Cork, Etc",,1.0,0.0,0.0,15.0,5.0,7.5,28.73
8465.94.00,84,8465,"Bending Or Assembling Machines For Working Wood, Cork, Bone, Etc",,1.0,0.0,0.0,15.0,5.0,7.5,28.73
8465.95.00,84,8465,"Drilling Or Morticing Machines For Working Wood, Cork, Bone, Etc",,1.0,0.0,0.0,15.0,5.0,7.5,28.73
8465.96.00,84,8465,"Splitting, Slicing Or Paring Machines For Working Wood, Cork, Bone, Etc",,1.0,0.0,0.0,15.0,5.0,7.5,28.73
8465.99.00,84,8465,"Other Machine-Tools, Nes, For Working Wood, Cork, Bone, Hard Rubber, Etc",,1.0,0.0,0.0,15.0,5.0,7.5,28.73
8466.10.00,84,8466,Tool Holders And Self-Opening Dieheads,,1.0,0.0,0.0,15.0,5.0,7.5,28.73
8466.20.00,84,8466,Work Holders For Machine-Tools,,1.0,0.0,0.0,15.0,5.0,7.5,28.73
8466.30.00,84,8466,Dividing Heads And Other Special Attachments For Machine-Tools,,1.0,0.0,0.0,15.0,5.0,7.5,28.73
8466.91.00,84,8466,Parts And Accessories For Machines Of 84.64,,1.0,0.0,0.0,15.0,5.0,7.5,28.73
8466.92.00,84,8466,Parts And Accessories For Machines Of 84.65,,1.0,0.0,0.0,15.0,5.0,7.5,28.73
8466.93.00,84,8466,Parts And Accessories For Machines Of 84.56 To 84.61,,1.0,0.0,0.0,15.0,5.0,7.5,28.73
8466.94.00,84,8466,Parts And Accessories For Machines Of 84.62 To 84.63,,1.0,0.0,0.0,15.0,5.0,7.5,28.73
8467.11.00,84,8467,"Pneumatic Tools, Rotary Type, For Working In The Hand",,10.0,0.0,0.0,15.0,5.0,7.5,39.75
8467.19.00,84,8467,"Pneumatic Tools (Excl. Rotary Type), For Working In The Hand",,10.0,0.0,0.0,15.0,5.0,7.5,39.75
8467.21.00,84,8467,DRILLS OF ALL KINDS;WITH SELF CONTAINED ELECTRIC MOTOR,,1.0,0.0,0.0,15.0,5.0,7.5,28.73
8467.22.00,84,8467,SAWS; WITH SELF-CONTAINED ELECTRIC MOTOR,,1.0,0.0,0.0,15.0,5.0,7.5,28.73
8467.29.00,84,8467,TOOLS FOR WORKING IN THE HAND;EXCLUDING DRILLS AND SAWS,,1.0,0.0,0.0,15.0,2.0,7.5,25.73
8467.81.00,84,8467,Chain Saws With Non-Electric Motor,,10.0,0.0,0.0,15.0,5.0,7.5,39.75
8467.89.00,84,8467,"Tools for working in the hand, with non-electric motor, nes",,1.0,0.0,0.0,15.0,5.0,7.5,28.73
8467.91.00,84,8467,Parts Of Chain Saws,,1.0,0.0,0.0,15.0,5.0,7.5,28.73
8467.92.00,84,8467,Parts Of Pneumatic Tools,,10.0,0.0,0.0,15.0,5.0,7.5,39.75
8467.99.00,84,8467,"Parts Of Hand-Tools, With Non-Electric Motor, Nes",,1.0,0.0,0.0,15.0,5.0,7.5,28.73
8468.10.00,84,8468,"Hand-Held Blow Pipes For Soldering, Brazing Or Welding",,1.0,0.0,0.0,15.0,5.0,7.5,28.73
8468.20.00,84,8468,"Gas-Operated Machinery And Apparatus, For Soldering, Brazing...",,1.0,0.0,0.0,15.0,5.0,7.5,28.73
8468.80.00,84,8468,"Machinery And Apparatus For Soldering, Brazing Or Welding, Nes",,1.0,0.0,0.0,15.0,5.0,7.5,28.73
8468.90.00,84,8468,"Parts Of Soldering, Brazing Or Welding Machinery And Apparatus",,1.0,0.0,0.0,15.0,5.0,7.5,28.73
8470.10.00,84,8470,Electronic calculators capable of operation ... machines with calculating functions,,10.0,0.0,0.0,15.0,5.0,7.5,39.75
8470.21.00,84,8470,"Electronic Calculating Machines, Nes, With A Printing Device",,10.0,0.0,0.0,15.0,5.0,7.5,39.75
8470.29.00,84,8470,"Electronic Calculating Machines, Nes, Without A Printing Device",,10.0,0.0,0.0,15.0,5.0,7.5,39.75
8470.30.00,84,8470,Calculating Machines (Excl. Electronic),,10.0,0.0,0.0,15.0,5.0,7.5,39.75
8470.50.00,84,8470,Cash Registers,,10.0,0.0,0.0,15.0,5.0,7.5,39.75
8470.90.00,84,8470,"Postage-Franking Machines, Ticket-Issuing Machines, Etc",,10.0,0.0,0.0,15.0,5.0,7.5,39.75
8471.30.00,84,8471,"Portable Digital Adp Machines,Wt<=10 Kg,Comp.At Least Cpu,Keyboard&Display",,10.0,0.0,0.0,0.0,5.0,7.5,23.25
8471.41.00,84,8471,"Nonportable Adp Machines,Comprisng At Least Cpu & I/O Unit In Same Housing",,5.0,0.0,0.0,0.0,5.0,7.5,17.88
8471.49.00,84,8471,"Non-Portable Adp Machines, Nes, Presented In The Form Of Systems",,5.0,0.0,0.0,0.0,5.0,7.5,17.88
8471.50.00,84,8471,"Processing units other than those of subheading 8471.41 or 8471.49, whether or",,5.0,0.0,0.0,0.0,5.0,7.5,17.88
8471.60.10,84,8471,Adp Input/Output Units Whether/Not Containg. Storage Units In Same Housing,,5.0,0.0,0.0,15.0,5.0,7.5,33.63
8471.60.90,84,8471,Adp Input/Output Units Whether/Not Containg. Storage Units In Same Housing,,5.0,0.0,0.0,0.0,5.0,7.5,17.88
8471.70.00,84,8471,Automatic Data Processing Machine Storage Units,,5.0,0.0,0.0,0.0,5.0,7.5,17.88
8471.80.00,84,8471,Other Units Of Automatic Data Processing Machines Nes,,5.0,0.0,0.0,0.0,5.0,7.5,17.88
8471.90.00,84,8471,Magnetic or optical readers; machines for transcribing data onto data media...nes,,5.0,0.0,0.0,0.0,5.0,7.5,17.88
8472.10.00,84,8472,Hectograph Or Stencil Duplicating Machines,,10.0,0.0,0.0,15.0,5.0,7.5,39.75
8472.30.00,84,8472,Machines For Dealing With Mail,,10.0,0.0,0.0,15.0,5.0,7.5,39.75
8472.90.10,84,8472,"Office machines (incl. coin-sorting/counting/wrapping machines...) , nes",,5.0,0.0,0.0,15.0,5.0,7.5,33.63
8472.90.90,84,8472,"Office machines (incl. coin-sorting/counting/wrapping machines...) , nes",,10.0,0.0,0.0,15.0,5.0,7.5,39.75
8473.21.00,84,8473,"Parts & Accessor. Of The Electronic Calculating Of 8470.10,8470.21,8470.29",,10.0,0.0,0.0,15.0,5.0,7.5,39.75
8473.29.00,84,8473,Parts And Accessories Of Machines Of 8470.30 To 8470.90,,10.0,0.0,0.0,15.0,5.0,7.5,39.75
8473.30.00,84,8473,Parts And Accessories Of The Machines Of 84.71,,5.0,0.0,0.0,0.0,2.0,7.5,14.88
8473.40.00,84,8473,Parts And Accessories Of The Machines Of 84.72,,10.0,0.0,0.0,15.0,5.0,7.5,39.75
8473.50.00,84,8473,Parts/acss equally suitable for use with the mach of >2= of hdgs 84.70 to 84.72,,10.0,0.0,0.0,15.0,5.0,7.5,39.75
8474.10.00,84,8474,"Sorting, Screening, Separating Or Washing Machines For Earth, Stone...",,1.0,0.0,0.0,15.0,5.0,7.5,28.73
8474.20.00,84,8474,"Crushing Or Grinding Machines For Earth, Stone, Ores, Etc",,0.0,0.0,0.0,15.0,5.0,7.5,27.5
8474.31.00,84,8474,Concrete Or Mortar Mixers,,1.0,0.0,0.0,15.0,5.0,7.5,28.73
8474.32.00,84,8474,Machines For Mixing Mineral Substances With Bitumen,,1.0,0.0,0.0,15.0,5.0,7.5,28.73
8474.39.00,84,8474,"Mixing Or Kneading Machines For Earth, Stone, Ores, Etc",,1.0,0.0,0.0,15.0,5.0,7.5,28.73
8474.80.00,84,8474,"Other Machinery For Earth, Stone, Ores, Etc, Nes",,1.0,0.0,0.0,15.0,5.0,7.5,28.73
8474.90.00,84,8474,Parts Of Machinery Of 84.74,,1.0,0.0,0.0,15.0,5.0,7.5,28.73
8475.10.00,84,8475,"Machines For Assembling Electric Lamps, Tubes... In Glass Envelopes",,1.0,0.0,0.0,15.0,5.0,7.5,28.73
8475.21.00,84,8475,Machines For Making Optical Fibres And Preforms Thereof,,1.0,0.0,0.0,15.0,5.0,7.5,28.73
8475.29.00,84,8475,Machines For Manufacturing/Hot Working Glass/Glassware(Exc.Optical Fibres),,1.0,0.0,0.0,15.0,5.0,7.5,28.73
8475.90.00,84,8475,Parts Of Machines Of 84.75,,1.0,0.0,0.0,15.0,5.0,7.5,28.73
8476.21.00,84,8476,"Automatic Beverage-Vending Machines, With Heating Or Refrigerating Devices",,10.0,0.0,0.0,15.0,5.0,7.5,39.75
8476.29.00,84,8476,"Automatic Beverage-Vending Machines,Without Heating/Refrigerating Devices",,10.0,0.0,0.0,15.0,5.0,7.5,39.75
8476.81.00,84,8476,Automatic Vending Machines Wth Heatng/Refrigertng Devices(Exc.Bev.Machines,,10.0,0.0,0.0,15.0,5.0,7.5,39.75
8476.89.00,84,8476,"Automatic Vending Machines Without Heating/Refrigerating Devices,Nes",,10.0,0.0,0.0,15.0,5.0,7.5,39.75
8476.90.00,84,8476,Parts For Automatic Goods-Vending Machines,,10.0,0.0,0.0,15.0,5.0,7.5,39.75
8477.10.00,84,8477,"Injection-Moulding Machines For Working Rubber Or Plastics, Etc",,1.0,0.0,0.0,15.0,5.0,7.5,28.73
8477.20.00,84,8477,Extruders For Working Rubber Or Plastics And Making Products Thereof,,1.0,0.0,0.0,15.0,5.0,7.5,28.73
8477.30.00,84,8477,"Blow Moulding Machines For Working Rubber Or Plastics, Etc",,1.0,0.0,0.0,15.0,5.0,7.5,28.73
8477.40.00,84,8477,Vacuum Moulding Machines And Other Thermoforming Machines For Rubber...,,1.0,0.0,0.0,15.0,5.0,7.5,28.73
8477.51.00,84,8477,Machinery For Moulding Or Retreading Pneumatic Tyres...,,1.0,0.0,0.0,15.0,5.0,7.5,28.73
8477.59.00,84,8477,"Machinery For Moulding Or Forming Rubber Or Plastics, Etc, Nes",,1.0,0.0,0.0,15.0,5.0,7.5,28.73
8477.80.00,84,8477,"Other Machinery For Working Rubber/Plastics Or Making Products Thereof,Nes",,1.0,0.0,0.0,15.0,5.0,7.5,28.73
8477.90.00,84,8477,"Parts Of Machinery For Working Rubber Or Plastics, Etc",,1.0,0.0,0.0,15.0,5.0,7.5,28.73
8478.10.00,84,8478,"Machinery For Preparing Or Making Up Tobacco, Nes",,10.0,0.0,0.0,15.0,5.0,7.5,39.75
8478.90.00,84,8478,Parts Of Machinery Preparing Or Making Up Tobacco,,10.0,0.0,0.0,15.0,5.0,7.5,39.75
8479.10.00,84,8479,"Machinery For Public Works, Building..., Having Individual Functions",,1.0,0.0,0.0,15.0,5.0,7.5,28.73
8479.20.00,84,8479,Machinery For The Extraction/Preparation Of Animal/Vegetable Fats Or Oil,,1.0,0.0,0.0,15.0,5.0,7.5,28.73
8479.30.00,84,8479,"Machinery For Treating Wood Or Cork, Having Individual Functions",,1.0,0.0,0.0,15.0,5.0,7.5,28.73
8479.40.00,84,8479,Rope Or Cable-Making Machines,,1.0,0.0,0.0,15.0,5.0,7.5,28.73
8479.50.00,84,8479,"Industrial Robots, Nes",,1.0,0.0,0.0,15.0,5.0,7.5,28.73
8479.60.00,84,8479,Evaporative Air Coolers,,25.0,3.0,0.0,15.0,5.0,7.5,61.8
8479.71.00,84,8479,Passenger boarding bridges of a kind used in airports,,1.0,0.0,0.0,15.0,5.0,7.5,28.73
8479.79.00,84,8479,Other Passenger boarding bridges:,,1.0,0.0,0.0,15.0,5.0,7.5,28.73
8479.81.00,84,8479,"Machines For Treatng Metal,Inc.Elec.Wire Coilwinders,Individual Functions",,0.0,0.0,0.0,15.0,5.0,7.5,27.5
8479.82.00,84,8479,"Machines For Mixing,Kneading,Crushing,Grinding,Having Individual Functions",,1.0,0.0,0.0,15.0,5.0,7.5,28.73
8479.83.00,84,8479,Cold isostatic presses,,1.0,0.0,0.0,15.0,5.0,7.5,28.73
8479.89.00,84,8479,"Machines, having individual functions, nes",,1.0,0.0,0.0,15.0,5.0,7.5,28.73
8479.90.00,84,8479,Parts Of Machines Having Individual Functions Of Hs Heading 8479,,1.0,0.0,0.0,15.0,5.0,7.5,28.73
8480.10.00,84,8480,Moulding Boxes For Metal Foundry,,1.0,0.0,0.0,15.0,5.0,7.5,28.73
8480.20.00,84,8480,Mould Bases,,1.0,0.0,0.0,15.0,5.0,7.5,28.73
8480.30.00,84,8480,Moulding Patterns,,1.0,0.0,0.0,15.0,5.0,7.5,28.73
8480.41.00,84,8480,Injection Or Compression Type Moulds For Metal Or Metal Carbides,,1.0,0.0,0.0,15.0,5.0,7.5,28.73
8480.49.00,84,8480,Moulds For Metal Or Metal Carbides (Excl. Injection Or Compression),,1.0,0.0,0.0,15.0,5.0,7.5,28.73
8480.50.00,84,8480,Moulds For Glass,,1.0,0.0,0.0,15.0,5.0,7.5,28.73
8480.60.00,84,8480,Moulds For Mineral Materials,,1.0,0.0,0.0,15.0,5.0,7.5,28.73
8480.71.00,84,8480,Injection Or Compression Type Moulds For Rubber Or Plastics,,1.0,0.0,0.0,15.0,5.0,7.5,28.73
8480.79.00,84,8480,Moulds For Rubber Or Plastics (Excl. Injection Of Compression),,1.0,0.0,0.0,15.0,5.0,7.5,28.73
8481.10.11,84,8481,"Pressure-reducing valves,... not exceeding 1 inch Pressure regulator/valve for LPG",,5.0,0.0,0.0,15.0,5.0,7.5,33.63
8481.10.19,84,8481,"Pressure-reducing valves,... not exceed 1 inch, Excl. Press. regulator/valve for LPG",,25.0,3.0,0.0,15.0,5.0,7.5,61.8
8481.10.90,84,8481,Exclu. Inner Diameter not exceeding 1 inch,,1.0,0.0,0.0,15.0,5.0,7.5,28.73
8481.20.10,84,8481,"Valves for oleohydraulic or pneumatic transmission, inner diameter not exceeding 1 inch",,25.0,3.0,0.0,15.0,5.0,7.5,61.8
8481.20.90,84,8481,"Valves for oleohydraulic or pneumatic transmissions,Excl.Inner diameter not excee. 1 inc",,1.0,0.0,0.0,15.0,5.0,7.5,28.73
8481.30.11,84,8481,For LPG filling plant,,10.0,0.0,0.0,15.0,5.0,7.5,39.75
8481.30.19,84,8481,"Check (nonreturn) valves, inner diameter <= 1 inch.",,25.0,3.0,0.0,15.0,5.0,7.5,61.8
8481.30.90,84,8481,"Check (nonreturn) valves, Excl. Inner Diameter <= 1 inch.",,1.0,0.0,0.0,15.0,5.0,7.5,28.73
8481.40.11,84,8481,"Safety or relief valves, Inner diameter <= 1 inch., Safety or relief valve for LPG",,5.0,0.0,0.0,15.0,5.0,7.5,33.63
8481.40.19,84,8481,"Safety or relief valves, Inner dia. <= 1 inch., Excl. Safety or relief valve for LPG",,25.0,3.0,0.0,15.0,5.0,7.5,61.8
8481.40.90,84,8481,"Safety or relief valves, Excl. diameter <= 1 Inch",,1.0,0.0,0.0,0.0,5.0,7.5,13.58
8481.80.10,84,8481,Inner-Tube Valves For motorized or non-motorized vehicles,,5.0,0.0,0.0,15.0,5.0,7.5,33.63
8481.80.21,84,8481,Hand diaphragm valve,,10.0,0.0,0.0,15.0,5.0,7.5,39.75
8481.80.29,84,8481,Hand diaphragm valve,,25.0,3.0,0.0,15.0,5.0,7.5,61.8
8481.80.90,84,8481,"Inner Diameter <1 inch,nes",,10.0,0.0,0.0,15.0,5.0,7.5,39.75
8481.90.10,84,8481,Parts of taps and cocks,,25.0,3.0,0.0,15.0,5.0,7.5,61.8
8481.90.90,84,8481,"Parts of taps and cocks, NES",,1.0,0.0,0.0,15.0,5.0,7.5,28.73
8482.10.00,84,8482,Ball Bearings,,10.0,0.0,0.0,15.0,5.0,7.5,39.75
8482.20.00,84,8482,"Tapered Roller Bearings, Including Cone And Tapered Roller Assemblies",,10.0,0.0,0.0,15.0,5.0,7.5,39.75
8482.30.00,84,8482,Spherical Roller Bearings,,10.0,0.0,0.0,15.0,5.0,7.5,39.75
8482.40.00,84,8482,Needle Roller Bearings,,10.0,0.0,0.0,15.0,5.0,7.5,39.75
8482.50.00,84,8482,Other Cylindrical Roller Bearings (Excl. Needle),,10.0,0.0,0.0,15.0,5.0,7.5,39.75
8482.80.00,84,8482,"Ball Or Roller Bearings (Incl. Combined Ball/Roller Bearings), Nes",,25.0,3.0,0.0,15.0,5.0,7.5,61.8
8482.91.00,84,8482,"Balls, Needles And Rollers",,5.0,0.0,0.0,15.0,5.0,7.5,33.63
8482.99.00,84,8482,"Parts Of Ball Or Roller Bearings (Excl. Balls, Needles And Rollers)",,5.0,0.0,0.0,15.0,5.0,7.5,33.63
8483.10.00,84,8483,Transmission shafts (incl. cam and crank shafts) and cranks,,10.0,0.0,0.0,15.0,5.0,7.5,39.75
8483.20.00,84,8483,"Bearing housings, incorporating ball or roller bearings",,1.0,0.0,0.0,15.0,5.0,7.5,28.73
8483.30.00,84,8483,"Bearing Housings, Nes; Plain Shaft Bearings",,1.0,0.0,0.0,15.0,5.0,7.5,28.73
8483.40.00,84,8483,Gears and gearing; ball or roller screws; gear boxes and other speed changers...,,1.0,0.0,0.0,15.0,5.0,7.5,28.73
8483.50.00,84,8483,Flywheels And Pulleys (Incl. Pulley Blocks),,1.0,0.0,0.0,15.0,5.0,7.5,28.73
8483.60.00,84,8483,Clutches And Shaft Couplings (Incl. Universal Joints),,1.0,0.0,0.0,15.0,5.0,7.5,28.73
8483.90.00,84,8483,"Parts Of Transmission Shafts, Cranks, Bearing Housings, Gears, Etc",,1.0,0.0,0.0,15.0,5.0,7.5,28.73
8484.10.00,84,8484,Gaskets... Of Metal Combined With Other Materials Or >1 Metal Layer,,1.0,0.0,0.0,15.0,5.0,7.5,28.73
8484.20.00,84,8484,Mechanical Seals,,1.0,0.0,0.0,15.0,5.0,7.5,28.73
8484.90.00,84,8484,Sets Or Assortments Of Gaskets And Similar Joints,,1.0,0.0,0.0,15.0,5.0,7.5,28.73
8485.10.00,84,8485,"Machines for additive manufacturing, By metal deposit",,1.0,0.0,0.0,15.0,5.0,7.5,28.73
8485.20.00,84,8485,"Machines for additive manufacturing.,By plastics or rubber deposit",,1.0,0.0,0.0,15.0,5.0,7.5,28.73
8485.30.00,84,8485,"Machines for additive manufacturing By plaster, cement, ceramics or glass deposit",,1.0,0.0,0.0,15.0,5.0,7.5,28.73
8485.80.00,84,8485,"Machines for additive manufacturing, NES",,1.0,0.0,0.0,15.0,5.0,7.5,28.73
8485.90.00,84,8485,Machines for additive manufacturing. Parts,,1.0,0.0,0.0,15.0,5.0,7.5,28.73
8486.10.00,84,8486,Machines and apparatus for the manufacture of boules or wafers,,1.0,0.0,0.0,15.0,5.0,7.5,28.73
8486.20.00,84,8486,Machines & apparatus for the mfg.of semiconductor dev. or of electronic integr,,1.0,0.0,0.0,15.0,5.0,7.5,28.73
8486.30.00,84,8486,Machines and apparatus for the manufacture of flat panel displays,,1.0,0.0,0.0,15.0,5.0,7.5,28.73
8486.40.00,84,8486,Machines and apparatus specified in Note 9 (C) to this Chapter,,5.0,0.0,0.0,15.0,5.0,7.5,33.63
8486.90.00,84,8486,Parts and accessories,,1.0,0.0,0.0,15.0,5.0,7.5,28.73
8487.10.00,84,8487,Ships' or boats' propellers and blades therefore,,10.0,0.0,0.0,15.0,5.0,7.5,39.75
8487.90.00,84,8487,Machinery Parts other than ships' or boats' propellers and blades therefore,,10.0,0.0,0.0,15.0,5.0,7.5,39.75
8501.10.10,85,8501,Fan motor fitted with revolving mechanism,,15.0,0.0,0.0,15.0,5.0,7.5,45.88
8501.10.90,85,8501,Motors Of An Output =<37.5 W,,15.0,0.0,0.0,15.0,5.0,7.5,45.88
8501.20.10,85,8501,Fan motor fitted with revolving mechanism,,10.0,0.0,0.0,15.0,5.0,7.5,39.75
8501.20.91,85,8501,Motors of an output not exceeding 37.5 W but not exceeding 750 W,,15.0,0.0,0.0,15.0,5.0,7.5,45.88
8501.20.99,85,8501,Excluding Motors of an output not exceeding 37.5 W but not exceeding 750 W,,10.0,0.0,0.0,15.0,5.0,7.5,39.75
8501.31.00,85,8501,"Oth DC motors; DC generators, other than photovoltaic genera <=1200 W",,15.0,0.0,0.0,15.0,5.0,7.5,45.88
8501.34.00,85,8501,"Oth DC motors; DC generators, other than photovoltaic generators >375 kW",,1.0,0.0,0.0,15.0,5.0,7.5,28.73
8501.40.10,85,8501,"Ac motors, single-phase.. Of an output not exceeding 750 W",,15.0,0.0,0.0,15.0,5.0,7.5,45.88
8501.40.20,85,8501,"Ac motors, single-phase...Of an output exceeding 750 W but not exceeding 75 KW",,1.0,0.0,0.0,15.0,5.0,7.5,28.73
8501.40.90,85,8501,"Ac motors, single-phase...Excl. Of an output not exceeding 750 W",,1.0,0.0,0.0,15.0,5.0,7.5,28.73
8501.51.00,85,8501,"Ac Motors, Multi-Phase, Of An Output =<750 W",,15.0,0.0,0.0,15.0,5.0,7.5,45.88
8501.52.00,85,8501,"Ac motors, multi-phase, of an output >750 W-<=75 kW",,1.0,0.0,0.0,15.0,5.0,7.5,28.73
8501.53.00,85,8501,"Ac Motors, Multi-Phase, Of An Output >75 Kw",,1.0,0.0,0.0,15.0,5.0,7.5,28.73
8501.61.00,85,8501,"AC generators (alternators), other than photovoltaic generators :<=75 Kva",,1.0,0.0,0.0,15.0,5.0,7.5,28.73
8501.62.00,85,8501,"AC generators (alternators), other than photovoltaic generators=>75 Kva But <=375 Kva",,1.0,0.0,0.0,15.0,5.0,7.5,28.73
8501.63.00,85,8501,"AC generators (alternators), other than photovoltaic generato >=375 Kva But <=750 Kva",,1.0,0.0,0.0,15.0,5.0,7.5,28.73
8501.64.00,85,8501,"AC generators (alternators), other than photovoltaic generato >750 Kva",,1.0,0.0,0.0,15.0,5.0,7.5,28.73
8501.71.00,85,8501,Photovoltaic DC generators : Of an output not exceeding 50 W,,1.0,0.0,0.0,15.0,5.0,7.5,28.73
8501.72.10,85,8501,Photovoltaic DC generators : Of an output exceeding 50 W :,,1.0,0.0,0.0,15.0,5.0,7.5,28.73
8501.72.20,85,8501,Photovoltaic DC generators :Of an output exceeding 750 W not exceeding 75 kW,,1.0,0.0,0.0,15.0,5.0,7.5,28.73
8501.72.30,85,8501,Photovoltaic DC generators : Of an output exceeding 75 kW not exceeding 375 kW,,1.0,0.0,0.0,15.0,5.0,7.5,28.73
8501.72.40,85,8501,Photovoltaic DC generators : Of an output exceeding 50 W :,,1.0,0.0,0.0,15.0,5.0,7.5,28.73
8501.80.10,85,8501,Photovoltaic AC generators,,1.0,0.0,0.0,15.0,5.0,7.5,28.73
8501.80.20,85,8501,Photovoltaic AC generators : Of an output exceeding 75 kVA but not exceeding 375 kVA,,1.0,0.0,0.0,15.0,5.0,7.5,28.73
8501.80.30,85,8501,Photovoltaic AC generators :Of an output exceeding 375 kVA but not exceeding 750 kVA,,1.0,0.0,0.0,15.0,5.0,7.5,28.73
8501.80.90,85,8501,Photovoltaic AC generators,,1.0,0.0,0.0,15.0,5.0,7.5,28.73
8502.11.00,85,8502,"Generating Sets With Compression-Ignition Engines, =<75 Kva",,1.0,0.0,0.0,15.0,5.0,7.5,28.73
8502.12.00,85,8502,"Generating Sets With Compression-Ignition Engines, >75 Kva But <=375 Kva",,1.0,0.0,0.0,15.0,5.0,7.5,28.73
8502.13.00,85,8502,"Generating Sets With Compression-Ignition Engines, >375 Kva",,1.0,0.0,0.0,15.0,5.0,7.5,28.73
8502.20.00,85,8502,Generating sets with spark-ignition internal combustion piston engines,,1.0,0.0,0.0,15.0,5.0,7.5,28.73
8502.31.00,85,8502,Wind-Powered Generating Sets,,1.0,0.0,0.0,15.0,5.0,7.5,28.73
8502.39.00,85,8502,"Generating sets (excl. wind-powered), nes",,1.0,0.0,0.0,15.0,5.0,7.5,28.73
8502.40.00,85,8502,Electric Rotary Converters,,1.0,0.0,0.0,15.0,5.0,7.5,28.73
8503.00.10,85,8503,Parts Of Photovoltic Generators Of Heading No 85.01 Or 85.02,,1.0,0.0,0.0,15.0,5.0,7.5,28.73
8503.00.20,85,8503,PARTS OF OTHER GENERATOR,,1.0,0.0,0.0,15.0,5.0,7.5,28.73
8503.00.30,85,8503,Rotor/Motor bush/Casing for electric motors,,1.0,0.0,0.0,15.0,5.0,7.5,28.73
8503.00.91,85,8503,Stator with winding wire,,15.0,0.0,0.0,15.0,5.0,7.5,45.88
8503.00.92,85,8503,STATOR WITHOUT WINDING WIRE,,15.0,0.0,0.0,15.0,5.0,7.5,45.88
8503.00.99,85,8503,Stator other than with/without winding wire,,1.0,0.0,0.0,15.0,5.0,7.5,28.73
8504.10.00,85,8504,Ballasts For Discharge Lamps Or Tubes,,25.0,3.0,0.0,15.0,5.0,7.5,61.8
8504.21.00,85,8504,"Liquid Dielectric Transformers, Power Handling Capacity =<650 Kva",,25.0,3.0,0.0,15.0,5.0,7.5,61.8
8504.22.10,85,8504,Having a power handling capacity exceeding 650kVA but exceeding 1000kVA,,25.0,3.0,0.0,15.0,5.0,7.5,61.8
8504.22.90,85,8504,Having a power handling capacity exceeding 1000kVA but not exceeding 10000kVA,,10.0,0.0,0.0,15.0,5.0,7.5,39.75
8504.23.10,85,8504,"Liquid Dielectric Transformers, Power Handling Capacity >10000 Kva",,1.0,0.0,0.0,15.0,5.0,7.5,28.73
8504.23.90,85,8504,"Liquid Dielectric Transformers, Power Handling Capacity >10000 Kva",,10.0,0.0,0.0,15.0,5.0,7.5,39.75
8504.31.00,85,8504,"Transformers, Nes, Power Handling Capacity =<1 Kva",,10.0,0.0,0.0,15.0,5.0,7.5,39.75
8504.32.00,85,8504,"Transformers, Nes, Power Handling Capacity =>1 Kva But <=16 Kva",,25.0,3.0,20.0,15.0,5.0,7.5,93.16
8504.33.00,85,8504,"Transformers, Nes, Power Handling Capacity 16-500 Kva",,25.0,3.0,20.0,15.0,5.0,7.5,93.16
8504.34.00,85,8504,"Transformers, Nes, Power Handling Capacity >500 Kva",,25.0,3.0,0.0,15.0,5.0,7.5,61.8
8504.40.10,85,8504,Mobile battery charger(less than 6V),,25.0,3.0,0.0,15.0,5.0,7.5,61.8
8504.40.20,85,8504,UPS/IPS (Capacity upto 2000 VA),,15.0,0.0,0.0,15.0,5.0,7.5,45.88
8504.40.30,85,8504,"Voltage stabilizer (capacity upto 2,000 VA)",,15.0,0.0,0.0,15.0,5.0,7.5,45.88
8504.40.40,85,8504,Solar Inverter,,1.0,0.0,0.0,15.0,5.0,7.5,28.73
8504.40.90,85,8504,Other Static converters,,10.0,0.0,0.0,15.0,5.0,7.5,39.75
8504.50.00,85,8504,"Inductors, Nes",,1.0,0.0,0.0,15.0,5.0,7.5,28.73
8504.90.10,85,8504,"Electrical transformers, static converters .. Tap Changer",,5.0,0.0,0.0,15.0,5.0,7.5,33.63
8504.90.20,85,8504,Formed core,,25.0,3.0,0.0,15.0,5.0,7.5,61.8
8504.90.30,85,8504,"Electrical transformers, static converters .. Parts, Parts of static converter",,10.0,0.0,0.0,15.0,5.0,7.5,39.75
8504.90.90,85,8504,"Parts Of Transformers, Inductors And Static Converters, Nes",,25.0,3.0,0.0,15.0,5.0,7.5,61.8
8505.11.00,85,8505,Permanent Magnets And Articles Becoming Permanent Magnets Of Metal,,1.0,0.0,0.0,15.0,5.0,7.5,28.73
8505.19.00,85,8505,Permanent Magnets And Articles Becoming Permanent Magnets (Excl. Metal),,1.0,0.0,0.0,15.0,5.0,7.5,28.73
8505.20.00,85,8505,"Electro-Magnetic Couplings, Clutches And Brakes",,1.0,0.0,0.0,15.0,5.0,7.5,28.73
8505.90.00,85,8505,"Other Electro-Magnetic Or Permanent Magnet Chucks,Etc;Incl.Parts Of Magnet",,1.0,0.0,0.0,15.0,5.0,7.5,28.73
8506.10.00,85,8506,"Primary cells & primary Battery of Manganese dioxide, TV",,25.0,3.0,20.0,15.0,5.0,7.5,93.16
8506.30.00,85,8506,Primary Cells And Primary Batteries Of Mercuric Oxide,,25.0,3.0,20.0,15.0,5.0,7.5,93.16
8506.40.00,85,8506,Primary Cells And Primary Batteries Of Silver Oxide,,25.0,3.0,20.0,15.0,5.0,7.5,93.16
8506.50.00,85,8506,Primary Cells And Primary Batteries Of Lithium,,25.0,3.0,20.0,15.0,5.0,7.5,93.16
8506.60.10,85,8506,Primary Cells And Primary Batteries Of Air-Zinc,,5.0,3.0,20.0,15.0,5.0,7.5,63.76
8506.60.90,85,8506,Primary Cells And Primary Batteries Of Air-Zinc EXCL. Hearing Aid,,25.0,3.0,20.0,15.0,5.0,7.5,93.16
8506.80.00,85,8506,"Primary Cells And Primary Batteries, Nes",,25.0,3.0,20.0,15.0,5.0,7.5,93.16
8506.90.10,85,8506,Separator (Parts Of Primary Cells And Primary Batteries),,10.0,0.0,0.0,15.0,5.0,7.5,39.75
8506.90.90,85,8506,"Parts Of Primary Cells And Primary Batteries,Excl.Separator, Nes",,10.0,0.0,0.0,15.0,5.0,7.5,39.75
8507.10.00,85,8507,Lead-Acid Accumulators For Starting Piston Engines,,25.0,3.0,20.0,15.0,5.0,7.5,93.16
8507.20.10,85,8507,Sealed (capacity 85 amp or less),,25.0,3.0,0.0,15.0,5.0,7.5,61.8
8507.20.90,85,8507,Other Lead Acid Accumulators,,25.0,3.0,20.0,15.0,5.0,7.5,93.16
8507.30.00,85,8507,"Nickel-Cadmium Accumulators, Separators.",,25.0,3.0,0.0,15.0,5.0,7.5,61.8
8507.50.00,85,8507,Nickel-metal hydride,,25.0,3.0,0.0,15.0,5.0,7.5,61.8
8507.60.00,85,8507,Lithium-ion,,25.0,3.0,0.0,15.0,5.0,7.5,61.8
8507.80.10,85,8507,"Electric Accumulators,Seperators(Excl.Lead-Acid,Nickel-Cadmium/Nickel-Iron",,10.0,0.0,0.0,15.0,5.0,7.5,39.75
8507.80.90,85,8507,"Electric Accumulators,Seperators(Excl.Lead-Acid,Nickel-Cadmium/Nickel-Iron",,25.0,3.0,0.0,15.0,5.0,7.5,61.8
8507.90.10,85,8507,Separators,,25.0,3.0,20.0,15.0,5.0,7.5,93.16
8507.90.90,85,8507,"Parts Of Electric Accumulators, Nes",,10.0,0.0,0.0,15.0,5.0,7.5,39.75
8508.11.00,85,8508,"Vacuum Cleaners of a power not >1,500 W and a dust bag or oth recept. Cap. Not",,25.0,3.0,0.0,15.0,5.0,7.5,61.8
8508.19.00,85,8508,"Vacuum Cleaners of a power >1,500 W and a dust bag or oth recept. Cap. > 20 l",,25.0,3.0,0.0,15.0,5.0,7.5,61.8
8508.60.10,85,8508,"Other vacuum cleaners, Industrial type",,5.0,0.0,0.0,15.0,5.0,7.5,33.63
8508.60.90,85,8508,"Other vacuum cleaners, Excluding Industrial type",,25.0,3.0,0.0,15.0,5.0,7.5,61.8
8508.70.00,85,8508,Parts,,25.0,3.0,0.0,15.0,5.0,7.5,61.8
8509.40.00,85,8509,Electro-Mechanical Domestic Food Grinders/Mixers/Juice Extractors,,25.0,3.0,20.0,15.0,5.0,7.5,93.16
8509.80.00,85,8509,"Electro-Mechanical Domestic Appliances, Nes, With Electric Motor",,25.0,3.0,0.0,15.0,5.0,7.5,61.8
8509.90.00,85,8509,Parts Of Electro-Mechanical Domestic Appliances,,10.0,0.0,0.0,15.0,5.0,7.5,39.75
8510.10.00,85,8510,Shavers With Self-Contained Electric Motor,,25.0,3.0,20.0,15.0,5.0,7.5,93.16
8510.20.00,85,8510,Hair Clippers With Self-Contained Electric Motor,,25.0,3.0,20.0,15.0,5.0,7.5,93.16
8510.30.00,85,8510,"Hairremoving Appliances Wth Selfcontained Elec.Motor,(Exc.Shavers/Clippers",,25.0,3.0,20.0,15.0,5.0,7.5,93.16
8510.90.00,85,8510,Parts Of Shavers And Hair Clippers Etc With Self-Contained Electric Motor,,10.0,0.0,0.0,15.0,5.0,7.5,39.75
8511.10.10,85,8511,Sparking Plugs,,1.0,0.0,0.0,15.0,5.0,7.5,28.73
8511.10.90,85,8511,Sparking Plugs,,10.0,0.0,0.0,15.0,5.0,7.5,39.75
8511.20.00,85,8511,Ignition magnetos; magneto-dynamos; magnetic flywheels,,10.0,0.0,0.0,15.0,5.0,7.5,39.75
8511.30.00,85,8511,Distributors; Ignition Coils,,10.0,0.0,0.0,15.0,5.0,7.5,39.75
8511.40.00,85,8511,Starter motors and dual purpose starter-generators,,10.0,0.0,0.0,15.0,5.0,7.5,39.75
8511.50.00,85,8511,"Generators, Nes, For Internal Combustion Engines",,10.0,0.0,0.0,15.0,5.0,7.5,39.75
8511.80.00,85,8511,"Ignition/Starting Equipment, Nes, For Internal Combustion Engines",,10.0,0.0,0.0,15.0,5.0,7.5,39.75
8511.90.00,85,8511,Parts Of Electrical Ignition/Starting Equipment Of 85.11,,10.0,0.0,0.0,15.0,5.0,7.5,39.75
8512.10.00,85,8512,Lighting Or Visual Signalling Equipment For Bicycles,,10.0,0.0,0.0,15.0,5.0,7.5,39.75
8512.20.00,85,8512,Lighting Or Visual Signalling Equipment For Motor Vehicles,,10.0,0.0,0.0,15.0,5.0,7.5,39.75
8512.30.00,85,8512,Sound Signalling Equipment For Cycles Or Motor Vehicles,,10.0,0.0,0.0,15.0,5.0,7.5,39.75
8512.40.00,85,8512,"Windscreen Wipers, Defrosters And Demisters For Motor Vehicles",,10.0,0.0,0.0,15.0,5.0,7.5,39.75
8512.90.00,85,8512,"Parts Of Vehicle Lighting/Signalling, Etc, Equipment Of 85.12",,10.0,0.0,0.0,15.0,5.0,7.5,39.75
8513.10.10,85,8513,Solar powered lantern/lamps having no provision for electrical power,,0.0,0.0,0.0,15.0,5.0,7.5,27.5
8513.10.90,85,8513,"Lamps, NES",,25.0,3.0,0.0,15.0,5.0,7.5,61.8
8513.90.10,85,8513,Parts of solar powered lantern/lamps having no provision for electrical power,,10.0,0.0,0.0,15.0,5.0,7.5,39.75
8513.90.90,85,8513,Parts of portable electric lamps of 85.13,,10.0,0.0,0.0,15.0,5.0,7.5,39.75
8514.11.00,85,8514,Resistance heated furnaces and ovens : Hot isostatic presses,,1.0,0.0,0.0,15.0,5.0,7.5,28.73
8514.19.00,85,8514,Resistance heated furnaces and ovens : Excluding Hot isostatic presses,,1.0,0.0,0.0,15.0,5.0,7.5,28.73
8514.20.00,85,8514,Induction Or Dielectric Industrial Or Laboratory Furnaces And Ovens,,1.0,0.0,0.0,15.0,5.0,7.5,28.73
8514.31.00,85,8514,Other furnaces and ovens : Electron beam furnaces,,1.0,0.0,0.0,15.0,5.0,7.5,28.73
8514.32.00,85,8514,Other furnaces and ovens : Plasma and vacuum arc furnaces,,1.0,0.0,0.0,15.0,5.0,7.5,28.73
8514.39.00,85,8514,"Other furnaces and ovens , NES",,1.0,0.0,0.0,15.0,5.0,7.5,28.73
8514.40.00,85,8514,Industrial Or Laboratory Inductionor Dielectric Heating Equipment,,1.0,0.0,0.0,15.0,5.0,7.5,28.73
8514.90.00,85,8514,"Parts Of Industrial Or Laboratory Furnaces And Ovens, Etc, Of 85.14",,1.0,0.0,0.0,15.0,5.0,7.5,28.73
8515.11.00,85,8515,Soldering Irons And Guns,,1.0,0.0,0.0,15.0,5.0,7.5,28.73
8515.19.00,85,8515,"Brazing Or Soldering Machines And Apparatus, Nes",,1.0,0.0,0.0,15.0,5.0,7.5,28.73
8515.21.00,85,8515,"Machines For Resistance Welding Of Metal, Fully Or Partly Automatic",,1.0,0.0,0.0,15.0,5.0,7.5,28.73
8515.29.00,85,8515,"Machines And Apparatus For Resistance Welding Of Metal, Not Automatic",,1.0,0.0,0.0,15.0,5.0,7.5,28.73
8515.31.00,85,8515,"Machines For Arc (Incl. Plasma Arc) Welding Of Metals, Automatic",,1.0,0.0,0.0,15.0,5.0,7.5,28.73
8515.39.00,85,8515,"Machines For Arc (Incl. Plasma Arc) Welding Of Metals, Not Automatic",,1.0,0.0,0.0,15.0,5.0,7.5,28.73
8515.80.00,85,8515,"Machines And Apparatus For Welding/Spraying Of Metals, Nes",,1.0,0.0,0.0,15.0,5.0,7.5,28.73
8515.90.00,85,8515,"Parts Of Soldering, Brazing, Welding, Etc, Machines/Apparatus Of 85.15",,1.0,0.0,0.0,15.0,5.0,7.5,28.73
8516.10.10,85,8516,Solar water heater with insulated storage tank,,10.0,0.0,0.0,15.0,5.0,7.5,39.75
8516.10.90,85,8516,Other than water heater with insulated storage tank,,25.0,3.0,0.0,15.0,5.0,7.5,61.8
8516.21.00,85,8516,Electric Storage Heating Radiators,,10.0,0.0,0.0,15.0,5.0,7.5,39.75
8516.29.00,85,8516,"Electric space heating and soil heating apparatus, nes",,10.0,0.0,0.0,15.0,5.0,7.5,39.75
8516.31.00,85,8516,Electro-Thermic Hair Dryers,,25.0,3.0,0.0,15.0,5.0,7.5,61.8
8516.32.00,85,8516,"Electro-Thermic Hair-Dressing Apparatus, Etc (Excl. Dryers)",,25.0,3.0,0.0,15.0,5.0,7.5,61.8
8516.33.00,85,8516,Electro-Thermic Hand-Drying Apparatus,,25.0,3.0,0.0,15.0,5.0,7.5,61.8
8516.40.10,85,8516,Industrial Steam Iron,,1.0,0.0,0.0,15.0,5.0,7.5,28.73
8516.40.90,85,8516,"Other Electrical Smoothing Irons,Nes",,25.0,3.0,0.0,15.0,5.0,7.5,61.8
8516.50.00,85,8516,Microwave Ovens,,25.0,3.0,20.0,15.0,5.0,7.5,93.16
8516.60.00,85,8516,"Electric Ovens, Nes; Cookers, Cooking Plates, Boiling Rings, Grillers...",,25.0,3.0,20.0,15.0,5.0,7.5,93.16
8516.71.00,85,8516,Electro-Thermic Coffee Or Tea Makers,,25.0,3.0,0.0,15.0,5.0,7.5,61.8
8516.72.00,85,8516,Toasters,,25.0,3.0,0.0,15.0,5.0,7.5,61.8
8516.79.10,85,8516,"Electro-Thermic Domestic Appliances, Nes",,25.0,0.0,0.0,15.0,5.0,7.5,58.13
8516.79.20,85,8516,Mosquito/Insect killing bat,,25.0,3.0,0.0,15.0,5.0,7.5,61.8
8516.79.90,85,8516,"Electro-Thermic Domestic Appliances, Nes",,25.0,3.0,0.0,15.0,5.0,7.5,61.8
8516.80.00,85,8516,Electric Heating Resistors (Excl. Those Of 85.45),,10.0,0.0,0.0,15.0,5.0,7.5,39.75
8516.90.00,85,8516,Parts Of Electro-Thermic Appliances Of 85.16,,10.0,0.0,0.0,15.0,5.0,7.5,39.75
8517.11.00,85,8517,"Telephone set,inclu.telephone for cellu. network line t.phon Sets With ordless Handsets",,25.0,3.0,0.0,15.0,5.0,7.5,61.8
8517.13.00,85,8517,Smartphones,,25.0,3.0,0.0,15.0,5.0,7.5,61.8
8517.14.00,85,8517,Other telephones for cellular networks or for other wireless networks,,25.0,3.0,0.0,15.0,5.0,7.5,61.8
8517.18.00,85,8517,Telephone set for other wireless networks,,25.0,3.0,0.0,15.0,5.0,7.5,61.8
8517.61.00,85,8517,"Other apparatus for transmission or reception of voice, images or other data??b",,10.0,0.0,0.0,15.0,5.0,7.5,39.75
8517.62.10,85,8517,Transmitting and receiving apparatus,,10.0,0.0,0.0,15.0,2.0,7.5,36.75
8517.62.20,85,8517,Telephonic or telegraphic switching apparatus,,10.0,0.0,0.0,15.0,2.0,7.5,36.75
8517.62.30,85,8517,"Modem; Ethernet interface card; computer network switch, hub and router",,10.0,0.0,0.0,0.0,2.0,7.5,20.25
8517.62.40,85,8517,G.master clock; modulator; m.plexer; optical fiber platform; network mgmt. system,,10.0,0.0,0.0,0.0,5.0,7.5,23.25
8517.62.50,85,8517,"WI-FI WIMAX LAN Card Access point,Security Dev",,10.0,0.0,0.0,15.0,5.0,7.5,39.75
8517.62.60,85,8517,ANTENA FOR BASE STATION,,10.0,0.0,0.0,15.0,5.0,7.5,39.75
8517.62.90,85,8517,"Other reception, transmission app.(excl. modem, telephonic/telegraphic switch.",,25.0,3.0,0.0,15.0,5.0,7.5,61.8
8517.69.00,85,8517,Other telephone sets (excl. video phone ),,25.0,3.0,0.0,15.0,5.0,7.5,61.8
8517.71.00,85,8517,Parts : Aerials and aerial reflectors of all kinds; parts suitable for use therewith,,10.0,0.0,0.0,15.0,5.0,7.5,39.75
8517.79.00,85,8517,Parts : NES,,10.0,0.0,0.0,15.0,5.0,7.5,39.75
8518.10.00,85,8518,Microphones And Stands Therefor,,25.0,3.0,0.0,15.0,5.0,7.5,61.8
8518.21.00,85,8518,"Single Loudspeakers, Mounted In Their Enclosures",,25.0,3.0,0.0,15.0,5.0,7.5,61.8
8518.22.00,85,8518,"Multiple Loudspeakers, Mounted In The Same Enclosure",,25.0,3.0,0.0,15.0,5.0,7.5,61.8
8518.29.00,85,8518,"Loudspeakers, Not Mounted In Encloseurs",,25.0,3.0,0.0,15.0,5.0,7.5,61.8
8518.30.00,85,8518,"Headphones, Earphones And Combined Microphone/Speaker Sets",,25.0,3.0,0.0,15.0,5.0,7.5,61.8
8518.40.00,85,8518,Audio-Frequency Electric Amplifiers,,25.0,3.0,0.0,15.0,5.0,7.5,61.8
8518.50.00,85,8518,Electric Sound Amplifier Sets,,25.0,3.0,0.0,15.0,5.0,7.5,61.8
8518.90.00,85,8518,Parts Of Apparatus Of 85.18,,10.0,0.0,0.0,15.0,5.0,7.5,39.75
8519.20.00,85,8519,"Apparatus operated by coins, banknotes, bank cards, tokens ..other means of payment",,25.0,3.0,20.0,15.0,5.0,7.5,93.16
8519.30.00,85,8519,Turntables (record-decks) :,,25.0,3.0,20.0,15.0,5.0,7.5,93.16
8519.81.10,85,8519,"Other apparatus, Using magnetic, optical or semiconductor media, In CKD condit",,25.0,3.0,0.0,15.0,5.0,7.5,61.8
8519.81.20,85,8519,"Other apparatus, Using magnetic, optical or semiconductor media, In CBU condit",,25.0,3.0,20.0,15.0,5.0,7.5,93.16
8519.89.10,85,8519,"Other Sound recording or reproducing apparatus, In CKD condition, nes",,25.0,3.0,0.0,15.0,5.0,7.5,61.8
8519.89.20,85,8519,"Other Sound recording or reproducing apparatus, In CBU condition, nes",,25.0,3.0,20.0,15.0,5.0,7.5,93.16
8521.10.10,85,8521,"Video Recording..Appa.,With/Without Video Tuner,Magnetic Tape-Type In Ckd",,25.0,3.0,20.0,15.0,5.0,7.5,93.16
8521.10.20,85,8521,"Video Recording..Appa.,With/Without Video Tuner,Magnetic Tape-Type In Cbu",,25.0,3.0,20.0,15.0,5.0,7.5,93.16
8521.90.10,85,8521,"Video Recording/Reprod,Appara.With/Without Vdo Tuner,Exc,Mag.Tape In Ckd",,25.0,3.0,20.0,15.0,5.0,7.5,93.16
8521.90.20,85,8521,"Vdo Rcding./Reprod.Appa.,With/Without Vdo Tuner,Exc.Mag.Tape Type In Cbu",,25.0,3.0,20.0,15.0,5.0,7.5,93.16
8522.10.00,85,8522,Pick-Up Cartridges,,25.0,3.0,0.0,15.0,5.0,7.5,61.8
8522.90.10,85,8522,OTHER APPARATUS OF THE HEADING 8519,,25.0,3.0,0.0,15.0,5.0,7.5,61.8
8522.90.20,85,8522,For apparatus of Heading 85.21,,25.0,3.0,20.0,15.0,5.0,7.5,93.16
8522.90.90,85,8522,"Parts & acc. for use with apparatus of 85.19 to 85.21, (excl.pick-up cartridges),nes",,25.0,3.0,0.0,15.0,5.0,7.5,61.8
8523.21.00,85,8523,Cards incorporating a magnetic stripe,,25.0,0.0,0.0,15.0,5.0,7.5,58.13
8523.29.11,85,8523,Recitation from the Holy Quran; Reproductions of speech,,15.0,0.0,0.0,15.0,5.0,7.5,45.88
8523.29.12,85,8523,Database; os; dev tools; productivity; communication or collaboration soft.,,15.0,0.0,0.0,15.0,2.0,7.5,42.88
8523.29.13,85,8523,Other software for automatic data processing machines,,25.0,3.0,0.0,15.0,5.0,7.5,61.8
8523.29.19,85,8523,"Other recorded media excl. rec. from holy Quran, software, reproduction of spe",,25.0,3.0,0.0,15.0,5.0,7.5,61.8
8523.29.90,85,8523,Other Magnetic Media,,15.0,0.0,0.0,15.0,2.0,7.5,42.88
8523.41.00,85,8523,Optical media: Unrecorded,,15.0,0.0,0.0,15.0,5.0,7.5,45.88
8523.49.10,85,8523,Optical media: Recitation from the Holy Quran; Reproductions of speech,,15.0,0.0,0.0,15.0,5.0,7.5,45.88
8523.49.21,85,8523,Database; os; development tools; productivity; communication or collaboration soft.,,15.0,0.0,0.0,15.0,2.0,7.5,42.88
8523.49.29,85,8523,Optical media: Incorporating computer software,,25.0,3.0,0.0,15.0,5.0,7.5,61.8
8523.49.90,85,8523,Other Optical media (EXCL. Unrecorded),,25.0,3.0,0.0,15.0,2.0,7.5,58.8
8523.51.10,85,8523,Flash memory card or similar media,,15.0,0.0,0.0,15.0,2.0,7.5,42.88
8523.51.21,85,8523,"Database,os, dev. tools, security software ms office internet ... presentation tools",,15.0,0.0,0.0,15.0,5.0,7.5,45.88
8523.51.29,85,8523,Other software for automatic data processing machines,,25.0,3.0,0.0,15.0,5.0,7.5,61.8
8523.51.90,85,8523,"Solid-state non-volatile storage devices, excl flash memory",,25.0,3.0,0.0,15.0,5.0,7.5,61.8
8523.52.00,85,8523,Smart cards,,25.0,3.0,10.0,15.0,5.0,7.5,77.48
8523.59.10,85,8523,Proximity Cards and tags,,25.0,3.0,0.0,15.0,2.0,7.5,58.8
8523.59.20,85,8523,RFID TAG,,25.0,3.0,0.0,15.0,5.0,7.5,61.8
8523.59.90,85,8523,Semiconductor media : Excl. Proximity Cards and tags,,15.0,0.0,0.0,15.0,5.0,7.5,45.88
8523.80.10,85,8523,Database; os; dev. tools; productivity; commn or collaboration soft.,,15.0,0.0,0.0,15.0,5.0,7.5,45.88
8523.80.20,85,8523,Other software for automatic data processing machines,,25.0,3.0,0.0,15.0,5.0,7.5,61.8
8523.80.90,85,8523,Excl Database; os; dev. tools; productivity; commn or collaboration soft.,,25.0,3.0,0.0,15.0,5.0,7.5,61.8
8524.11.10,85,8524,Panel of apparatus of Heading 85.28,,25.0,3.0,0.0,15.0,5.0,7.5,61.8
8524.11.90,85,8524,Flat panel display module Without drivers or control circuits :Of liquid crystals :,,25.0,3.0,0.0,15.0,5.0,7.5,61.8
8524.12.10,85,8524,OLED panel of apparatus of Heading 85.28,,25.0,3.0,0.0,15.0,5.0,7.5,61.8
8524.12.90,85,8524,Flat panel display modules ..:Of liquid crystals :Of organic light-emitting diodes,,25.0,3.0,0.0,15.0,5.0,7.5,61.8
8524.19.10,85,8524,LED panel of apparatus of Heading 85.28,,25.0,3.0,0.0,15.0,5.0,7.5,61.8
8524.19.90,85,8524,"Flat panel display modules, Without drivers or control circuits : NES",,25.0,3.0,0.0,15.0,5.0,7.5,61.8
8524.91.00,85,8524,"Flat panel display modules, whether or not incorporating Of liquid crystals",,25.0,3.0,0.0,15.0,5.0,7.5,61.8
8524.92.00,85,8524,Flat panel display modules Of organic light-emitting diodes (OLED),,25.0,3.0,0.0,15.0,5.0,7.5,61.8
8524.99.00,85,8524,"Flat panel display modules, whether or not incorporating touch-sensitive screens,NES",,25.0,3.0,0.0,15.0,5.0,7.5,61.8
8525.50.10,85,8525,"Transmission apparatus, for installation in the aircraft",,1.0,0.0,0.0,15.0,5.0,7.5,28.73
8525.50.90,85,8525,"Transmission apparatus, excl. aircraft",,10.0,0.0,0.0,15.0,2.0,7.5,36.75
8525.60.10,85,8525,"Transmission apparatus incorporating reception apparatus, for installation in",,1.0,0.0,0.0,15.0,5.0,7.5,28.73
8525.60.20,85,8525,Walkietalkie,,25.0,3.0,0.0,15.0,5.0,7.5,61.8
8525.60.90,85,8525,"Other Transmission apparatus incorporating reception apparatus(excl. aircraft,",,10.0,0.0,0.0,15.0,2.0,7.5,36.75
8525.81.10,85,8525,High-speed goods as specified in Subheading Note 1 to this Chapter,,10.0,0.0,0.0,15.0,5.0,7.5,39.75
8525.81.90,85,8525,High-speed goods as specified in Subheading Note 1 to this Chapter,,10.0,0.0,0.0,15.0,5.0,7.5,39.75
8525.82.10,85,8525,"Other, radiation-hardened or radiation-tolerant goods as specified in Subheading Not2",,10.0,0.0,0.0,15.0,5.0,7.5,39.75
8525.82.90,85,8525,"Other, radiation-hardened or radiation-tolerant goods as specified in Subheading Not2",,10.0,0.0,0.0,15.0,5.0,7.5,39.75
8525.83.10,85,8525,"Other, night vision goods as specified in Subheading Note 3 to this Chapter",,10.0,0.0,0.0,15.0,5.0,7.5,39.75
8525.83.90,85,8525,"Other, night vision goods as specified in Subheading Note 3 to this Chapter",,10.0,0.0,0.0,15.0,5.0,7.5,39.75
8525.89.00,85,8525,"Flat panel display modules, whether or not incorporating touch-sensitive screens. NES",,10.0,0.0,0.0,15.0,5.0,7.5,39.75
8526.10.00,85,8526,Radar Apparatus,,1.0,0.0,0.0,15.0,5.0,7.5,28.73
8526.91.10,85,8526,GPS Vehicle tracking system,,25.0,3.0,0.0,15.0,5.0,7.5,61.8
8526.91.90,85,8526,Radio Navigational Aid Apparatus,,1.0,0.0,0.0,15.0,5.0,7.5,28.73
8526.92.00,85,8526,Radio Remote Control Apparatus,,1.0,0.0,0.0,15.0,5.0,7.5,28.73
8527.12.00,85,8527,Pocket-size radio cassette-players,,25.0,0.0,20.0,0.0,5.0,7.5,66.25
8527.13.00,85,8527,Other apparatus combined with sound recording or reproducing apparatus,,25.0,3.0,0.0,15.0,5.0,7.5,61.8
8527.19.00,85,8527,"Radio receivers, portable, (excl. sound recording/reproducing apparatus) nes",,25.0,3.0,0.0,15.0,5.0,7.5,61.8
8527.21.00,85,8527,Combined with sound recording or reproducing apparatus :,,25.0,0.0,10.0,15.0,5.0,7.5,73.44
8527.29.00,85,8527,"Radio receivers for motor vehicles, nes",,25.0,3.0,0.0,15.0,5.0,7.5,61.8
8527.91.00,85,8527,Combined with sound recording or reproducing apparatus :,,25.0,0.0,10.0,15.0,5.0,7.5,73.44
8527.92.00,85,8527,"Not combined with sound recording or reproduce. apparatus, combined with a clock",,25.0,3.0,0.0,15.0,5.0,7.5,61.8
8527.99.00,85,8527,"Other sound record. or reproducing apparatus, nes, CBU",,25.0,3.0,0.0,15.0,5.0,7.5,61.8
8528.42.00,85,8528,Capable of directly connecting to and designed for use with an automatic data process,,25.0,3.0,0.0,15.0,2.0,7.5,58.8
8528.49.00,85,8528,"Other Cathode-ray tube monitors, excl. of a kind solely....used in an automati",,25.0,3.0,0.0,15.0,5.0,7.5,61.8
8528.52.10,85,8528,Computer monitor size not exceeding 30 inch,,25.0,3.0,0.0,0.0,2.0,7.5,39.6
8528.52.90,85,8528,"Other Monitor, excluding Computer monitor size not exceeding 22 inch",,25.0,3.0,0.0,15.0,5.0,7.5,61.8
8528.59.00,85,8528,"Other Monitor, excl, of a kind solely or principally?.an automatic data proc..",,25.0,3.0,0.0,15.0,5.0,7.5,61.8
8528.62.00,85,8528,"Projector, Cpbl.of directly connecting…for use with auto data processing mchn, 8471",,5.0,0.0,0.0,15.0,5.0,7.5,33.63
8528.69.00,85,8528,"Other Projections, excl. of a kind solely or prin?.an automatic data proc..sys",,5.0,0.0,0.0,15.0,5.0,7.5,33.63
8528.71.10,85,8528,"Reception apparatus for television,?.,Not designed to incorporate a video disp",,10.0,0.0,0.0,15.0,5.0,7.5,39.75
8528.71.90,85,8528,"Reception apparatus for television,?.,Not designed to incorporate a video disp",,25.0,3.0,0.0,15.0,5.0,7.5,61.8
8528.72.00,85,8528,"Other Reception apparatus for television,.,Colour, CKD",,25.0,3.0,20.0,15.0,5.0,7.5,93.16
8528.73.00,85,8528,"Other, black and white or other monochrome",,25.0,3.0,0.0,15.0,5.0,7.5,61.8
8529.10.00,85,8529,Aerials And Aerial Reflectors Of All Kinds And Parts Thereof,,25.0,3.0,0.0,15.0,5.0,7.5,61.8
8529.90.10,85,8529,Parts of apparatus of Heading 85.27,,25.0,3.0,0.0,15.0,5.0,7.5,61.8
8529.90.21,85,8529,LED bulb with bar,,25.0,3.0,20.0,15.0,5.0,7.5,93.16
8529.90.22,85,8529,Open Cell for use in manufacturing of LCD/LED panel,,25.0,3.0,0.0,15.0,5.0,7.5,61.8
8529.90.23,85,8529,Other Parts,,25.0,3.0,0.0,15.0,5.0,7.5,61.8
8529.90.29,85,8529,Parts of app. of 85.25-85.28 Excl. Imp. By VAT reg. TV Mfg. including TV card,,25.0,3.0,20.0,15.0,5.0,7.5,93.16
8529.90.30,85,8529,Loaded printed circuit board of Heading 85.27 and 85.28,,25.0,3.0,20.0,15.0,5.0,7.5,93.16
8529.90.90,85,8529,Parts Of Apparatus Of Heading No. 85.25 & 85.26,,5.0,0.0,0.0,15.0,5.0,7.5,33.63
8530.10.00,85,8530,Electrical Signalling... Equipment For Railways Or Tramways,,10.0,0.0,0.0,15.0,5.0,7.5,39.75
8530.80.00,85,8530,"Electrical Signalling... Equipment For Roads, Inland Waterways...",,1.0,0.0,0.0,15.0,5.0,7.5,28.73
8530.90.00,85,8530,"Parts Of Electrical Signalling Equipment For Railways, Etc, Of 85.30",,10.0,0.0,0.0,15.0,5.0,7.5,39.75
8531.10.00,85,8531,Electrical Burglar Or Fire Alarms And Similar Apparatus,,1.0,0.0,0.0,15.0,5.0,7.5,28.73
8531.20.00,85,8531,ndicator panels incorp. liquid crystal devices (LCD) or light-emitting diodes (LED),,10.0,0.0,0.0,15.0,5.0,7.5,39.75
8531.80.00,85,8531,"Electrical Apparatus For Sound Or Visual Signalling, Nes",,10.0,0.0,0.0,15.0,5.0,7.5,39.75
8531.90.00,85,8531,Parts Of Apparatus Of 85.31,,10.0,0.0,0.0,15.0,5.0,7.5,39.75
8532.10.00,85,8532,Fixed Capacitors For 50/60 Hz Circuits Having Power Capacity >=0.5kvar,,10.0,0.0,0.0,15.0,5.0,7.5,39.75
8532.21.00,85,8532,Fixed Electrical Capacitors Of Tantalum,,10.0,0.0,0.0,15.0,5.0,7.5,39.75
8532.22.00,85,8532,Aluminium electrolytic,,10.0,0.0,0.0,15.0,5.0,7.5,39.75
8532.23.00,85,8532,"Fixed Electrical Capacitors Of Ceramic Dielectric, Single Layer",,10.0,0.0,0.0,15.0,5.0,7.5,39.75
8532.24.00,85,8532,"Fixed Electrical Capacitors Of Ceramic Dielectric, Multilayer",,10.0,0.0,0.0,15.0,5.0,7.5,39.75
8532.25.00,85,8532,Fixed Electrical Capacitors Of Dielectric Of Paper Or Plastics,,10.0,0.0,0.0,15.0,5.0,7.5,39.75
8532.29.10,85,8532,Capacitor,,10.0,0.0,0.0,15.0,5.0,7.5,39.75
8532.29.90,85,8532,"Fixed electrical capacitors, nes, Excl capacitors imp by VAT reg comp. manu.",,10.0,0.0,0.0,15.0,5.0,7.5,39.75
8532.30.00,85,8532,Electrical Variable Or Adjustable (Pre-Set) Capacitors,,10.0,0.0,0.0,15.0,5.0,7.5,39.75
8532.90.00,85,8532,Parts Of Electrical Capacitors Of 85.32,,10.0,0.0,0.0,15.0,5.0,7.5,39.75
8533.10.00,85,8533,"Fixed Carbon Resistors, Composition Or Film Types",,10.0,0.0,0.0,15.0,5.0,7.5,39.75
8533.21.00,85,8533,Fixed Resistors For A Power Handling Capacity =<20w,,10.0,0.0,0.0,15.0,5.0,7.5,39.75
8533.29.00,85,8533,Other Fixed Resistors For A Power Handling Capacity >20w,,10.0,0.0,0.0,15.0,5.0,7.5,39.75
8533.31.00,85,8533,Wirewound Variable Resistors For A Power Handling Capacity =<20w,,10.0,0.0,0.0,15.0,5.0,7.5,39.75
8533.39.00,85,8533,Wirewound Variable Resistors For A Power Handling Capacity >20 W,,10.0,0.0,0.0,15.0,5.0,7.5,39.75
8533.40.00,85,8533,"Variable Resistors, Nes (Incl. Rheostats And Potentiometers)",,10.0,0.0,0.0,15.0,5.0,7.5,39.75
8533.90.00,85,8533,"Parts Of Electrical Resistors, Rheostats And Potentiometers",,10.0,0.0,0.0,15.0,5.0,7.5,39.75
8534.00.00,85,8534,Printed Circuits,,5.0,0.0,0.0,15.0,5.0,7.5,33.63
8535.10.00,85,8535,"Fuses, >1000 V",,25.0,3.0,0.0,15.0,5.0,7.5,61.8
8535.21.10,85,8535,Automatic Circuit Breakers For A Voltage 1.0-72.5 Kv,,10.0,0.0,0.0,15.0,5.0,7.5,39.75
8535.21.90,85,8535,Automatic Circuit Breakers For A Voltage 1.0-72.5 Kv,,10.0,0.0,0.0,15.0,5.0,7.5,39.75
8535.29.00,85,8535,Automatic Circuit Breakers For A Voltage >72.5 Kv,,10.0,0.0,0.0,15.0,5.0,7.5,39.75
8535.30.00,85,8535,"Isolating Switches And Make-And-Break Switches, >1000 V",,10.0,0.0,0.0,15.0,5.0,7.5,39.75
8535.40.10,85,8535,Lightning arresters,,10.0,0.0,0.0,15.0,5.0,7.5,39.75
8535.40.90,85,8535,Excl. Lightning arresters,,10.0,0.0,0.0,15.0,5.0,7.5,39.75
8535.90.10,85,8535,"Other Apparatus For Switching... Electrical Circuits, >1000 V, Nes",,10.0,0.0,0.0,15.0,5.0,7.5,39.75
8535.90.90,85,8535,"Other Apparatus For Switching... Electrical Circuits, >1000 V, Nes",,10.0,0.0,0.0,15.0,5.0,7.5,39.75
8536.10.00,85,8536,"Fuses, =<1000 V",,25.0,3.0,0.0,15.0,5.0,7.5,61.8
8536.20.00,85,8536,"Automatic Circuit Breakers, =<1000 V",,10.0,0.0,0.0,15.0,5.0,7.5,39.75
8536.30.10,85,8536,Motor protector,,10.0,0.0,0.0,15.0,5.0,7.5,39.75
8536.30.90,85,8536,"Apparatus For Protecting Electrical Circuits, Nes, =<1000 V",,10.0,0.0,0.0,15.0,5.0,7.5,39.75
8536.41.00,85,8536,Relays For A Voltage =<60 V,,10.0,0.0,0.0,15.0,5.0,7.5,39.75
8536.49.10,85,8536,PTC relay,,10.0,0.0,0.0,15.0,5.0,7.5,39.75
8536.49.90,85,8536,Relays For A Voltage 60-1000 V,,10.0,0.0,0.0,15.0,5.0,7.5,39.75
8536.50.00,85,8536,Other switches,,25.0,3.0,20.0,15.0,5.0,7.5,93.16
8536.61.00,85,8536,"Lamp-Holders, =<1000 V",,25.0,3.0,20.0,15.0,5.0,7.5,93.16
8536.69.00,85,8536,Other,,25.0,3.0,20.0,15.0,5.0,7.5,93.16
8536.70.00,85,8536,"Connectors for optical fibres, optical fibre bundles or cables",,25.0,3.0,10.0,15.0,5.0,7.5,77.48
8536.90.10,85,8536,"Connector, Terminal and Electrical apparatus",,25.0,3.0,10.0,15.0,5.0,7.5,77.48
8536.90.90,85,8536,"Apparatus For Switching... Electrical Circuits, Nes, =<1000 V",,25.0,3.0,10.0,15.0,5.0,7.5,77.48
8537.10.10,85,8537,BUSBAR TRUNKING SYSTEM,,1.0,0.0,0.0,15.0,5.0,7.5,28.73
8537.10.20,85,8537,Electric panel,,10.0,0.0,0.0,15.0,5.0,7.5,39.75
8537.10.90,85,8537,Other,,10.0,0.0,0.0,15.0,5.0,7.5,39.75
8537.20.00,85,8537,"Boards...Equipped With Two/More Apparatus Of 85.35/85.36, Voltage > 1000v",,10.0,0.0,0.0,15.0,5.0,7.5,39.75
8538.10.00,85,8538,"Boards... Desks, Cabinets And Other Bases For Goods Of 85.37, Not Equipped",,10.0,0.0,0.0,15.0,5.0,7.5,39.75
8538.90.00,85,8538,"Other than Parts Of Apparatus Of 85.35 To 85.37, Nes",,25.0,3.0,0.0,15.0,5.0,7.5,61.8
8539.10.00,85,8539,Sealed Beam Lamp Units,,10.0,0.0,0.0,15.0,5.0,7.5,39.75
8539.21.10,85,8539,Tungsten Halogen Lomp For Use In Laboratories Or Operation Theatres,,5.0,0.0,0.0,15.0,5.0,7.5,33.63
8539.21.90,85,8539,Other Tungsten Halogen Filament Lamps (Excl.Ultra-Violet Or Infra-Red)Nes.,,25.0,3.0,10.0,15.0,5.0,7.5,77.48
8539.22.00,85,8539,"Filament lamps of a power =<200w and of a voltage >100v, nes",,25.0,3.0,20.0,15.0,5.0,7.5,93.16
8539.29.10,85,8539,Indicator pilot lamp 6V-60V/5 Watt,,25.0,3.0,0.0,15.0,5.0,7.5,61.8
8539.29.90,85,8539,"Elec.filmnt.or discharge lamps,incl. sealed beam..excl.Indicator pilot lamp 6V-60V/5 wa",,25.0,3.0,20.0,15.0,5.0,7.5,93.16
8539.31.10,85,8539,Energy Saving Lamp having an output of light 3 times or more compared to normal fla.,,25.0,3.0,0.0,15.0,5.0,7.5,61.8
8539.31.20,85,8539,T5 tube light,,25.0,3.0,0.0,15.0,5.0,7.5,61.8
8539.31.90,85,8539,"Discharge Lamp other than Ultra-Violet Lamps, Fluorescent, Hot Cathode",,25.0,3.0,45.0,15.0,5.0,7.5,132.36
8539.32.10,85,8539,Indicator Pilot Lamps (Sodium) Not Exceeding 18 Watts,,10.0,0.0,0.0,15.0,5.0,7.5,39.75
8539.32.90,85,8539,"Other Mercury Or Sodium Vapour Lamps; Metal Halide Lamps, Nes",,25.0,3.0,10.0,15.0,5.0,7.5,77.48
8539.39.10,85,8539,Special Lamps For Use In Laboratories,,5.0,0.0,0.0,15.0,5.0,7.5,33.63
8539.39.90,85,8539,"Discharge Lamps, Not Ulta-Viilet Lamps,Mercury Or Sodium Vapour Lamps Nes.",,25.0,3.0,10.0,15.0,5.0,7.5,77.48
8539.41.00,85,8539,Arc-Lamps,,10.0,0.0,0.0,15.0,5.0,7.5,39.75
8539.49.10,85,8539,For Use In Laboratories Or Operation Theaters,,5.0,0.0,0.0,15.0,5.0,7.5,33.63
8539.49.90,85,8539,Other Ultra-Violet Or Infra-Red Lamps Nes.,,10.0,0.0,0.0,15.0,5.0,7.5,39.75
8539.51.00,85,8539,Light-emitting diode (LED) light sources :,,25.0,3.0,0.0,15.0,5.0,7.5,61.8
8539.52.00,85,8539,Light-emitting diode (LED) light sources :Light-emitting diode (LED) lamps,,25.0,5.0,0.0,15.0,5.0,7.5,64.25
8539.90.10,85,8539,Base Cap For Lamps,,25.0,3.0,0.0,15.0,5.0,7.5,61.8
8539.90.20,85,8539,Loaded printed circuit board of Heading 85.27 and 85.28,,25.0,3.0,0.0,15.0,5.0,7.5,61.8
8539.90.30,85,8539,Of Light-emitting diode (LED) lamps,,25.0,3.0,0.0,15.0,5.0,7.5,61.8
8539.90.90,85,8539,"Parts For Filament Or Discharge Lamps,Excl.Aluminum Base Cap For Lamps,Nes",,25.0,3.0,0.0,15.0,5.0,7.5,61.8
8540.11.00,85,8540,Colour,,25.0,3.0,0.0,15.0,5.0,7.5,61.8
8540.12.00,85,8540,Monochrome,,25.0,3.0,0.0,15.0,5.0,7.5,61.8
8540.20.00,85,8540,Television Camera Tubes; Image Converters/Intensifiers; Photo-Cathodes,,10.0,0.0,0.0,15.0,5.0,7.5,39.75
8540.60.00,85,8540,Other Cathode-Ray Tubes Nes,,10.0,0.0,0.0,15.0,5.0,7.5,39.75
8540.71.00,85,8540,Magnetrons,,10.0,0.0,0.0,15.0,5.0,7.5,39.75
8540.79.00,85,8540,"Microwave Tubes (Excl. Magnetrons, Klystrons And Grid-Controlled Tubes)",,10.0,0.0,0.0,15.0,5.0,7.5,39.75
8540.81.00,85,8540,Receiver Or Amplifier Valves And Tubes,,10.0,0.0,0.0,15.0,5.0,7.5,39.75
8540.89.00,85,8540,"Other Valves And Tubes, Nes",,10.0,0.0,0.0,15.0,5.0,7.5,39.75
8540.91.00,85,8540,Parts Of Cathode-Ray Tubes,,10.0,0.0,0.0,15.0,5.0,7.5,39.75
8540.99.00,85,8540,Other Parts Of Tubes And Valves Of 85.40 (Excl.Parts Of Cathode-Ray Tubes),,10.0,0.0,0.0,15.0,5.0,7.5,39.75
8541.10.00,85,8541,"Diodes, other than photosensitive or light-emitting diodes (LED)",,5.0,0.0,0.0,15.0,5.0,7.5,33.63
8541.21.00,85,8541,"Transistors (Excl. Phototransistors), With A Dissipation Rate <1w",,5.0,0.0,0.0,15.0,5.0,7.5,33.63
8541.29.00,85,8541,"Transistors (Excl. Phototransistors), With A Dissipation Rate >=1w",,5.0,0.0,0.0,15.0,5.0,7.5,33.63
8541.30.00,85,8541,"Thyristors, Diacs And Triacs, Other Than Photosensitive Devices",,5.0,0.0,0.0,15.0,5.0,7.5,33.63
8541.41.00,85,8541,"Photosensitive semi-conductor devices, including....Light-emitting diodes (LED)",,5.0,0.0,0.0,15.0,5.0,7.5,33.63
8541.42.00,85,8541,Photovoltaic cells not assembled in modules or made up into panels,,0.0,0.0,0.0,15.0,5.0,7.5,27.5
8541.43.00,85,8541,Photovoltaic cells assembled in modules or made up into panels,,1.0,0.0,0.0,15.0,5.0,7.5,28.73
8541.49.00,85,8541,"Other --- Photosensitive semi-conductor devices,..light-emitting diodes (LED) NES",,5.0,0.0,0.0,15.0,5.0,7.5,33.63
8541.51.00,85,8541,"Other semi-conductor devices , Semiconductor-based transducers",,5.0,0.0,0.0,15.0,5.0,7.5,33.63
8541.59.00,85,8541,Other semi-conductor devices : NES,,5.0,0.0,0.0,15.0,5.0,7.5,33.63
8541.60.00,85,8541,Mounted Piezo-Electric Crystals,,5.0,0.0,0.0,15.0,5.0,7.5,33.63
8541.90.00,85,8541,Parts Of Devices Of 85.41,,5.0,0.0,0.0,15.0,5.0,7.5,33.63
8542.31.10,85,8542,"Processors & controllers, whet. or not comb.logic ckt, a, SIM module",,5.0,0.0,0.0,15.0,5.0,7.5,33.63
8542.31.20,85,8542,Other module,,10.0,0.0,0.0,15.0,5.0,7.5,39.75
8542.31.90,85,8542,"Processors & controllers, whet. or not comb.logic ckt, a, Excl. SIM module",,10.0,0.0,0.0,15.0,5.0,7.5,39.75
8542.32.00,85,8542,Memories,,10.0,0.0,0.0,15.0,5.0,7.5,39.75
8542.33.00,85,8542,Amplifiers,,10.0,0.0,0.0,15.0,5.0,7.5,39.75
8542.39.10,85,8542,"SIM card, TV",,25.0,3.0,20.0,15.0,5.0,7.5,93.16
8542.39.90,85,8542,"Electronic integrated circuits,nes",,10.0,0.0,0.0,15.0,5.0,7.5,39.75
8542.90.00,85,8542,Parts,,10.0,0.0,0.0,15.0,5.0,7.5,39.75
8543.10.00,85,8543,Particle accelerators,,1.0,0.0,0.0,15.0,5.0,7.5,28.73
8543.20.00,85,8543,Signal Generators,,1.0,0.0,0.0,15.0,5.0,7.5,28.73
8543.30.00,85,8543,"Machines/Apparatus For Electroplating, Electrolysis Or Electrophoresis",,1.0,0.0,0.0,15.0,5.0,7.5,28.73
8543.40.00,85,8543,Electronic cigarettes and similar personal electric vaporising devices,,25.0,3.0,100.0,15.0,5.0,7.5,218.6
8543.70.10,85,8543,Remote control for electronic and electrical apparatus,,25.0,3.0,0.0,15.0,5.0,7.5,61.8
8543.70.20,85,8543,Electronic talking dictionary,,1.0,0.0,0.0,15.0,5.0,7.5,28.73
8543.70.30,85,8543,Electronic insects repelling devices,,25.0,3.0,0.0,15.0,5.0,7.5,61.8
8543.70.40,85,8543,Electric/Electronic access control,,5.0,0.0,0.0,15.0,5.0,7.5,33.63
8543.70.90,85,8543,"Other machines & appa., Excl. Remote control for electronic and electrical appa.",,10.0,0.0,0.0,15.0,5.0,7.5,39.75
8543.90.10,85,8543,Electronic Cigarattes and Similar personal electric vaporising device,,25.0,3.0,100.0,15.0,5.0,7.5,218.6
8543.90.90,85,8543,Parts excluding Electronic Cigarattes and Similar personal electric vaporising device,,5.0,0.0,0.0,15.0,5.0,7.5,33.63
8544.11.00,85,8544,Of copper,,25.0,3.0,0.0,15.0,5.0,7.5,61.8
8544.19.10,85,8544,Cotton Braided Electric Cables,,25.0,3.0,0.0,15.0,5.0,7.5,61.8
8544.19.90,85,8544,Other Winding Wire (Excl Wire Of Copper & Cotton Braided Electric Cables),,25.0,3.0,20.0,15.0,5.0,7.5,93.16
8544.20.00,85,8544,Co-Axial Cable And Other Co-Axial Electric Conductors,,25.0,3.0,30.0,15.0,5.0,7.5,108.84
8544.30.00,85,8544,"Ignition Wiring Sets And Other Wiring Sets For Vehicles, Aircraft...",,10.0,0.0,0.0,15.0,5.0,7.5,39.75
8544.42.00,85,8544,"Other electric conductors for a voltage not exceeding 1,000 V: Fitted with conn",,25.0,3.0,20.0,15.0,5.0,7.5,93.16
8544.49.00,85,8544,"Electric Conductors, Nes, For A Voltage <=80 V, Not Fitted With Connectors",,25.0,3.0,0.0,15.0,5.0,7.5,61.8
8544.60.00,85,8544,"Other electric conductors, for a voltage exceeding 1000V",,25.0,3.0,0.0,15.0,5.0,7.5,61.8
8544.70.00,85,8544,Optical Fibre Cables Made Up Of Individually Sheathed Fibres,,15.0,5.0,10.0,15.0,5.0,7.5,66.7
8545.11.00,85,8545,Carbon electrodes for furnaces,,5.0,0.0,0.0,15.0,5.0,7.5,33.63
8545.19.10,85,8545,Arc carbon used in cinema projector,,10.0,0.0,0.0,15.0,5.0,7.5,39.75
8545.19.90,85,8545,"Carbon electrodes (excl. for furnaces), nes",,25.0,3.0,0.0,15.0,5.0,7.5,61.8
8545.20.00,85,8545,Carbon Brushes,,25.0,3.0,0.0,15.0,5.0,7.5,61.8
8545.90.10,85,8545,Crabon Block,,10.0,0.0,0.0,15.0,5.0,7.5,39.75
8545.90.20,85,8545,Carbon rod,,15.0,0.0,0.0,15.0,5.0,7.5,45.88
8545.90.90,85,8545,"Articles Of Graphite Or Other Carbon, Nes, For Electrical Purposes, Nes",,25.0,3.0,10.0,15.0,5.0,7.5,77.48
8546.10.00,85,8546,Glass Electrical Insulaters,,10.0,0.0,0.0,15.0,5.0,7.5,39.75
8546.20.00,85,8546,Ceramic Electrical Insulators,,25.0,3.0,0.0,15.0,5.0,7.5,61.8
8546.90.00,85,8546,Electrical Insulators (Excl. Of Glass Or Ceramics),,10.0,0.0,0.0,15.0,5.0,7.5,39.75
8547.10.00,85,8547,Insulating Fittings Of Ceramics For Electrical Machines...,,25.0,3.0,0.0,15.0,5.0,7.5,61.8
8547.20.00,85,8547,Insulating Fittings Of Plastics For Electrical Machines...,,25.0,3.0,0.0,15.0,5.0,7.5,61.8
8547.90.00,85,8547,Other,,25.0,3.0,0.0,15.0,5.0,7.5,61.8
8548.00.00,85,8548,"Electrical parts of machinery or apparatus, not specified or included elsewhere in th",,25.0,3.0,0.0,15.0,5.0,7.5,61.8
8549.11.00,85,8549,Waste and scrap of lead-acid accumulators; spent lead-acid accumulators,,25.0,3.0,0.0,15.0,5.0,7.5,61.8
8549.12.00,85,8549,"Waste and scrap of primary cells, primary .Other, containing lead, cadmium or mercury",,25.0,3.0,0.0,15.0,5.0,7.5,61.8
8549.13.00,85,8549,"Sorted by chemical type and not containing lead, cadmium or mercury",,25.0,3.0,0.0,15.0,5.0,7.5,61.8
8549.14.00,85,8549,"Unsorted and not containing lead, cadmium or mercury",,25.0,3.0,0.0,15.0,5.0,7.5,61.8
8549.19.00,85,8549,"Waste and scrap of primary cells, primary batteries and electric accumulators; ...NES",,25.0,3.0,0.0,15.0,5.0,7.5,61.8
8549.21.00,85,8549,"Containing primary cells, batteries, elec. acm., mercury-switches, glass from CRT ………",,25.0,3.0,0.0,15.0,5.0,7.5,61.8
8549.29.00,85,8549,Of a kind used principally for the recovery of precious metal :NES,,25.0,3.0,0.0,15.0,5.0,7.5,61.8
8549.31.00,85,8549,"Containing primary cells, batteries, electric accumulators, mercury-switches, glass …",,25.0,3.0,0.0,15.0,5.0,7.5,61.8
8549.39.00,85,8549,Other electrical and electronic assemblies and printed circuit boards : NES,,25.0,3.0,0.0,15.0,5.0,7.5,61.8
8549.91.00,85,8549,"Containing primary cells, primary batteries,elec.accum., mercury-switches,CRT…PCBs",,25.0,3.0,0.0,15.0,5.0,7.5,61.8
8549.99.00,85,8549,"Electrical and electronic waste and scrap.Other,NES",,25.0,3.0,0.0,15.0,5.0,7.5,61.8
8601.10.00,86,8601,Rail Locomotives Powered From An External Source Of Electricity,,10.0,0.0,0.0,15.0,5.0,7.5,39.75
8601.20.00,86,8601,Rail Locomotives Powered By Electric Accumulators,,10.0,0.0,0.0,15.0,5.0,7.5,39.75
8602.10.00,86,8602,Diesel-Electric Locomotives,,5.0,0.0,0.0,15.0,5.0,7.5,33.63
8602.90.00,86,8602,"Rail Locomotives, Nes; Locomotive Tenders",,10.0,0.0,0.0,15.0,5.0,7.5,39.75
8603.10.00,86,8603,Self-Propelled Railway Coaches..Powered From Exter. Sources Of Electricity,,10.0,0.0,0.0,15.0,5.0,7.5,39.75
8603.90.00,86,8603,"Self-Propelled Railway Or Tramway Coaches, Vans And Trucks, Nes",,10.0,0.0,0.0,15.0,5.0,7.5,39.75
8604.00.00,86,8604,"Railway or tramway maintenance or service vehicles, whether or not self -propelled",,10.0,0.0,0.0,15.0,5.0,7.5,39.75
8605.00.00,86,8605,"Railway/Tramway Passenger Coaches, Not Self-Propelled; Luggage Vans...",,5.0,0.0,0.0,15.0,5.0,7.5,33.63
8606.10.00,86,8606,"Tank Wagons And The Like, Not Self-Propelled",,5.0,0.0,0.0,15.0,5.0,7.5,33.63
8606.30.00,86,8606,"Self-Discharging Vans And Wagons, Nes",,10.0,0.0,0.0,15.0,5.0,7.5,39.75
8606.91.00,86,8606,"Railway Or Tramway Goods Vans And Wagons, Covered And Closed",,5.0,0.0,0.0,15.0,5.0,7.5,33.63
8606.92.00,86,8606,"Railway Or Tramway Goods Vans And Wagons, Open, With Sides",,10.0,0.0,0.0,15.0,5.0,7.5,39.75
8606.99.00,86,8606,"Railway Or Tramway Goods Vans And Wagons, Not Self-Propelled, Nes",,10.0,0.0,0.0,15.0,5.0,7.5,39.75
8607.11.00,86,8607,Parts Of Driving Bogies & Bissel-Bogies Of Railway Or Tramway Locomotives,,10.0,0.0,0.0,15.0,5.0,7.5,39.75
8607.12.00,86,8607,"Parts Of Bogies & Bissel-Bogies,Nes,Of Railway.. Locomotives/Rolling Stock",,5.0,0.0,0.0,15.0,5.0,7.5,33.63
8607.19.00,86,8607,"Axles, Wheels And Parts Of Bogies, Etc, Of Railway.. Locos/Rolling Stock",,10.0,0.0,0.0,15.0,5.0,7.5,39.75
8607.21.00,86,8607,"Air Brakes And Parts Thereof, Of Railway... Locomotives/Rolling Stock",,10.0,0.0,0.0,15.0,5.0,7.5,39.75
8607.29.00,86,8607,"Brakes And Parts Thereof, Of Railway... Locomotives/Rolling Stock",,10.0,0.0,0.0,15.0,5.0,7.5,39.75
8607.30.00,86,8607,"Hooks And Other Coupling Devices, Buffers, And Parts Thereof",,10.0,0.0,0.0,15.0,5.0,7.5,39.75
8607.91.00,86,8607,"Parts Of Railway Or Tramway Locomotives, Nes",,10.0,0.0,0.0,15.0,5.0,7.5,39.75
8607.99.00,86,8607,"Parts Of Railway Or Tramway Rolling Stock, Nes",,10.0,0.0,0.0,15.0,5.0,7.5,39.75
8608.00.00,86,8608,Railway/Tramway Track Fixtures/Fittings; Mechanical Signalling...,,10.0,0.0,0.0,15.0,5.0,7.5,39.75
8609.00.10,86,8609,Insulated Or Refer Container,,15.0,0.0,0.0,0.0,5.0,0.0,20.0
8609.00.90,86,8609,"Containers Specially Designed For Transport By One Or More Method, Nes",,15.0,0.0,0.0,0.0,5.0,0.0,20.0
8701.10.00,87,8701,Single axle tractors,,5.0,0.0,0.0,15.0,5.0,7.5,33.63
8701.21.00,87,8701,With only compression-ignition internal combustion piston engn(diesel or semi-diesel,,5.0,0.0,0.0,15.0,5.0,7.5,33.63
8701.22.00,87,8701,With both cmpr-ignition intl.comb. Pstn.engn(dsl/semi-dsl)&elec.motor as mtrs for pro,,5.0,0.0,0.0,15.0,5.0,7.5,33.63
8701.23.00,87,8701,With both spark-ignition intl.combustion piston engn.&electric motor as motors for pr,,5.0,0.0,0.0,15.0,5.0,7.5,33.63
8701.24.00,87,8701,Road tractors for semi-trailers : With only electric motor for propulsion,,5.0,0.0,0.0,15.0,5.0,7.5,33.63
8701.29.00,87,8701,Road tractors for semi-trailers : NES,,5.0,0.0,0.0,15.0,5.0,7.5,33.63
8701.30.00,87,8701,Track-laying tractors,,5.0,0.0,0.0,0.0,5.0,7.5,17.88
8701.91.10,87,8701,"Other, of an engine power, Not exceeding 18 kW",,1.0,0.0,0.0,15.0,5.0,7.5,28.73
8701.91.90,87,8701,"Other, of an engine power, Not exceeding 18 kW",,5.0,0.0,0.0,15.0,5.0,7.5,33.63
8701.92.10,87,8701,"Other Tracktor, of an engine power Exceeding 18 kW but not exceeding 37 kW",,1.0,0.0,0.0,15.0,5.0,7.5,28.73
8701.92.90,87,8701,"Other Tracktor, of an engine power Exceeding 18 kW but not exceeding 37 kW",,5.0,0.0,0.0,15.0,5.0,7.5,33.63
8701.93.10,87,8701,"Other tracktor, of an engine power Exceeding 37 kW but not exceeding 75 kW",,1.0,0.0,0.0,15.0,5.0,7.5,28.73
8701.93.90,87,8701,"Other tracktor, of an engine power Exceeding 37 kW but not exceeding 75 kW",,5.0,0.0,0.0,15.0,5.0,7.5,33.63
8701.94.10,87,8701,"Other tracktor, of an engine power Exceeding 75 kW but not exceeding 130 kW",,1.0,0.0,0.0,15.0,5.0,7.5,28.73
8701.94.90,87,8701,"Other tracktor, of an engine power Exceeding 75 kW but not exceeding 130 kW",,5.0,0.0,0.0,15.0,5.0,7.5,33.63
8701.95.10,87,8701,"Other tracktor, of an engine power Exceeding 130 kW",,1.0,0.0,0.0,15.0,5.0,7.5,28.73
8701.95.90,87,8701,"Other tracktor, of an engine power Exceeding 130 kW",,5.0,0.0,0.0,15.0,5.0,7.5,33.63
8702.10.10,87,8702,"Built-Up, Double Decker Bus (diesel or semi-diesel)",,5.0,0.0,0.0,15.0,5.0,7.5,33.63
8702.10.20,87,8702,"Built-up, having a seating capacity of 40 or more, excluding folding seats",,10.0,0.0,0.0,15.0,5.0,7.5,39.75
8702.10.30,87,8702,"Built-Up,Having A Seating Capacity >15 but not exceeding 40,incl.the driver",,5.0,0.0,0.0,15.0,5.0,7.5,33.63
8702.10.41,87,8702,"Built-up, having a seating capacity not exceeding 15, incl. the driver, human hauler",,25.0,3.0,30.0,15.0,5.0,7.5,108.84
8702.10.49,87,8702,"Built-up, having a seating capacity not >15, incl. the driver, excl. human hauler",,25.0,3.0,20.0,15.0,5.0,7.5,93.16
8702.10.50,87,8702,Ckd Motor Vehicles,,10.0,0.0,0.0,0.0,5.0,7.5,23.25
8702.20.10,87,8702,With both compression-ignition internal combustion piston engine (diesel or semi-di..,,5.0,0.0,0.0,15.0,5.0,7.5,33.63
8702.20.20,87,8702,With both compression-ignition internal combustion piston engine (diesel or semi-di..,,10.0,0.0,0.0,15.0,5.0,7.5,39.75
8702.20.30,87,8702,"Built-up, having a seating capacity >15 but not exceeding 40, including the driver",,5.0,0.0,0.0,15.0,5.0,7.5,33.63
8702.20.41,87,8702,"Built-up, having a seating capacity not >15, incl. the driver, human hauler",,25.0,3.0,0.0,15.0,5.0,7.5,61.8
8702.20.49,87,8702,"Built-up, having a seating capacity not >15, incl. the driver, excl. human hauler",,25.0,3.0,0.0,15.0,5.0,7.5,61.8
8702.20.50,87,8702,CKD Motor vehicles,,10.0,0.0,0.0,15.0,5.0,7.5,39.75
8702.30.10,87,8702,With both spark-ignition internal combustion reciprocating piston engine & electric..,,5.0,0.0,0.0,15.0,5.0,7.5,33.63
8702.30.20,87,8702,With both spark-ignition internal combustion reciprocating piston engine & electric..,,10.0,0.0,0.0,15.0,5.0,7.5,39.75
8702.30.30,87,8702,"Built-up, having a seating capacity >15 but not exceeding 40, including the driver",,5.0,0.0,0.0,15.0,5.0,7.5,33.63
8702.30.41,87,8702,"Built-up, having a seating capacity not >15, incl. the driver, human hauler",,25.0,3.0,0.0,15.0,5.0,7.5,61.8
8702.30.49,87,8702,"Built-up, having a seating capacity not >15, incl. the driver, excl. human hauler",,25.0,3.0,0.0,15.0,5.0,7.5,61.8
8702.30.50,87,8702,CKD motor vehicles,,10.0,0.0,0.0,15.0,5.0,7.5,39.75
8702.40.00,87,8702,With only electric motor for propulsion,,25.0,3.0,0.0,15.0,5.0,7.5,61.8
8702.90.11,87,8702,"Built-up, Double Decker bus, Using CNG/LPG/LNG as fuel",,5.0,0.0,0.0,0.0,0.0,7.5,12.88
8702.90.19,87,8702,"Built-Up Double Decker Bus, Not Using Cng As Fuel",,5.0,0.0,0.0,15.0,5.0,7.5,33.63
8702.90.21,87,8702,"Built-up, having a seating cap of 40 or more exc. folding seats, CNG/LPG/LNG as fuel",,5.0,0.0,0.0,15.0,5.0,7.5,33.63
8702.90.29,87,8702,"Built Up Motor Vehicles,Capacity Of 40 Or More, Not Using Cng As Fuel",,10.0,0.0,0.0,15.0,5.0,7.5,39.75
8702.90.30,87,8702,"Built-Up,Having A Seating Capacity exceeding 15 but not exceeding 40,incl Driver",,10.0,0.0,0.0,15.0,5.0,7.5,39.75
8702.90.40,87,8702,"Built-Up,having a seating capacity not exceeding 15,including the driver",,25.0,3.0,10.0,15.0,5.0,7.5,77.48
8702.90.51,87,8702,"Having a seating cap. of 40 or more excl.folding seats using CNG/LPG/LNG as fuel, CKD",,10.0,0.0,0.0,0.0,5.0,7.5,23.25
8702.90.59,87,8702,"Other motor vehicles in CKD condition, excl. seat... 40 or more.. CNG/LPG/LNG as fuel",,10.0,0.0,0.0,15.0,5.0,7.5,39.75
8703.10.00,87,8703,Vehicles specially designed for travelling on snow; golf cars and similar vehicles......,,25.0,3.0,20.0,15.0,5.0,7.5,93.16
8703.21.11,87,8703,"Vehicles with spark-ignition engine of cy. Capa.<1000cc In CBU, 3 wheeled",,25.0,3.0,20.0,15.0,5.0,7.5,93.16
8703.21.19,87,8703,"Vehicles with spark-ignition engine of cy. Capa.<1000cc In CKD, 3 wheeled",,25.0,3.0,20.0,15.0,5.0,7.5,93.16
8703.21.21,87,8703,"Recond. Motor cars & oth. vehicles; incl.stn.wagons,CBU, cylinder capacity not>1000 cc",,25.0,3.0,45.0,15.0,5.0,7.5,132.36
8703.21.22,87,8703,"Reconditioned Motor cars, CKD, cylinder capacity not >1000 cc",,25.0,3.0,20.0,15.0,5.0,7.5,93.16
8703.21.23,87,8703,"Reconditioned other vehicles, CKD, Cylinder Capacity <=1000cc",,25.0,3.0,20.0,15.0,5.0,7.5,93.16
8703.21.24,87,8703,"Reconditioned Microbus, CBU, capacity not >1000cc",,25.0,3.0,20.0,15.0,5.0,7.5,93.16
8703.21.31,87,8703,"Other Motor cars & oth. vehicles; incl.stn.wagons,CBU, cylinder capacity not >1000 cc",,25.0,3.0,45.0,15.0,5.0,7.5,132.36
8703.21.32,87,8703,"Other Motor cars,CKD, cylinder capacity not >1000 cc",,25.0,3.0,20.0,15.0,5.0,7.5,93.16
8703.21.33,87,8703,"Other vehicles, CKD, (Excl.Recon.) capacity <=1000 CC",,25.0,3.0,20.0,15.0,5.0,7.5,93.16
8703.21.34,87,8703,"Other Microbus, CBU, capacity not >1000cc",,25.0,3.0,45.0,15.0,5.0,7.5,132.36
8703.22.11,87,8703,"Recond.Motor Cars & oth. Vehicles,incl.stn. wagons,CBU, cap.>1000cc,but=<1500cc",,25.0,3.0,45.0,15.0,5.0,7.5,132.36
8703.22.12,87,8703,"Recond.Motor Cars,CKD, capacity >1000cc,but=<1500cc",,25.0,3.0,20.0,15.0,5.0,7.5,93.16
8703.22.13,87,8703,"Reconditioned other vehicles,CKD, capacity >1000cc,but=<1500cc",,25.0,3.0,20.0,15.0,5.0,7.5,93.16
8703.22.14,87,8703,"Recon Ambulance fitted with essen. equp. passen cabin leng>9ft cap >1000cc,<=1500cc",,5.0,0.0,0.0,15.0,5.0,7.5,33.63
8703.22.15,87,8703,"Reconditioned Microbus, CBU, capacity >1000cc, but <=1500cc",,25.0,3.0,20.0,15.0,5.0,7.5,93.16
8703.22.21,87,8703,"Other Motor Cars & Vehicles,incl.stn. wagons,CBU, cap.>1000cc,but=<1500cc",,25.0,3.0,45.0,15.0,5.0,7.5,132.36
8703.22.22,87,8703,"Other Motor Cars, CKD, capacity >1000cc,but=<1500cc",,25.0,3.0,20.0,15.0,5.0,7.5,93.16
8703.22.23,87,8703,"Other vehicles, CKD,cap.>1000cc,but=<1500cc",,25.0,3.0,20.0,15.0,5.0,7.5,93.16
8703.22.24,87,8703,"Other Ambulance fitted with Passeng cabin length >9ft, cap.>1000cc,but=<1500cc",,5.0,0.0,0.0,15.0,5.0,7.5,33.63
8703.22.25,87,8703,"Other Microbus, CBU, capacity >1000cc, but <=1500cc",,25.0,3.0,20.0,15.0,5.0,7.5,93.16
8703.23.11,87,8703,"Recond. Motor Cars and oth. Vehicle, incl.stn. wagon,CBU, cap. >1500cc,but =<1600cc",,25.0,3.0,45.0,15.0,5.0,7.5,132.36
8703.23.12,87,8703,"Recond. Motor Cars,CKD, cap. >1500cc,but =<1600 cc",,25.0,3.0,20.0,15.0,5.0,7.5,93.16
8703.23.13,87,8703,"Recond. other vehicles,CKD, capacity >1500cc,but =<1600 cc",,25.0,3.0,20.0,15.0,5.0,7.5,93.16
8703.23.14,87,8703,Recond. Ambulance fitted with essen equip passen cabin leng >9ft cap >1500cc <=1600cc,,5.0,0.0,0.0,15.0,5.0,7.5,33.63
8703.23.15,87,8703,"Reconditioned Micorbus,CBU, Capacity >1500CC and <=1600CC",,25.0,3.0,20.0,15.0,5.0,7.5,93.16
8703.23.21,87,8703,"Oth.Motor cars and oth. vehi, incl. stn.wagons,CBU,capacity >1500cc,<=1600cc",,25.0,3.0,45.0,15.0,5.0,7.5,132.36
8703.23.22,87,8703,"Other Motor cars,CKD, capacity >1500cc,but not <=1600cc",,25.0,3.0,20.0,15.0,5.0,7.5,93.16
8703.23.23,87,8703,"Other vehicles, CKD, capacity >1500cc but <=1600cc",,25.0,3.0,20.0,15.0,5.0,7.5,93.16
8703.23.25,87,8703,"Micorbus,CBU, exceeding 1500 cc but not exceeding 1600 cc",,25.0,3.0,20.0,15.0,5.0,7.5,93.16
8703.23.31,87,8703,"Recond. Motor Cars and oth. Vehicle, incl.stn. wagon,CBU, cap. >1600cc,but =<2000cc",,25.0,3.0,100.0,15.0,5.0,7.5,218.6
8703.23.32,87,8703,"Recond. Motor Cars,CKD, capacity >1750cc, but =<2000cc",,25.0,3.0,45.0,15.0,5.0,7.5,132.36
8703.23.33,87,8703,"Recond. other vehicles,CKD,capacity >1600cc,but =<2000cc",,25.0,3.0,45.0,15.0,5.0,7.5,132.36
8703.23.35,87,8703,"Reconditioned Microbus, capacity not exceeding 1800cc,CBU",,25.0,3.0,20.0,15.0,5.0,7.5,93.16
8703.23.36,87,8703,"Recond. Microbus of a cylinder capacity exceeding 1800cc, , CBU",,25.0,3.0,45.0,15.0,5.0,7.5,132.36
8703.23.41,87,8703,"Other Motor Cars and oth. Vehicle, incl.stn. wagon,CBU, cap. >1600cc,but =<2000cc",,25.0,3.0,100.0,15.0,5.0,7.5,218.6
8703.23.42,87,8703,"Other Motor Cars,CKD, cap. >1600cc,but =<2000cc",,25.0,3.0,45.0,15.0,5.0,7.5,132.36
8703.23.43,87,8703,"Other vehicles, CKD, capacity >1800cc,but =<2000cc",,25.0,3.0,45.0,15.0,5.0,7.5,132.36
8703.23.44,87,8703,"Ambulance fitted withessen. equp. passen cabin leng>9ft Cap>1600cc, <=2000CC",,5.0,0.0,0.0,15.0,5.0,7.5,33.63
8703.23.45,87,8703,"Other Microbus, CBU, capacity not >1800cc",,25.0,3.0,20.0,15.0,5.0,7.5,93.16
8703.23.46,87,8703,"Other Microbus of a cylinder capacity >1800cc, but not >2000cc,CBU",,25.0,3.0,45.0,15.0,5.0,7.5,132.36
8703.23.51,87,8703,"Recond. Motor Cars and oth. Vehicle, incl.stn. wagon,CBU, cap. >2000cc,but =<3000cc",,25.0,3.0,250.0,15.0,5.0,7.5,453.8
8703.23.52,87,8703,"Recond. Motor Cars and oth. Vehicle, incl.stn. wagon,CKD, cap. >2000cc,but =<3000cc",,25.0,3.0,150.0,15.0,5.0,7.5,297.0
8703.23.53,87,8703,"Recond Ambulance fitted essen. equp. passen cabin leng>9ft cap.>2000cc, =<3000cc",,5.0,0.0,0.0,15.0,5.0,7.5,33.63
8703.23.61,87,8703,"Other Motor Cars and oth. Vehicle, incl.stn. wagon,CBU, cap. >2000cc,but =<3000cc",,25.0,3.0,250.0,15.0,5.0,7.5,453.8
8703.23.62,87,8703,"Other Motor Cars and oth. Vehicle, incl.stn. wagon,CKD, cap. >2000cc,but =<3000cc",,25.0,3.0,150.0,15.0,5.0,7.5,297.0
8703.23.63,87,8703,"Other Ambulance fitted with essen. equp. passen cabin leng>9ft cap >2000cc, =<3000cc",,5.0,0.0,0.0,15.0,5.0,7.5,33.63
8703.24.11,87,8703,"Recond. Motor cars and oth.vehicles,incl. stn. wagon,CBU cap. >3000cc, <=4000cc",,25.0,3.0,500.0,15.0,5.0,7.5,845.8
8703.24.12,87,8703,"Recond. Motor cars and oth.vehicles,incl. stn. wagon,CKD, cap. >3000cc, <=4000cc",,25.0,3.0,350.0,15.0,5.0,7.5,610.6
8703.24.13,87,8703,"Recond Ambulance fitted with essen. equp. passen cabin leng>9ft cap >3000cc, <=4000cc",,5.0,0.0,0.0,15.0,5.0,7.5,33.63
8703.24.21,87,8703,"Other Motor cars and oth.vehicles,incl. stn. wagon,CBU cap. >3000cc, <=4000cc",,25.0,3.0,500.0,15.0,5.0,7.5,845.8
8703.24.22,87,8703,"Other Motor cars and oth.vehicles,incl. stn. wagon,CKD, cap. >3000cc, <=4000cc",,25.0,3.0,350.0,15.0,5.0,7.5,610.6
8703.24.23,87,8703,"Other Ambulance fitted with essen. equp. passen cabin leng>9ft cap.>3000cc, <=4000cc",,5.0,0.0,0.0,15.0,5.0,7.5,33.63
8703.24.31,87,8703,"Recon. Motor car & oth.vehicle incl.stn.Wagon,CBU,capacity >4000CC",,25.0,3.0,500.0,15.0,5.0,7.5,845.8
8703.24.33,87,8703,Recon. Ambulance fitted with essen. equp. passen cabin leng>9ft Cap>4000CC,,5.0,0.0,0.0,15.0,5.0,7.5,33.63
8703.24.41,87,8703,"Other Motor car & Oth.Vehicle incl. stn.wagon,CBU,Capacity >4000CC",,25.0,3.0,500.0,15.0,5.0,7.5,845.8
8703.24.43,87,8703,Other Ambulance fitted with essen. equp. passen cabin leng>9ft cap >4000CC,,5.0,0.0,0.0,15.0,5.0,7.5,33.63
8703.31.11,87,8703,"Recon.Motor Cars and oth. Vech.incl.stn. wagon,CBU,cap.<=1000cc,diesel or semi-diesel",,25.0,3.0,45.0,15.0,5.0,7.5,132.36
8703.31.12,87,8703,"Recon.Motor Cars,CKD,capacity <=1000cc,diesel or semi-diesel",,25.0,3.0,20.0,15.0,5.0,7.5,93.16
8703.31.13,87,8703,"Recon. other vehicles,capacity <=1000cc, diesel or semi-diesel",,25.0,3.0,20.0,15.0,5.0,7.5,93.16
8703.31.14,87,8703,"Recond. Microbus,CBU,capacity <=1000cc,diesel or semi-diesel",,25.0,3.0,45.0,15.0,5.0,7.5,132.36
8703.31.22,87,8703,"Other Motor cars,CKD, capacity <=1000cc,diesel or semi-diesel",,25.0,3.0,20.0,15.0,5.0,7.5,93.16
8703.31.23,87,8703,"Other vehicles, CKD, capacity <=1000cc",,25.0,3.0,20.0,15.0,5.0,7.5,93.16
8703.31.24,87,8703,"Other Microbus,CBU, cap.<=1000cc",,25.0,3.0,20.0,15.0,5.0,7.5,93.16
8703.31.25,87,8703,"Three wheeled vehicles, not exceeding 1000CC",,25.0,3.0,20.0,15.0,5.0,7.5,93.16
8703.31.31,87,8703,"Recond.Motor cars & oth. vehicles incl. stn. wagon,CBU, capacity>1000cc, but <=1500cc",,25.0,3.0,45.0,15.0,5.0,7.5,132.36
8703.31.32,87,8703,"Reconditioned Motor cars, CKD, capacity >1000cc, but <=1500cc",,25.0,3.0,20.0,15.0,5.0,7.5,93.16
8703.31.33,87,8703,"Reconditioned other vehicles, CKD, capacity >=1000cc, but <=1500cc",,25.0,3.0,20.0,15.0,5.0,7.5,93.16
8703.31.35,87,8703,"Reconditioned Microbus, CBU, capacity >=1000cc, but <=1500cc",,25.0,3.0,45.0,15.0,5.0,7.5,132.36
8703.31.41,87,8703,"Other Motor cars & oth vehicles, incl. stn. wagon,CBU,capacity >=1000cc, but <=1500CC",,25.0,3.0,45.0,15.0,5.0,7.5,132.36
8703.31.42,87,8703,"Other motor cars, CKD, capacity >=1000cc, but <=1500cc",,25.0,3.0,20.0,15.0,5.0,7.5,93.16
8703.31.43,87,8703,"Other vehicles, CKD, capacity >=1000cc, but <=1500cc",,25.0,3.0,20.0,15.0,5.0,7.5,93.16
8703.31.44,87,8703,"Other Ambulance fitted with essen. equp passen cabin leng>9ft cap >=1000cc, <=1500cc",,5.0,0.0,0.0,15.0,5.0,7.5,33.63
8703.31.45,87,8703,"Microbus, CBU, capacity >=1000CC, but <=1500CC",,25.0,3.0,45.0,15.0,5.0,7.5,132.36
8703.32.11,87,8703,"Recon.Cars & oth.vech.incl.stn. wagon,CBU,cap.>1500cc,but <=1600cc",,25.0,3.0,45.0,15.0,5.0,7.5,132.36
8703.32.12,87,8703,"Reconditioned Motor Cars, CKD, capacity >1500cc, but <=1600cc",,25.0,3.0,20.0,15.0,5.0,7.5,93.16
8703.32.13,87,8703,"Recond. other vehicle, CKD, capacity >1500cc, but<=1600cc",,25.0,3.0,20.0,15.0,5.0,7.5,93.16
8703.32.14,87,8703,"Recond. Ambulance fitted with essen. equp. passen cabin leng.>9ft. >1500cc, <=1600cc",,5.0,0.0,0.0,15.0,5.0,7.5,33.63
8703.32.15,87,8703,"Recond.Microbus of a cylinder capacity >1500CC, <=1600CC",,25.0,3.0,45.0,15.0,5.0,7.5,132.36
8703.32.21,87,8703,"Oth.Motor cars & oth vehi.incl. stn.wagons,CBU,>1500cc,but <=1600cc",,25.0,3.0,45.0,15.0,5.0,7.5,132.36
8703.32.22,87,8703,"Other Motor cars, CKD, >1500cc, but <=1600cc",,25.0,3.0,20.0,15.0,5.0,7.5,93.16
8703.32.23,87,8703,"Other vehicles, CKD, capacity >1500cc, but <=1600cc",,25.0,3.0,20.0,15.0,5.0,7.5,93.16
8703.32.24,87,8703,"Other Ambulance fitted with essen. equp. passen cabin leng.>9ft cap >1500cc, <=1600cc",,5.0,0.0,0.0,15.0,5.0,7.5,33.63
8703.32.25,87,8703,"Other Microbus, CBU, of a cylinder capacity >1500cc and <=1600cc",,25.0,3.0,45.0,15.0,5.0,7.5,132.36
8703.32.31,87,8703,"Recon.Motor cars & oth vehi.incl. stn.wagons,CBU,>1600cc,but <=2000cc",,25.0,3.0,100.0,15.0,5.0,7.5,218.6
8703.32.32,87,8703,"Recond.Motor cars,CKD, >1600cc, but<=2000cc",,25.0,3.0,45.0,15.0,5.0,7.5,132.36
8703.32.33,87,8703,"Other Recond. Vehicles, CKD, capacity >1600cc,but <=2000cc",,25.0,3.0,45.0,15.0,5.0,7.5,132.36
8703.32.34,87,8703,"Recond.Ambulance fitted with essen. equp passen cabin leng.>9ft cap >1600cc, <=2000cc",,5.0,0.0,0.0,15.0,5.0,7.5,33.63
8703.32.35,87,8703,"Recond. Microbus, CBU, capacity not >1800cc",,25.0,3.0,20.0,15.0,5.0,7.5,93.16
8703.32.36,87,8703,"Microbus of a cylinder capacity exceeding 1800cc, CBU",,25.0,3.0,45.0,15.0,5.0,7.5,132.36
8703.32.41,87,8703,"Oth. Motor cars & oth vehi.incl. stn..,CBU,cap.>1600cc, but<=2000cc",,25.0,3.0,100.0,15.0,5.0,7.5,218.6
8703.32.42,87,8703,"Other Motor cars, CKD, cap.>1600cc, but <=2000cc",,25.0,3.0,45.0,15.0,5.0,7.5,132.36
8703.32.43,87,8703,"Other vehicles, CKD, capacity >1600cc,but <=2000cc",,25.0,3.0,45.0,15.0,5.0,7.5,132.36
8703.32.44,87,8703,"Ambulance fitted with essen. equp. passen cabin leng.>9ft cap >1600, but <=2000cc",,5.0,0.0,0.0,15.0,5.0,7.5,33.63
8703.32.45,87,8703,"Microbus, CBU, capacity <1800cc",,25.0,3.0,20.0,15.0,5.0,7.5,93.16
8703.32.46,87,8703,"Microbus of a cylinder capacity exceeding 1800cc, CBU",,25.0,3.0,45.0,15.0,5.0,7.5,132.36
8703.32.51,87,8703,"Recond.Motor cars & oth.vehicles, incl.stn.wagon,CBU,capacity >2000cc, but <=2500cc",,25.0,3.0,250.0,15.0,5.0,7.5,453.8
8703.32.52,87,8703,"Reconditioned Motor cars, CKD, capacity >2000cc, but <=2500cc",,25.0,3.0,150.0,15.0,5.0,7.5,297.0
8703.32.53,87,8703,"Reconditioned other vehicles, CKD, capacity >2000cc, but <=2500cc",,25.0,3.0,150.0,15.0,5.0,7.5,297.0
8703.32.61,87,8703,"Other Motor cars & oth.vehicles incl.stn.wagon,CBU,capacity >2000cc, but <=2500cc",,25.0,3.0,250.0,15.0,5.0,7.5,453.8
8703.32.62,87,8703,"Other Motor cars & oth.vehicles incl.stn.wagon,CKD,capacity >2000cc, but <=2500cc",,25.0,3.0,150.0,15.0,5.0,7.5,297.0
8703.32.63,87,8703,"Other Vehicles, not cars & stn wagon, CKD, capacity >2000cc, but <=2500cc",,25.0,3.0,150.0,15.0,5.0,7.5,297.0
8703.32.64,87,8703,"Ambulance fitted with essen equp passen cabin leng>9ft cap >2000CC, not >2500CC",,5.0,0.0,0.0,15.0,5.0,7.5,33.63
8703.33.11,87,8703,"Recon.Cars & oth. vech,incl.stn. wagon,CBU,cap.>2500cc,but <=3000cc",,25.0,3.0,250.0,15.0,5.0,7.5,453.8
8703.33.12,87,8703,"Recon.Cars & oth. vech,incl.stn. wagon,CKD, cap.>2500cc,but <=3000cc",,25.0,3.0,150.0,15.0,5.0,7.5,297.0
8703.33.13,87,8703,"Recon. Ambulance fitted with essen equp passen cabin leng>9ft cap.>2500cc, <=3000cc",,5.0,0.0,0.0,15.0,5.0,7.5,33.63
8703.33.21,87,8703,"Oth.Motor cars & vehi.incl.stn. wagons,CBU, cap.>2500cc, but <=3000cc",,25.0,3.0,250.0,15.0,5.0,7.5,453.8
8703.33.22,87,8703,"Oth.Motor cars & vehi.incl.stn. wagons,CKD, cap.>2500cc,but <=3000cc",,25.0,3.0,150.0,15.0,5.0,7.5,297.0
8703.33.23,87,8703,"Other Ambulance fitted with essen equp passen cabin leng>9ft cap>2500cc,but <=3000cc",,5.0,0.0,0.0,15.0,5.0,7.5,33.63
8703.33.31,87,8703,"Recon.Motor cars & oth.vehi.incl.stn. wagons,CBU,cap.>3000cc,<=4000cc",,25.0,3.0,500.0,15.0,5.0,7.5,845.8
8703.33.32,87,8703,"Recon.cars & oth. vehi.incl.stn. wagons, CKD, cap.>3000cc, <=4000cc",,25.0,3.0,350.0,15.0,5.0,7.5,610.6
8703.33.33,87,8703,"Recon.Ambulance fitted with essen equp passen cabin leng>9ft cap>3000cc,<=4000cc",,5.0,0.0,0.0,15.0,5.0,7.5,33.63
8703.33.41,87,8703,"Oth.Motor cars & vehi.incl. stn. wagons, CBU,>3000cc but <=4000cc",,25.0,3.0,500.0,15.0,5.0,7.5,845.8
8703.33.42,87,8703,"Oth.Motor cars & veh.incl. stn.wagons,CKD, cap. >3000cc,but<=4000cc",,25.0,3.0,350.0,15.0,5.0,7.5,610.6
8703.33.43,87,8703,"Other Ambulance fitted with essen equp passen cabin leng>9ft cap.>=3000cc,<=4000cc",,5.0,0.0,0.0,15.0,5.0,7.5,33.63
8703.33.51,87,8703,"Recon.Motor Car & oth.vehi.incl.stn.wagon, CBU, cap >4000cc,diesel/semi diesel",,25.0,3.0,500.0,15.0,5.0,7.5,845.8
8703.33.53,87,8703,Recon.Ambulance fitted with essen equp passen cabin leng>9ft cap >4000cc,,5.0,0.0,0.0,15.0,5.0,7.5,33.63
8703.33.61,87,8703,"Motor Car & Oth. Vehicle,incl.Stn.Wagon, CBU,Capacity >4000cc,diesel/semi diesel",,25.0,3.0,500.0,15.0,5.0,7.5,845.8
8703.33.63,87,8703,"Ambulance Fitted with essen equp passen cabin leng>9ft ,cap>4000cc",,5.0,0.0,0.0,15.0,5.0,7.5,33.63
8703.40.11,87,8703,Of a cylinder capacity not exceeding 1800 cc,,25.0,3.0,20.0,15.0,5.0,7.5,93.16
8703.40.12,87,8703,Of a cylinder capacity not exceeding 1800 cc,,25.0,3.0,20.0,15.0,5.0,7.5,93.16
8703.40.13,87,8703,"Microbus, brand new , cyliner capacity not >1600CC",,25.0,3.0,0.0,15.0,5.0,7.5,61.8
8703.40.14,87,8703,"Microbus, Reconditioned, cyliner capacity not >1600CC",,25.0,3.0,0.0,15.0,5.0,7.5,61.8
8703.40.16,87,8703,"Ambulance fitted with essen equp passen cabin leng>9ft, recondition, cap not >1800CC",,5.0,0.0,0.0,15.0,5.0,7.5,33.63
8703.40.21,87,8703,"Motor cars & oth. vehicles, incl. stn wagons, CBU, brand new, cap. >1600CC, <2000CC",,25.0,3.0,45.0,15.0,5.0,7.5,132.36
8703.40.22,87,8703,"Motor cars & oth. vehicles, incl. stn wagons, CBU, recondition, cap. >1600CC, <2000CC",,25.0,3.0,45.0,15.0,5.0,7.5,132.36
8703.40.23,87,8703,"Microbus, brand new",,25.0,3.0,30.0,15.0,5.0,7.5,108.84
8703.40.24,87,8703,"Microbus, reconditioned",,25.0,3.0,45.0,15.0,5.0,7.5,132.36
8703.40.26,87,8703,"Ambulance fitted with essen equp passen cabin leng>9ft cap >1800-2000 cc, CBU, recon",,5.0,0.0,0.0,15.0,5.0,7.5,33.63
8703.40.31,87,8703,"Motor cars & oth vehicles, incl. station wagons, CBU, brand new, >2000CC, = >2500CC",,25.0,3.0,60.0,15.0,5.0,7.5,155.88
8703.40.32,87,8703,"Motor cars & oth vehicles, incl. station wagons, CBU, Recond. , >2000CC, =<2500CC",,25.0,3.0,60.0,15.0,5.0,7.5,155.88
8703.40.33,87,8703,"Microbus, brand new, cylinder capacity >2000CC, but not >2500CC",,25.0,3.0,60.0,15.0,5.0,7.5,155.88
8703.40.34,87,8703,"Microbus, reconditioned, cylinder capacity >=2001CC, but not <=2500CC",,25.0,3.0,60.0,15.0,5.0,7.5,155.88
8703.40.42,87,8703,"Motor cars & oth vehicle, incl stn wagons, CBU,recondition, 2501CC- 3000CC",,25.0,3.0,100.0,15.0,5.0,7.5,218.6
8703.40.43,87,8703,"Microbus, brand new, cyliner capacity 2501CC-3000CC",,25.0,3.0,60.0,15.0,5.0,7.5,155.88
8703.40.44,87,8703,"Microbus, reconditioned, cyliner capacity 2501CC-3000CC",,25.0,3.0,60.0,15.0,5.0,7.5,155.88
8703.40.46,87,8703,"Ambulance fitted with essen equp passen cabin leng>9ft, recond, cap. 2501CC-3000CC",,5.0,0.0,0.0,15.0,5.0,7.5,33.63
8703.40.51,87,8703,"Motor cars and oth vehicles, incl station wagons, CBU, brand new, 3001CC-4000CC",,25.0,3.0,150.0,15.0,5.0,7.5,297.0
8703.40.52,87,8703,"Motor cars and oth vehicles, incl station wagons, CBU, recondition, capa3001CC-4000CC",,25.0,3.0,150.0,15.0,5.0,7.5,297.0
8703.40.53,87,8703,"Microbus, brand new, cyliner capacity 3001CC-4000CC",,25.0,3.0,60.0,15.0,5.0,7.5,155.88
8703.40.54,87,8703,"Microbus, reconditioned, cyliner capacity 3001CC-4000CC",,25.0,3.0,60.0,15.0,5.0,7.5,155.88
8703.40.55,87,8703,"Ambulance fitted with essen equp passen cabin len>9ft, brand new, 3001CC-4000CC",,5.0,0.0,0.0,15.0,5.0,7.5,33.63
8703.40.56,87,8703,"Ambulance fitted with essen equp passen cabin len>9ft, recond, 3001CC-4000CC",,5.0,0.0,0.0,15.0,5.0,7.5,33.63
8703.40.61,87,8703,"Motor cars and other vehicles, including station wagons, CBU, brand new >4000CC",,25.0,3.0,350.0,15.0,5.0,7.5,610.6
8703.40.62,87,8703,"Motor cars and other vehicles, including station wagons, CBU, reconditioned, >4000CC",,25.0,3.0,350.0,15.0,5.0,7.5,610.6
8703.40.63,87,8703,"Microbus, brand new , >4000CC",,25.0,3.0,60.0,15.0,5.0,7.5,155.88
8703.40.64,87,8703,"Microbus, reconditioned, >4000CC",,25.0,3.0,60.0,15.0,5.0,7.5,155.88
8703.40.65,87,8703,"Ambulance fitted with , essen equp passen cabin len>9ft brand new,cap >4000CC",,5.0,0.0,0.0,15.0,5.0,7.5,33.63
8703.40.66,87,8703,"Ambulance fitted with essen equp passen cabin leng>9ft, recond,Cap >4000CC",,5.0,0.0,0.0,15.0,5.0,7.5,33.63
8703.50.11,87,8703,"Motor cars and other vehicles, including station wagons, CBU, brand new, <=1800CC",,25.0,3.0,20.0,15.0,5.0,7.5,93.16
8703.50.12,87,8703,Of a cylinder capacity not exceeding 1600 cc,,25.0,3.0,20.0,15.0,5.0,7.5,93.16
8703.50.13,87,8703,"Microbus, brand new, cylinder capacity not exceeding 1600CC",,25.0,3.0,0.0,15.0,5.0,7.5,61.8
8703.50.14,87,8703,"Microbus, reconditioned, cylinder capacity not exceeding 1600CC",,25.0,3.0,0.0,15.0,5.0,7.5,61.8
8703.50.15,87,8703,"Ambulance fitted with essen equp Passn cabin len >9ft , brand new, <=1800CC",,5.0,0.0,0.0,15.0,5.0,7.5,33.63
8703.50.16,87,8703,"Ambulance fitted with essen equp Passn cabin len >9ft , reconditioned, =<1800CC",,5.0,0.0,20.0,15.0,5.0,7.5,59.35
8703.50.21,87,8703,"Motor cars & oth vehicles, incl stn wagons, CBU, brand new, >1800CC, but not >2000CC",,25.0,3.0,45.0,15.0,5.0,7.5,132.36
8703.50.22,87,8703,"Motor cars & oth vehicles, incl stn wagons, CBU, recond., >1800CC, but not >2000CC",,25.0,3.0,45.0,15.0,5.0,7.5,132.36
8703.50.23,87,8703,"Microbus of a cylinder capacity >1800 cc, not >2000cc, CBU, brand new.",,25.0,3.0,30.0,15.0,5.0,7.5,108.84
8703.50.24,87,8703,"Microbus, Brand new cylinder capacity >1800 cc, <=2000cc, CBU, reconditioned",,25.0,3.0,45.0,15.0,5.0,7.5,132.36
8703.50.25,87,8703,"Microbus of a cylinder capacity not exceeding 1800 cc, CBU, reconditioned",,5.0,0.0,30.0,15.0,5.0,7.5,72.21
8703.50.26,87,8703,"Ambulance fitted with essen equp Passn cabin len >9ft , recondi >1800 cc =<2000 cc",,5.0,0.0,45.0,15.0,5.0,7.5,91.51
8703.50.31,87,8703,"Motor cars & oth vehicles, incl station wagons, CBU, brand new, >2000CC, <=2500CC",,25.0,3.0,60.0,15.0,5.0,7.5,155.88
8703.50.32,87,8703,"Motor cars & oth vehicles, incl station wagons, CBU, reconditioned, >2000CC-<=2500CC",,25.0,3.0,60.0,15.0,5.0,7.5,155.88
8703.50.33,87,8703,"Microbus, brand new, capacity >2000CC, but not >2500CC",,25.0,3.0,60.0,15.0,5.0,7.5,155.88
8703.50.34,87,8703,"Microbus, reconditioned, capacity >2000CC, but not >2500CC",,25.0,3.0,60.0,15.0,5.0,7.5,155.88
8703.50.36,87,8703,"Ambulance fitted with essen equp Passn cabin len >9ft , recond, >2000CC, not >2500CC",,5.0,0.0,0.0,15.0,5.0,7.5,33.63
8703.50.41,87,8703,"Motor cars & oth vehicles, incl stn wagons, CBU, brand new, 2501 - 3000CC",,25.0,3.0,100.0,15.0,5.0,7.5,218.6
8703.50.42,87,8703,"Motor cars & oth vehicles, incl stn wagons, CBU, reconditioned, 2501 cc =<3000 cc",,25.0,3.0,100.0,15.0,5.0,7.5,218.6
8703.50.43,87,8703,"Microbus, brand new, capacity 2501 cc =<3000 cc",,25.0,3.0,60.0,15.0,5.0,7.5,155.88
8703.50.44,87,8703,"Microbus, reconditioned, capacity 2501 cc =<3000 cc",,25.0,3.0,60.0,15.0,5.0,7.5,155.88
8703.50.45,87,8703,"Ambulance fitted with essen equp Passn cabin len >9ft , brand new, 2501 cc =<3000 cc",,5.0,0.0,0.0,15.0,5.0,7.5,33.63
8703.50.46,87,8703,"Ambulance fitted with essen equp Passn cabin len >9ft, reconditi, 2501 cc =<3000 cc",,5.0,0.0,0.0,15.0,5.0,7.5,33.63
8703.50.51,87,8703,"Motor cars and other vehi, including station wagons, CBU, brand new, 3001 cc =<4000",,25.0,3.0,150.0,15.0,5.0,7.5,297.0
8703.50.52,87,8703,"Motor cars and other vehicles, including station wagons, CBU, reconditi, >3001-4000cc",,25.0,3.0,150.0,15.0,5.0,7.5,297.0
8703.50.53,87,8703,"Microbus, brand new, capacity 3001-4000cc",,25.0,3.0,60.0,15.0,5.0,7.5,155.88
8703.50.54,87,8703,"Microbus, reconditioned, capacity 3001-4000cc",,25.0,3.0,60.0,15.0,5.0,7.5,155.88
8703.50.55,87,8703,"Ambulance fitted with essen equp Passn cabin len >9ft, brand new, cap 3001-4000cc",,5.0,0.0,0.0,15.0,5.0,7.5,33.63
8703.50.56,87,8703,"Ambulance fitted with essen equp Passn cabin len >9ft , recond, capacity 3001-4000cc",,5.0,0.0,0.0,15.0,5.0,7.5,33.63
8703.50.61,87,8703,"Motor cars and other vehicles, incl. station wagons, CBU, brand new,capacity>4000CC",,25.0,3.0,350.0,15.0,5.0,7.5,610.6
8703.50.63,87,8703,"Microbus, brand new ,capacity >4000CC",,25.0,3.0,60.0,15.0,5.0,7.5,155.88
8703.50.64,87,8703,"Microbus, brand reconditioned ,capacity >4000CC",,25.0,3.0,60.0,15.0,5.0,7.5,155.88
8703.50.65,87,8703,"Ambulance fitted with essen equp Passn cabin len >9ft , brand new,capacity >4000CC",,5.0,0.0,100.0,15.0,5.0,7.5,162.25
8703.50.66,87,8703,"Ambulance fitted with essen equp Passn cabin len >9ft , recondi,cap >4000CC",,5.0,0.0,100.0,15.0,5.0,7.5,162.25
8703.60.11,87,8703,"Motor cars and oth vehicles, Inc. station wagons, CBU, Brand new,Capacity <1800cc",,25.0,3.0,20.0,15.0,5.0,7.5,93.16
8703.60.12,87,8703,"Motor cars and Oth vehicles, Incld. station wagons,CBU, Reconditioned,Capacity <1800c",,25.0,3.0,20.0,15.0,5.0,7.5,93.16
8703.60.13,87,8703,"Microbus, Brand new, Capacity <1800cc",,25.0,3.0,0.0,15.0,5.0,7.5,61.8
8703.60.14,87,8703,"Microbus, reconditioned, Capacity <1800cc",,25.0,3.0,0.0,15.0,5.0,7.5,61.8
8703.60.15,87,8703,"Ambulance fitted with essen equp passen cabin leng>9ft, Brand new, Capacity <1800cc",,5.0,0.0,0.0,15.0,5.0,7.5,33.63
8703.60.16,87,8703,"Ambulance fitted with essen equp passen cabin leng>9ft Recond., Capacity <1800cc",,5.0,0.0,0.0,15.0,5.0,7.5,33.63
8703.60.21,87,8703,"Motor cars and other vehicles, incl. stn. wagons, CBU, brand new , >1800cc, <=2000cc",,25.0,3.0,45.0,15.0,5.0,7.5,132.36
8703.60.22,87,8703,"Motor cars and other vehicles, incl. stn. wagons, CBU, Recond, >1800cc, <=2000cc",,25.0,3.0,45.0,15.0,5.0,7.5,132.36
8703.60.23,87,8703,"Microbus, brand new",,25.0,3.0,30.0,15.0,5.0,7.5,108.84
8703.60.24,87,8703,"Microbus of a cylinder capacity >1800 cc, <=2000cc, Brand New",,25.0,3.0,45.0,15.0,5.0,7.5,132.36
8703.60.25,87,8703,"Ambulance fitted with essen equp Pass cabin len>9ft >1800 cc,<=2000 , Brand New",,5.0,0.0,30.0,15.0,5.0,7.5,72.21
8703.60.26,87,8703,"Microbus, Recondition cylinder capacity >2000 cc, <2500cc, CBU, reconditioned",,5.0,0.0,45.0,15.0,5.0,7.5,91.51
8703.60.31,87,8703,"Motor cars and other vehicles, including station wagons, CBU, brand new,2001-2500cc",,25.0,3.0,60.0,15.0,5.0,7.5,155.88
8703.60.32,87,8703,"Motor cars and other vehicles, including station wagons, CBU, recondition,2001-2500cc",,25.0,3.0,60.0,15.0,5.0,7.5,155.88
8703.60.33,87,8703,"Microbus, brand new 2001-2500cc",,25.0,3.0,60.0,15.0,5.0,7.5,155.88
8703.60.34,87,8703,"Microbus, reconditioned 2001-2500cc",,25.0,3.0,60.0,15.0,5.0,7.5,155.88
8703.60.35,87,8703,"Ambulance fitted with essen equp passen cabin leng>9ft, brand new, 2001-2500cc",,5.0,0.0,0.0,15.0,5.0,7.5,33.63
8703.60.36,87,8703,"Ambulance fitted with essen equp passen cabin leng>9ft, recond. ,2001-2500cc",,5.0,0.0,0.0,15.0,5.0,7.5,33.63
8703.60.41,87,8703,"Motor cars and oth vehicles, incl. station wagons, CBU,brand new,cap >2500 but<3000cc",,25.0,3.0,100.0,15.0,5.0,7.5,218.6
8703.60.42,87,8703,"Motor cars and oth.vehicles, incl. station wagons, CBU,Recond., cap>2500 but<3000cc",,25.0,3.0,100.0,15.0,5.0,7.5,218.6
8703.60.43,87,8703,"Microbus, brand new, cylinder capacity>2500 but<3000cc",,25.0,3.0,60.0,15.0,5.0,7.5,155.88
8703.60.44,87,8703,"Microbus fitted with essential equipments, brand new,cylinder capacity>2500 but<3000",,25.0,3.0,60.0,15.0,5.0,7.5,155.88
8703.60.45,87,8703,"Ambulance fitted with essen equp passen cabin leng>9ft, brand new, 2501-3000cc",,5.0,0.0,0.0,15.0,5.0,7.5,33.63
8703.60.46,87,8703,"Ambulance fitted with essen equp passen cabin leng>9ft Recond, cap>2500 but<3000cc",,5.0,0.0,0.0,15.0,5.0,7.5,33.63
8703.60.51,87,8703,"Motor cars and other vehicles, including station wagons, CBU, brand new, 3001-4000cc",,25.0,3.0,150.0,15.0,5.0,7.5,297.0
8703.60.52,87,8703,"Motor cars and other vehicles, including station wagons, CBU, recondition,3001-4000cc",,25.0,3.0,150.0,15.0,5.0,7.5,297.0
8703.60.53,87,8703,"Microbus, brand new , 3001-4000cc",,25.0,3.0,60.0,15.0,5.0,7.5,155.88
8703.60.54,87,8703,"Microbus, redondition , 3001-4000cc",,25.0,3.0,60.0,15.0,5.0,7.5,155.88
8703.60.61,87,8703,"Motor cars and oth vehicles, Incl. station wagons, CBU, brand new, capacity>4000cc",,25.0,3.0,350.0,15.0,5.0,7.5,610.6
8703.60.62,87,8703,"Motor cars and oth vehicles, incl station wagons, CBU, Reconditioned, capacity>4000cc",,25.0,3.0,350.0,15.0,5.0,7.5,610.6
8703.60.63,87,8703,"Microbus, brand new, capacity>4000cc",,25.0,3.0,60.0,15.0,5.0,7.5,155.88
8703.60.64,87,8703,"Microbus, reconditioned, capacity>4000cc",,25.0,3.0,60.0,15.0,5.0,7.5,155.88
8703.60.65,87,8703,"Ambulance fitted with essen equp passen cabin leng>9ft, brand new, capacity>4000cc",,5.0,0.0,0.0,15.0,5.0,7.5,33.63
8703.60.66,87,8703,"Ambulance fitted with essen equp passen cabin leng>9ft, Recond cap>4000cc",,5.0,0.0,0.0,15.0,5.0,7.5,33.63
8703.70.11,87,8703,"Motor cars and oth vehicles, Incl. station wagons, CBU, brand new, Cyl Cap <1800cc",,25.0,3.0,20.0,15.0,5.0,7.5,93.16
8703.70.12,87,8703,"Motor cars and oth. vehicles, Incl. station wagons, CBU, Reconditioned, Cyl Cap<1800c",,25.0,3.0,20.0,15.0,5.0,7.5,93.16
8703.70.13,87,8703,"Microbus, Brand new, Cyl Cap<1800cc",,25.0,3.0,0.0,15.0,5.0,7.5,61.8
8703.70.14,87,8703,"Microbus, Reconditioned, Cyl Cap<1800cc",,25.0,3.0,0.0,15.0,5.0,7.5,61.8
8703.70.15,87,8703,"Ambulance fitted with essen equp passen cabin leng>9ft brand new, Cap<1800cc",,5.0,0.0,0.0,15.0,5.0,7.5,33.63
8703.70.16,87,8703,Ambulance fitted with essen equp passen cabin leng>9ft recond Cap<1800cc,,5.0,0.0,0.0,15.0,5.0,7.5,33.63
8703.70.21,87,8703,"Motor cars and Oth vehicles, Incl station wagons, CBU, Brand New, cap >1800 but <2000",,25.0,3.0,45.0,15.0,5.0,7.5,132.36
8703.70.22,87,8703,"Motor cars and oth vehicles, Incl. station wagons, CBU, Recon.,cap >1800 but <2000",,25.0,3.0,45.0,15.0,5.0,7.5,132.36
8703.70.23,87,8703,"Microbus, Brand new, cap >1800cc but <2000cc",,25.0,3.0,30.0,15.0,5.0,7.5,108.84
8703.70.24,87,8703,"Microbus, reconditioned, cap >1800cc but <2000cc",,25.0,3.0,45.0,15.0,5.0,7.5,132.36
8703.70.25,87,8703,"Ambulance fitted with ess. equp Pass cabin len>9ft cap 1801 - 2000 cc, Brand new",,5.0,0.0,30.0,15.0,5.0,7.5,72.21
8703.70.26,87,8703,"Ambulance fitted with essen equp Passn cabin len >9ft, recon, cap >1800cc but <2000cc",,5.0,0.0,45.0,15.0,5.0,7.5,91.51
8703.70.32,87,8703,"Motor cars and other vehicles, Inc. station wagons, CBU, Recon.Cap>2000cc But<2500cc",,25.0,3.0,60.0,15.0,5.0,7.5,155.88
8703.70.33,87,8703,"Microbus, brand new, Cap>2000cc But<2500cc",,25.0,3.0,60.0,15.0,5.0,7.5,155.88
8703.70.34,87,8703,"Microbus, reconditioned, Cap>2000cc But<2500cc",,25.0,3.0,60.0,15.0,5.0,7.5,155.88
8703.70.35,87,8703,"Ambulance fitted with essen equp Passn cabin len >9ft , brand new, Cap>2000cc,<2500cc",,5.0,0.0,0.0,15.0,5.0,7.5,33.63
8703.70.36,87,8703,"Ambulance fitted with essen equp Passn cabin len >9ft , recon, Cap>2000cc But<2500cc",,5.0,0.0,0.0,15.0,5.0,7.5,33.63
8703.70.41,87,8703,"Motor cars and oth vehicles, incl. station wagons, CBU, brand new,cap >2500 but <3000",,25.0,3.0,100.0,15.0,5.0,7.5,218.6
8703.70.42,87,8703,"Motor cars and oth vehicles, incl. station wagons, CBU, RECON. >2500 but <3000cc",,25.0,3.0,100.0,15.0,5.0,7.5,218.6
8703.70.43,87,8703,"Microbus, brand new, capacity >2500cc but <3000cc",,25.0,3.0,60.0,15.0,5.0,7.5,155.88
8703.70.44,87,8703,"Microbus, reconditioned capacity >2500cc but <3000cc",,25.0,3.0,60.0,15.0,5.0,7.5,155.88
8703.70.45,87,8703,"Ambulance fitted with essen equp Passn cabin >9ft, brand new, cap>2500cc, <3000cc",,5.0,0.0,0.0,15.0,5.0,7.5,33.63
8703.70.52,87,8703,"Motor cars and oth vehicles, incl.station wagons,CBU, RECOND.>3000cc BUT <4000CC",,25.0,3.0,150.0,15.0,5.0,7.5,297.0
8703.70.53,87,8703,"Microbus, brand new .>3000cc BUT <4000CC",,25.0,3.0,60.0,15.0,5.0,7.5,155.88
8703.70.54,87,8703,"Microbus, reconditioned, .>3000cc BUT <4000CC",,25.0,3.0,60.0,15.0,5.0,7.5,155.88
8703.70.56,87,8703,"Ambulance fitted with essen equp passen cabin leng>9ft , Recond,Cap >3000cc,<=4000cc",,5.0,0.0,0.0,15.0,5.0,7.5,33.63
8703.70.61,87,8703,"Motor cars and other vehicles, including station wagons, CBU, brand new >4000cc",,25.0,3.0,350.0,15.0,5.0,7.5,610.6
8703.70.62,87,8703,"Motor cars and other vehicles, including station wagons, CBU, reconditioned, >4000cc",,25.0,3.0,350.0,15.0,5.0,7.5,610.6
8703.70.63,87,8703,"Microbus, brand new, cylinder capacity exceeding 4000cc",,25.0,3.0,60.0,15.0,5.0,7.5,155.88
8703.70.64,87,8703,"Microbus, reconditioned, cylinder capacity exceeding 4000cc",,25.0,3.0,60.0,15.0,5.0,7.5,155.88
8703.70.65,87,8703,"Ambulance fitted with essen equp passen cabin leng>9ft, brand new, cap >4000cc",,5.0,0.0,0.0,15.0,5.0,7.5,33.63
8703.70.66,87,8703,"Ambulance fitted with essen equp passen cabin leng>9ft, recond, cap>4000cc",,5.0,0.0,0.0,15.0,5.0,7.5,33.63
8703.80.00,87,8703,"Other vehicles, with only electric motor for propulsion",,25.0,3.0,20.0,15.0,5.0,7.5,93.16
8703.90.11,87,8703,"CNG operated 3 wheeled vehicle, 4 stroke engine,CBU",,25.0,3.0,20.0,15.0,5.0,7.5,93.16
8703.90.12,87,8703,"CNG operated 3 wheeled Vehicle,4 stroke engine,CKD",,25.0,3.0,20.0,15.0,5.0,7.5,93.16
8703.90.13,87,8703,Electric Battery operated 3 wheeled Vehicles,,25.0,3.0,20.0,15.0,5.0,7.5,93.16
8703.90.19,87,8703,"Three wheelled vehicles, NES",,25.0,3.0,20.0,15.0,5.0,7.5,93.16
8703.90.20,87,8703,Ambulance fitted with essen equp passen cabin leng>9ft,,5.0,0.0,20.0,15.0,5.0,7.5,59.35
8703.90.90,87,8703,"Other Vehicle, NES",,25.0,3.0,20.0,15.0,5.0,7.5,93.16
8704.10.00,87,8704,Dumpers For Off-Highway Use,,1.0,0.0,0.0,15.0,5.0,7.5,28.73
8704.21.11,87,8704,"Refer Van & Insulated Road Milk Tanker In Cbu, G.V.W Not >5 Tonnes",,5.0,0.0,0.0,15.0,5.0,7.5,33.63
8704.21.12,87,8704,"Double cabin pickup,CBU,min.4 doors of a cylinder capacity =<1600cc",,25.0,3.0,45.0,15.0,5.0,7.5,132.36
8704.21.13,87,8704,"Double cabin pickup,CBU,min.4 doors of a cylinder capacity 1601-2000cc,",,25.0,3.0,60.0,15.0,5.0,7.5,155.88
8704.21.14,87,8704,"Double cabin pickup,CBU,min.4 doors of a cylinder capacity 2001cc-3000cc",,25.0,20.0,60.0,15.0,5.0,7.5,189.2
8704.21.15,87,8704,"Double cabin pickup,CBU,min.4 doors of a cylinder capacity 3001-4000cc",,25.0,3.0,350.0,15.0,5.0,7.5,610.6
8704.21.16,87,8704,"Double cabin pickup,CBU,min.4 doors of a cylinder capacity >4000cc",,25.0,3.0,500.0,15.0,5.0,7.5,845.8
8704.21.17,87,8704,Dumper/tipper in CBU,,15.0,0.0,0.0,15.0,5.0,7.5,45.88
8704.21.19,87,8704,"Goods vehicles, with diesel or semi-diesel engines, gvw =<5tonnes, CBU, NES",,25.0,3.0,0.0,15.0,5.0,7.5,61.8
8704.21.21,87,8704,Truck and pickup in CKD condition,,10.0,0.0,0.0,15.0,5.0,7.5,39.75
8704.21.22,87,8704,Dumper/tipper in CKD condition GVW<=5 TONES,,5.0,0.0,0.0,15.0,5.0,7.5,33.63
8704.21.29,87,8704,"Goods Vehicles,With Diesel Or Semi-Diesel Engines,Gvw<=5tons,Other In CKD",,25.0,3.0,0.0,15.0,5.0,7.5,61.8
8704.22.11,87,8704,Refrigeration Van in CBU,,5.0,0.0,0.0,15.0,5.0,7.5,33.63
8704.22.12,87,8704,Truck having more than 2 axles in CBU,,10.0,0.0,0.0,15.0,5.0,7.5,39.75
8704.22.13,87,8704,INSULATED ROAD MILK TANKER IN CBU,,1.0,0.0,0.0,15.0,5.0,7.5,28.73
8704.22.14,87,8704,Dumper/tipper in CBU,,15.0,0.0,0.0,15.0,5.0,7.5,45.88
8704.22.15,87,8704,Of compressor imported by VAT registered compressor manufacturers,,1.0,0.0,0.0,15.0,5.0,7.5,28.73
8704.22.19,87,8704,"Goods vehicles, with diesel or semi-diesel engines, gvw 5-20tonnes, CBU, NES",,25.0,3.0,0.0,15.0,5.0,7.5,61.8
8704.22.21,87,8704,"Truck, Gvw >5 Toones, Not >20 Tonnes, Ckd",,10.0,0.0,0.0,15.0,5.0,7.5,39.75
8704.22.22,87,8704,Dumper/tipper in CKD GVW 5-20 TONS,,5.0,0.0,0.0,15.0,5.0,7.5,33.63
8704.22.29,87,8704,"Goods vehicle....gvw 5-20tones, others CKD Condition",,25.0,3.0,0.0,15.0,5.0,7.5,61.8
8704.23.11,87,8704,"Refer Van & Insulated Road Milk Tanker , Cbu, Gvw >20 Tonnes",,5.0,0.0,0.0,15.0,5.0,7.5,33.63
8704.23.12,87,8704,Truck having more than 2 axles in CBU,,10.0,0.0,0.0,15.0,5.0,7.5,39.75
8704.23.13,87,8704,Dumper/tipper in CBU,,15.0,0.0,0.0,15.0,5.0,7.5,45.88
8704.23.19,87,8704,"Goods vehicles, with diesel or semi-diesel engines, gvw >20tonnes, CBU, NES",,25.0,3.0,0.0,15.0,5.0,7.5,61.8
8704.23.21,87,8704,"Truck, Ckd, Gvw >20 Tonnes",,10.0,0.0,0.0,15.0,5.0,7.5,39.75
8704.23.22,87,8704,"Dumper/tipper in CKD Condition,GVW>20Tones",,5.0,3.0,20.0,15.0,5.0,7.5,63.76
8704.23.29,87,8704,Goods Vehicle ....gvw>20 tones Other CKD Condition,,25.0,3.0,0.0,15.0,5.0,7.5,61.8
8704.31.11,87,8704,"Refer Van & Insulated Road Milk Tanker, Cbu, Gvw Not >5 Tonnes",,5.0,0.0,0.0,15.0,5.0,7.5,33.63
8704.31.12,87,8704,"Double cabin pickup,CBU,4 doors of a cylinder capacity <=1600cc",,25.0,3.0,45.0,15.0,5.0,7.5,132.36
8704.31.13,87,8704,"Double cabin pickup,CBU,min.4 doors of a cylinder capacity 1601CC BUT <=2000cc",,25.0,3.0,60.0,15.0,5.0,7.5,155.88
8704.31.14,87,8704,"Double cabin pickup,CBU,min.4 doors of a cylinder capacity >2000cc but<=3000cc",,25.0,20.0,60.0,15.0,5.0,7.5,189.2
8704.31.15,87,8704,"Double cabin pickup,CBU,min.4 doors of a cylinder capacity 3001-4000cc",,25.0,3.0,350.0,15.0,5.0,7.5,610.6
8704.31.16,87,8704,"Double cabin pickup,CBU,min.4 doors of a cylinder capacity >4000cc",,25.0,3.0,500.0,15.0,5.0,7.5,845.8
8704.31.17,87,8704,Dumper/tipper in CBU,,15.0,0.0,0.0,15.0,5.0,7.5,45.88
8704.31.19,87,8704,"Goods vehicles, with spark-ignition piston engines, gvw =<5tonnes, CBU, NES",,25.0,3.0,0.0,15.0,5.0,7.5,61.8
8704.31.21,87,8704,Goods Vehicle...gvw=<5 tones Truck in CKD,,10.0,0.0,0.0,15.0,5.0,7.5,39.75
8704.31.22,87,8704,Goods Vehicle...gvw=<5 tones Truck in CKD,,25.0,3.0,0.0,15.0,5.0,7.5,61.8
8704.31.23,87,8704,"Other, Ckd",,5.0,0.0,0.0,15.0,5.0,7.5,33.63
8704.31.29,87,8704,Goods Vehicle...gvw=<5 tones Truck in CKD,,25.0,3.0,0.0,15.0,5.0,7.5,61.8
8704.32.11,87,8704,"Refer Van & Insulated Road Milk Tanker, Cbu, Gvw >5 Tonnes",,5.0,0.0,0.0,15.0,5.0,7.5,33.63
8704.32.12,87,8704,Truck having more than 2 axles in CBU,,10.0,0.0,0.0,15.0,5.0,7.5,39.75
8704.32.13,87,8704,Dumper/tipper in CBU,,15.0,0.0,0.0,15.0,5.0,7.5,45.88
8704.32.19,87,8704,"Goods vehicles, with spark-ignition piston engines, gvw >5tonnes, CBU, NES",,25.0,3.0,0.0,15.0,5.0,7.5,61.8
8704.32.21,87,8704,"Truck, Ckd",,10.0,0.0,0.0,15.0,5.0,7.5,39.75
8704.32.22,87,8704,"Dumper/tipper in CKD condition , GVW >5 tones",,5.0,0.0,0.0,15.0,5.0,7.5,33.63
8704.32.29,87,8704,Goods Vehicle...gvw=<5 tones Truck in CKD,,25.0,3.0,0.0,15.0,5.0,7.5,61.8
8704.41.00,87,8704,Oth. with both com.-ignition intl com. pstn eng.(dsl……: g.v.w. not exceeding 5 tonnes,,25.0,3.0,0.0,15.0,5.0,7.5,61.8
8704.42.00,87,8704,Oth. with both com.-ignition intl com. pstn ..: g.v.w. exceeding >5 tons But <20 tons,,25.0,3.0,0.0,15.0,5.0,7.5,61.8
8704.43.00,87,8704,Oth. with both com.-ignition intl com. pstn ..: g.v.w. exceeding 20 tonnes,,25.0,3.0,0.0,15.0,5.0,7.5,61.8
8704.51.00,87,8704,Oth.with both spark-ignition intl com. pstn eng.&elec…..: g.v.w. not exceeding 5 tonn,,25.0,3.0,0.0,15.0,5.0,7.5,61.8
8704.52.00,87,8704,Oth.with both spark-ignition intl com. pstn eng.&elec…..: g.v.w. exceeding 5 tonnes,,25.0,3.0,0.0,15.0,5.0,7.5,61.8
8704.60.00,87,8704,Other with only electric motor for propulsion,,25.0,3.0,0.0,15.0,5.0,7.5,61.8
8704.90.11,87,8704,CNG/LPG/LNG operated Refrigeration van & insulated road milk tanker in CBU,,1.0,0.0,0.0,15.0,5.0,7.5,28.73
8704.90.12,87,8704,"CNG/LPG/LNG operated Trucks (excl. multi axle trucks) in CBU, g.v.w. exceeding 5 t",,10.0,0.0,0.0,15.0,5.0,7.5,39.75
8704.90.13,87,8704,CNG/LPG/LNG operated dumper/tipper in CBU,,15.0,0.0,0.0,15.0,5.0,7.5,45.88
8704.90.14,87,8704,"Pickup, Used Or Reconditioned,Cbu",,10.0,0.0,0.0,15.0,5.0,7.5,39.75
8704.90.19,87,8704,"Motor Vehicle...Goods, Others CBU",,25.0,3.0,0.0,15.0,5.0,7.5,61.8
8704.90.21,87,8704,"CNG/LPG/LNG operated Trucks (excl. multi axle trucks) in CKD, g.v.w. exceeding 5 to",,10.0,0.0,0.0,15.0,5.0,7.5,39.75
8704.90.22,87,8704,"Dumper/tipper in CKD condition , NES",,5.0,0.0,0.0,15.0,5.0,7.5,33.63
8704.90.29,87,8704,Others in CKD condition (Excl. Truck/PickUp),,25.0,3.0,0.0,15.0,5.0,7.5,61.8
8705.10.00,87,8705,Crane Lorries,,5.0,0.0,0.0,15.0,5.0,7.5,33.63
8705.20.00,87,8705,Mobile Drilling Derricks,,5.0,0.0,0.0,15.0,5.0,7.5,33.63
8705.30.00,87,8705,Fire Fighting Vehicles,,5.0,0.0,0.0,15.0,5.0,7.5,33.63
8705.40.00,87,8705,Concrete-Mixer Lorries,,10.0,0.0,0.0,15.0,5.0,7.5,39.75
8705.90.10,87,8705,"Special Purpose Motor Vehicles, Nes (Eg Breakdown Lorries, Etc)",,5.0,0.0,0.0,0.0,5.0,7.5,17.88
8705.90.20,87,8705,ROAD SWEEPER,,10.0,0.0,0.0,15.0,5.0,7.5,39.75
8705.90.90,87,8705,"Special Purpose Motor Vehicles, Nes (Eg Breakdown Lorries, Etc)",,10.0,0.0,0.0,15.0,5.0,7.5,39.75
8706.00.10,87,8706,"Chassis Fitted With Engines,For The Motor Vehicles Of Heading Nos. 87.01",,5.0,0.0,0.0,15.0,5.0,7.5,33.63
8706.00.21,87,8706,"Chassis Fitted With Eng.For The Motor Vehicles Of 87.02, Double Decker",,5.0,0.0,0.0,0.0,5.0,7.5,17.88
8706.00.22,87,8706,Chassis Fitted With Eng.Heading No.87.02 Buses For Having Seating Cap.>=40,,10.0,0.0,0.0,0.0,5.0,7.5,23.25
8706.00.23,87,8706,"Chas.Fite.With Eng.H.No.87.02,Public Car.Of Having Seating<15 Incl.Driver",,25.0,3.0,0.0,0.0,5.0,7.5,42.6
8706.00.24,87,8706,"Chassis fitted with engine,for the notor vehicles of heading 87.02 in CKD Condition",,5.0,0.0,0.0,0.0,5.0,7.5,17.88
8706.00.29,87,8706,"Chassis Fitted With Engines,For The Motor Vehicles Of 87.02, Nes",,10.0,0.0,0.0,0.0,5.0,7.5,23.25
8706.00.31,87,8706,Chas.Fitted With Eng.H.No.87.03for Three Wheeled Veh.With Two Strock Eng.,,25.0,3.0,20.0,15.0,5.0,7.5,93.16
8706.00.32,87,8706,Chassis Fit.With Eng.H.No.87.03 For Three Wheeled Veh.With Four Stroke Eng,,25.0,3.0,20.0,15.0,5.0,7.5,93.16
8706.00.33,87,8706,Chassis Fitt. With Eng.....Microbus of a cylinder capacity not exceeding 1800cc,,25.0,3.0,20.0,15.0,5.0,7.5,93.16
8706.00.34,87,8706,"Chassis fitted with engines, ....For microbus of a cylinder capacity exceeding 1800cc",,25.0,3.0,45.0,15.0,5.0,7.5,132.36
8706.00.35,87,8706,"Chassis fitted with engines, ....For vehicle of a cylinder capacity =< 1600cc",,25.0,3.0,20.0,15.0,5.0,7.5,93.16
8706.00.36,87,8706,"Chassis fitted with engines, ....For vehicle of a cylinder capacity 1601-2000cc",,25.0,15.0,60.0,15.0,5.0,7.5,179.4
8706.00.37,87,8706,"Chassis fitted with engines, ....For vehicle of a cylinder capacity 2001-3000cc",,25.0,15.0,150.0,15.0,5.0,7.5,333.75
8706.00.38,87,8706,"Chassis fitted with engines, ....For vehicle of a cylinder capacity 3001-4000cc",,25.0,10.0,300.0,15.0,5.0,7.5,566.5
8706.00.39,87,8706,"Chassis fitted with engines, ....For vehicle of a cylinder capacity >4000cc",,25.0,35.0,350.0,15.0,5.0,7.5,787.0
8706.00.41,87,8706,Ches.Fitt.With Eng.H.No.87.04 For Truck(Ex.Multi Axle Truck)Pickup&Del.Van,,25.0,3.0,0.0,15.0,5.0,7.5,61.8
8706.00.42,87,8706,"Chassis fitted with engines, for trucks with more than two axles including CNG/LPG/LN",,10.0,0.0,0.0,15.0,5.0,7.5,39.75
8706.00.43,87,8706,Chassis fitted with eng. for motor vehic. 8704. in CKD,,10.0,0.0,0.0,15.0,5.0,7.5,39.75
8706.00.44,87,8706,"Chassis fitted with engines, for double cabin pickup of headings 87.04, =<1600cc",,25.0,3.0,20.0,15.0,5.0,7.5,93.16
8706.00.45,87,8706,"Chassis fitted with engines, for double cabin pickup of he. 87.04, 1601-4000cc",,25.0,3.0,45.0,15.0,5.0,7.5,132.36
8706.00.46,87,8706,"Chassis fitted with engines, for double cabin pickup,2001-3000cc",,25.0,3.0,60.0,15.0,5.0,7.5,155.88
8706.00.47,87,8706,"Chassis fitted with engines, for double cabin pickup,2001-3000cc",,25.0,3.0,200.0,15.0,5.0,7.5,375.4
8706.00.48,87,8706,"Chassis fitted with engines, for double cabin pickup, >4000cc",,25.0,3.0,300.0,15.0,5.0,7.5,532.2
8706.00.49,87,8706,"Chassis Fitted With Engines, For The Motor Vehicles Of 87.04, Nes",,25.0,3.0,0.0,15.0,5.0,7.5,61.8
8706.00.50,87,8706,"Chassis Fitted With Engines, For The Motor Vehicles Of Heading No.87.05",,5.0,0.0,0.0,15.0,5.0,7.5,33.63
8707.10.00,87,8707,Bodies (Incl. Cabs) For The Motor Vehicles Of 87.03,,25.0,3.0,45.0,15.0,5.0,7.5,132.36
8707.90.10,87,8707,"Bodies Including Cabs, For The Motor Vehicles Of Heading Nos. 87.01",,5.0,0.0,0.0,15.0,5.0,7.5,33.63
8707.90.21,87,8707,"Bodies Incl.Cabs For The Motor Vehicles Nos. 87.02, Double Decker",,5.0,0.0,0.0,15.0,5.0,7.5,33.63
8707.90.22,87,8707,"Bodies Incl.Cabs For The Motor Vehic.No.87.02,Buses For Having Sea.Cap.=>0",,5.0,0.0,0.0,15.0,5.0,7.5,33.63
8707.90.23,87,8707,Bodi.Incl.Cabs For Motor Vehi.Public Carrier Of Havi.Seat.Cap.<=15incl.Dri,,10.0,0.0,0.0,15.0,5.0,7.5,39.75
8707.90.24,87,8707,Buses for having a seating capacity exceeding 15 but not exccding 40,,10.0,0.0,0.0,15.0,5.0,7.5,39.75
8707.90.29,87,8707,"Bodies Incl.Cabs For The Motor Vehicles, Nes",,25.0,3.0,0.0,15.0,5.0,7.5,61.8
8707.90.41,87,8707,"Bodies Including Cabs, For Trucks ( Excl. Multi Axle Trucks), Pickup",,25.0,3.0,0.0,15.0,5.0,7.5,61.8
8707.90.42,87,8707,"Bodies (Incl. Cabs) For The Motor Vehicles, Nes",,5.0,0.0,0.0,15.0,5.0,7.5,33.63
8707.90.49,87,8707,"Bodies Incl. Cabs For The Motor Vehicles, Nes",,25.0,3.0,0.0,15.0,5.0,7.5,61.8
8707.90.50,87,8707,"Bodies Including Cabs, For The Motor Vehicles Of Heading Nos.87.05",,5.0,0.0,0.0,15.0,5.0,7.5,33.63
8708.10.00,87,8708,Bumpers and parts thereof,,25.0,3.0,0.0,15.0,5.0,7.5,61.8
8708.21.00,87,8708,Safety seat belts,,25.0,3.0,0.0,15.0,5.0,7.5,61.8
8708.22.00,87,8708,"Front windscreens (windshields),rear windows& oth win. specified in S.head Note 1 Ch",,25.0,3.0,0.0,15.0,5.0,7.5,61.8
8708.29.00,87,8708,"Parts and accessories of bodies (incl. cabs), nes",,25.0,3.0,0.0,15.0,5.0,7.5,61.8
8708.30.00,87,8708,Brakes and servo-brakes and parts thereof Excl. For tractors,,25.0,3.0,0.0,15.0,5.0,7.5,61.8
8708.40.00,87,8708,Gear boxes,,25.0,3.0,0.0,15.0,5.0,7.5,61.8
8708.50.00,87,8708,Drive-axles with differential,,25.0,3.0,0.0,15.0,5.0,7.5,61.8
8708.70.00,87,8708,Road wheels and parts and accessories thereof,,25.0,15.0,0.0,15.0,5.0,7.5,76.5
8708.80.00,87,8708,Suspension shock absorbers,,25.0,3.0,0.0,15.0,5.0,7.5,61.8
8708.91.00,87,8708,Radiators,,25.0,3.0,0.0,15.0,5.0,7.5,61.8
8708.92.00,87,8708,Silencers and exhaust pipes,,25.0,3.0,0.0,15.0,5.0,7.5,61.8
8708.93.00,87,8708,Clutches and parts thereof,,25.0,3.0,0.0,15.0,5.0,7.5,61.8
8708.94.00,87,8708,"Steering wheels, steering columns and steering boxes",,25.0,3.0,0.0,15.0,5.0,7.5,61.8
8708.95.00,87,8708,Safety airbags with inflater system; parts thereof,,25.0,3.0,0.0,15.0,5.0,7.5,61.8
8708.99.00,87,8708,"Parts and accessories, nes, for vehicles of 87.01 to 87.05",,25.0,3.0,0.0,15.0,5.0,7.5,61.8
8709.11.00,87,8709,"Electrical vehicles, not fitted with lifting... equipment",,5.0,0.0,0.0,15.0,5.0,7.5,33.63
8709.19.00,87,8709,"Works trucks (excl. electrical), not fitted with lifting... equipment",,5.0,0.0,0.0,15.0,5.0,7.5,33.63
8709.90.00,87,8709,Parts Of Works Trucks Of 87.09,,10.0,0.0,0.0,15.0,5.0,7.5,39.75
8710.00.00,87,8710,Motorized Tanks And Other Armoured Fighting Vehicles And Parts Thereof,,5.0,0.0,0.0,15.0,5.0,7.5,33.63
8711.10.11,87,8711,"Motorcycles(incl. mopeds) capacity not >50cc,In CBU with four-stroke engine",,25.0,3.0,60.0,15.0,5.0,7.5,155.88
8711.10.19,87,8711,"Motorcycles,Capacity not >50cc, in CBU with two stroke engine",,25.0,3.0,250.0,15.0,5.0,7.5,453.8
8711.10.21,87,8711,"Motorcycle,capacity not >50 Cc,in CKD with four stroke engine",,25.0,3.0,20.0,15.0,5.0,7.5,93.16
8711.10.29,87,8711,"Motorcycle,capacity not>50Cc, in CKD with two stroke engine",,25.0,3.0,250.0,15.0,5.0,7.5,453.8
8711.10.91,87,8711,"Motor Cycle,Capacity not >50cc,NES(CBU/CKD) Four Stroke Engine in CBU",,25.0,3.0,60.0,15.0,5.0,7.5,155.88
8711.10.92,87,8711,Motorcycle Four-Stroke engine in CKD cylndr. capacity <=50cc,,25.0,3.0,20.0,15.0,5.0,7.5,93.16
8711.10.99,87,8711,"Motor Cycle, Capacity not >50cc NES(CBU/CKD), Two stroke Engine",,25.0,3.0,250.0,15.0,5.0,7.5,453.8
8711.20.11,87,8711,"Piston engine,capacity >50cc not >250cc,Motorcycle, in CBU with four-stroke engine",,25.0,3.0,60.0,15.0,5.0,7.5,155.88
8711.20.19,87,8711,"Piston Engine,Capacity >50cc not >250cc,MotorCycle,in CBU with two stroke engine",,25.0,3.0,250.0,15.0,5.0,7.5,453.8
8711.20.21,87,8711,"Piston Engine,Capacity >50cc not >250cc,Motorcycle,In CKD with four stroke engine",,25.0,3.0,20.0,15.0,5.0,7.5,93.16
8711.20.29,87,8711,"Piston Engine,Capacity >50cc not >250cc,Motorcycle,in CKD with two stroke engine",,25.0,3.0,250.0,15.0,5.0,7.5,453.8
8711.20.31,87,8711,Four Stroke Engine in CBU capacity 50-250cc,,25.0,3.0,60.0,15.0,5.0,7.5,155.88
8711.20.32,87,8711,Moped four Stroke Engine in CBU capacity 50-250cc,,25.0,3.0,0.0,15.0,5.0,7.5,61.8
8711.20.39,87,8711,Motorcycle....engine Capacity 50-250cc Other CBU,,25.0,3.0,60.0,15.0,5.0,7.5,155.88
8711.20.41,87,8711,Four Stroke Engine in CKD Engine Capacity 50-250cc,,25.0,3.0,20.0,15.0,5.0,7.5,93.16
8711.20.42,87,8711,Moped FourStroke Engine in CKD engine Capacity 50-250,,25.0,3.0,0.0,15.0,5.0,7.5,61.8
8711.20.49,87,8711,Motorcycle ...Engine Capacity 50-250cc Other CKD,,25.0,3.0,20.0,15.0,5.0,7.5,93.16
8711.20.51,87,8711,Two Stroke Engine in CBU Engine Capacity 50-250cc,,25.0,3.0,250.0,15.0,5.0,7.5,453.8
8711.20.52,87,8711,TwoStroke Engine in CBU Engine Capacity50-250cc,,25.0,3.0,250.0,15.0,5.0,7.5,453.8
8711.20.59,87,8711,TwoStroke Engine in CBU Engine Capacity50-250cc,,25.0,3.0,60.0,15.0,5.0,7.5,155.88
8711.30.10,87,8711,Motorcycles With reciprocating internal combustion ... a cylinder capacity 250-500cc,,25.0,3.0,100.0,15.0,5.0,7.5,218.6
8711.30.20,87,8711,"Motorcycles, with two-stroke engine, 251-500cc",,25.0,3.0,250.0,15.0,5.0,7.5,453.8
8711.30.90,87,8711,Motorcycles With reciprocating internal comb.... a cylinder capacity 251-500cc NES,,25.0,3.0,100.0,15.0,5.0,7.5,218.6
8711.40.10,87,8711,Motorcycles with reciprocating piston engine of capacity 500-800cc,,25.0,3.0,100.0,15.0,5.0,7.5,218.6
8711.40.20,87,8711,"Motorcycles, with two-stroke engine, 501-800CC",,25.0,3.0,250.0,15.0,5.0,7.5,453.8
8711.40.90,87,8711,Motorcycles with reciprocating piston engine of capacity 500-800cc,,25.0,3.0,100.0,15.0,5.0,7.5,218.6
8711.50.10,87,8711,Motorcycles with reciprocating piston engine of capacity >800cc,,25.0,3.0,100.0,15.0,5.0,7.5,218.6
8711.50.20,87,8711,"Motorcycles, with two-stroke engine, >800CC",,25.0,3.0,250.0,15.0,5.0,7.5,453.8
8711.50.90,87,8711,Motorcycles with reciprocating piston engine of capacity >800cc,,25.0,3.0,100.0,15.0,5.0,7.5,218.6
8711.60.00,87,8711,"Motorcycles (including mopeds)...; side-cars., With electric motor for propulsion",,10.0,0.0,0.0,15.0,5.0,7.5,39.75
8711.90.00,87,8711,Electric Battery Operated Two-Wheeler,,25.0,3.0,0.0,15.0,5.0,7.5,61.8
8712.00.00,87,8712,"Bicycles And Other Cycles, Not Motorized",,25.0,3.0,20.0,15.0,5.0,7.5,93.16
8713.10.00,87,8713,"Invalid Carriages, Not Mechanically Propelled",,0.0,0.0,0.0,0.0,2.0,0.0,2.0
8713.90.00,87,8713,"Invalid Carriages, Motorised Or Otherwise Mechanically Propelled",,0.0,0.0,0.0,0.0,2.0,0.0,2.0
8714.10.10,87,8714,"Parts and acce. Of Motorcycles, Saddles",,25.0,3.0,0.0,15.0,5.0,7.5,61.8
8714.10.20,87,8714,FUEL TANK OF MOTORCYCLE,,25.0,3.0,20.0,15.0,5.0,7.5,93.16
8714.10.90,87,8714,"Parts and acce. Of Motorcycles, EXCLUDING Saddles",,25.0,3.0,0.0,15.0,5.0,7.5,61.8
8714.20.00,87,8714,Parts And Accessories Of Invalid Carriages,,25.0,3.0,0.0,15.0,5.0,7.5,61.8
8714.91.00,87,8714,"Frames and forks, and parts thereof",,25.0,3.0,0.0,15.0,5.0,7.5,61.8
8714.92.10,87,8714,"Wheel Rims & Spokes Of Bicycles & Other Cycles, Not Motorised",,25.0,3.0,20.0,15.0,5.0,7.5,93.16
8714.92.90,87,8714,Wheel Rims & Spokes Of Bicycles & Other Cycles (Excl. Not Motorised),,25.0,3.0,0.0,15.0,5.0,7.5,61.8
8714.93.11,87,8714,"Hubs, other Than Coaster Braking Hubs & Hub ... Free-wheel sprocket-wheels of bicycle",,15.0,0.0,0.0,15.0,5.0,7.5,45.88
8714.93.19,87,8714,"Hubs, other Than Coaster Braking Hub excluding Free-wheel sprocket-wheels of bicycle",,15.0,0.0,0.0,15.0,5.0,7.5,45.88
8714.93.90,87,8714,"Hubs,Other Than Coaster Braking Hubs & ....Of Bicycles (Excl.Not Motorised",,25.0,3.0,0.0,15.0,5.0,7.5,61.8
8714.94.10,87,8714,"Brakes,Including Coaster Braking Hubs & Hubs...Of Bicycles, Not Motorised",,25.0,3.0,0.0,15.0,5.0,7.5,61.8
8714.94.90,87,8714,"Brakes,Including Coaster Braking Hubs &..Of Bicycle (Excl.Not Motorised)",,25.0,3.0,0.0,15.0,5.0,7.5,61.8
8714.95.10,87,8714,"Saddles Of Bicycles & Other, Not Motorised",,25.0,3.0,0.0,15.0,5.0,7.5,61.8
8714.95.90,87,8714,Saddles Of Bicycles & Other (Excl. Not Motorised),,25.0,3.0,0.0,15.0,5.0,7.5,61.8
8714.96.10,87,8714,"Pedals & Crank-Gear Of Bicycles & Other, Not Motorised",,10.0,0.0,0.0,15.0,5.0,7.5,39.75
8714.96.90,87,8714,Pedals & Crank-Gear Of Bicycles & Other (Excl. Not Motorised),,25.0,3.0,0.0,15.0,5.0,7.5,61.8
8714.99.00,87,8714,"Parts and accessories of cycles, nes",,25.0,3.0,0.0,15.0,5.0,7.5,61.8
8715.00.00,87,8715,Baby Carriages And Parts Thereof,,25.0,3.0,0.0,15.0,5.0,7.5,61.8
8716.10.00,87,8716,"Trailers And Semi-Trailers Of The Caravan Type, For Housing Or Camping",,25.0,3.0,0.0,15.0,5.0,7.5,61.8
8716.20.00,87,8716,Self-Loading/Unloading Trailers And Semi-Trailers For Agriculture,,1.0,0.0,0.0,15.0,5.0,7.5,28.73
8716.31.00,87,8716,Tanker Trailers And Tanker Semi-Trailers,,1.0,0.0,0.0,15.0,5.0,7.5,28.73
8716.39.00,87,8716,"Trailers And Semi-Trailers For The Transport Of Goods, Nes",,1.0,0.0,0.0,15.0,5.0,7.5,28.73
8716.40.00,87,8716,"Trailers And Semi-Trailers, Nes",,5.0,0.0,0.0,15.0,5.0,7.5,33.63
8716.80.00,87,8716,"Vehicles, Not Mechanically Propelled, Nes",,5.0,0.0,0.0,15.0,5.0,7.5,33.63
8716.90.00,87,8716,"Parts Of Trailers, Semi-Trailers, Etc, Of 87.16",,5.0,0.0,0.0,15.0,5.0,7.5,33.63
8801.00.00,88,8801,"Balloons and dirigibles; gliders, hang gliders and other nonpowered aircraft.",,10.0,0.0,0.0,15.0,5.0,7.5,39.75
8802.11.00,88,8802,Helicopters Of An Unladen Weight =<2000kg,,10.0,0.0,0.0,15.0,5.0,7.5,39.75
8802.12.00,88,8802,Helicopters Of An Unladen Weight >2000kg,,10.0,0.0,0.0,15.0,5.0,7.5,39.75
8802.20.00,88,8802,"Aeroplanes And Other Aircraft, Nes, Of An Unladen Weight =<2000kg",,0.0,0.0,0.0,0.0,0.0,7.5,7.5
8802.30.00,88,8802,"Aeroplanes And Other Aircraft, Nes, Of An Unladen Weight 2000-15000kg",,0.0,0.0,0.0,0.0,0.0,7.5,7.5
8802.40.00,88,8802,"Aeroplanes And Other Aircraft, Nes, Of An Unladen Weight >15000kg",,0.0,0.0,0.0,0.0,0.0,7.5,7.5
8802.60.00,88,8802,Spacecraft (Incl.Satellites) And Suborbital And Spacecraft Launch Vehicles,,0.0,0.0,0.0,0.0,5.0,7.5,12.5
8804.00.00,88,8804,Parachutes(Inc.Dirigible Parachutes/Paragliders)&Rotochutes;Parts There To,,5.0,0.0,0.0,15.0,5.0,7.5,33.63
8805.10.00,88,8805,"Aircraft Launching Gear, Deck-Arrestors... And Parts Thereof",,5.0,0.0,0.0,15.0,5.0,7.5,33.63
8805.21.00,88,8805,AIR COMBAT SIMULATORS AND PARTS THEREOF,,5.0,0.0,0.0,15.0,5.0,7.5,33.63
8805.29.00,88,8805,"GROUND FLYING TRAINERS AND PARTS THEREOF,EXCLUDING AIR COMBAT SIMULATORS",,5.0,0.0,0.0,15.0,5.0,7.5,33.63
8806.10.00,88,8806,Unmanned aircraft: Designed for the carriage of passengers,,25.0,3.0,0.0,15.0,5.0,7.5,61.8
8806.21.00,88,8806,"Oth,for rmt-ctrl.flight only, With maximum take-off weight<250g",,25.0,3.0,0.0,15.0,5.0,7.5,61.8
8806.22.00,88,8806,"Oth,for rmt-ctrl.flight only: With maximum take-off weight>250g but <7 kg",,25.0,3.0,0.0,15.0,5.0,7.5,61.8
8806.23.00,88,8806,"Oth,for rmt-ctrl.flight only: With maximum take-off weight >7 kg but <25 kg",,25.0,3.0,0.0,15.0,5.0,7.5,61.8
8806.24.00,88,8806,"Oth,for rmt-ctrl.flight only: With maximum take-off weight>25 kg but <150 kg",,25.0,3.0,0.0,15.0,5.0,7.5,61.8
8806.29.00,88,8806,"- Other, for remote-controlled flight only : OTHER",,25.0,3.0,0.0,15.0,5.0,7.5,61.8
8806.91.00,88,8806,"OTHER,With maximum take-off weight not more than 250 g",,25.0,3.0,0.0,15.0,5.0,7.5,61.8
8806.92.00,88,8806,OTHER: With maximum take-off weight>250g but <7 kg,,25.0,3.0,0.0,15.0,5.0,7.5,61.8
8806.93.00,88,8806,OTHER: With maximum take-off weight >7 kg but <25 kg,,25.0,3.0,0.0,15.0,5.0,7.5,61.8
8806.94.00,88,8806,OTHER: With maximum take-off weight >7 kg but <150 kg,,25.0,3.0,0.0,15.0,5.0,7.5,61.8
8806.99.00,88,8806,OTHERS: NES,,25.0,3.0,0.0,15.0,5.0,7.5,61.8
8807.10.10,88,8807,Propellers and rotors and parts thereof :,,25.0,3.0,0.0,0.0,5.0,7.5,42.6
8807.10.90,88,8807,Propellers and rotors and parts thereof :,,0.0,0.0,0.0,0.0,5.0,7.5,12.5
8807.20.10,88,8807,"Parts of goods of heading 88.01, 88.02 or 88.06.: Under-carriages and parts thereof",,25.0,3.0,0.0,0.0,5.0,7.5,42.6
8807.20.90,88,8807,"Parts of goods of heading 88.01, 88.02 or 88.06.: Under-carriages and parts thereof",,0.0,0.0,0.0,0.0,5.0,7.5,12.5
8807.30.10,88,8807,"Other parts of aeroplanes, helicopters or unmanned aircraft :",,25.0,3.0,0.0,0.0,5.0,7.5,42.6
8807.30.90,88,8807,"Other parts of aeroplanes, helicopters or unmanned aircraft :",,0.0,0.0,0.0,0.0,5.0,7.5,12.5
8807.90.00,88,8807,"Parts of goods of heading 88.01, 88.02 or 88.06.OTHER",,0.0,0.0,0.0,0.0,5.0,7.5,12.5
8901.10.10,89,8901,Vessels capa. <=3000 DWT for regi. Bangladesh oper. in ocean at least 3 conse. year,,25.0,3.0,0.0,15.0,5.0,7.5,61.8
8901.10.90,89,8901,"Cruise ships, excursion boats, etc, for people; ferry boats, nes",,10.0,0.0,0.0,15.0,5.0,7.5,39.75
8901.20.10,89,8901,Vessels capa.=<3000 DWT for regi.in BD operating in ocean at least 3 consec year,,25.0,3.0,0.0,15.0,5.0,7.5,61.8
8901.20.90,89,8901,"Tankers, nes",,10.0,0.0,0.0,15.0,5.0,7.5,39.75
8901.30.10,89,8901,Vessels capa. <=3000 DWT for regi.in BD operating in ocean at least 3 consec year,,25.0,3.0,0.0,15.0,5.0,7.5,61.8
8901.30.90,89,8901,"Refrigerated vessels, nes",,10.0,0.0,0.0,15.0,5.0,7.5,39.75
8901.90.10,89,8901,Vessels capa. <=3000 DWT for regi.in BD operating in ocean at least 3 consec year,,25.0,3.0,0.0,15.0,5.0,7.5,61.8
8901.90.90,89,8901,"Vessels for the transport of goods and both persons and goods, nes",,10.0,0.0,0.0,15.0,5.0,7.5,39.75
8902.00.00,89,8902,"Fishing Vessels; Factory Ships,Etc, For Processing/Preserving Fish Prducts",,1.0,0.0,0.0,15.0,5.0,7.5,28.73
8903.11.00,89,8903,"Fitted or dsgn. to be fitted with a motor,unladen (net) weight (ex. the motor) <100kg",,25.0,3.0,0.0,15.0,5.0,7.5,61.8
8903.12.00,89,8903,Not designed for use with a motor and unladen (net) weight not exceeding 100 kg,,25.0,3.0,0.0,15.0,5.0,7.5,61.8
8903.19.00,89,8903,Inflatable (including rigid hull inflatable) boats : OTHER,,25.0,3.0,0.0,15.0,5.0,7.5,61.8
8903.21.00,89,8903,"Sailboats, oth than inflatable, with or without auxiliary motor, Of a length < 7.5 m",,25.0,3.0,0.0,15.0,5.0,7.5,61.8
8903.22.00,89,8903,"Sailboats,oth than inflatable,with/without auxiliary motor:Of a length >7.5m but<24m",,25.0,3.0,0.0,15.0,5.0,7.5,61.8
8903.23.00,89,8903,"Sailboats,oth than inflatable,with or without auxiliary motor: Of a length>24 m",,25.0,3.0,0.0,15.0,5.0,7.5,61.8
8903.31.00,89,8903,"Motorboats, other than inflatable, not including outboard motorboats:of a length<7.5m",,25.0,3.0,0.0,15.0,5.0,7.5,61.8
8903.32.00,89,8903,"Motorboats,oth than inflatable, not incl. outboard motorboats: Of a len>7.5m but <24m",,25.0,3.0,0.0,15.0,5.0,7.5,61.8
8903.33.00,89,8903,"Motorboats,oth than inflatable, not incl. outboard motorboats: Of a length>24m",,25.0,3.0,0.0,15.0,5.0,7.5,61.8
8903.93.00,89,8903,"Yachts and oth vessels for pleasure or sports; rowing boats canoes,OTH,of a len<7.5m",,25.0,3.0,0.0,15.0,5.0,7.5,61.8
8903.99.00,89,8903,"Other Vessels For Pleasure Or Sports, Nes; Rowing Boats And Canoes",,25.0,3.0,0.0,15.0,5.0,7.5,61.8
8904.00.00,89,8904,Tugs And Pusher Craft,,10.0,0.0,0.0,15.0,5.0,7.5,39.75
8905.10.00,89,8905,Dredgers,,5.0,0.0,0.0,15.0,5.0,7.5,33.63
8905.20.00,89,8905,Floating Or Submersible Drilling Or Production Platforms,,10.0,0.0,0.0,15.0,5.0,7.5,39.75
8905.90.00,89,8905,"Oth. Light Vessels, Fire-Floats, Floating Cranes, Etc, Nes",,10.0,0.0,0.0,15.0,5.0,7.5,39.75
8906.10.00,89,8906,WARSHIPS,,5.0,0.0,0.0,15.0,5.0,7.5,33.63
8906.90.00,89,8906,"OTHER VESSELS, EXCLUDING WARSHIPS",,10.0,0.0,0.0,15.0,5.0,7.5,39.75
8907.10.00,89,8907,Inflatable Rafts,,10.0,0.0,0.0,15.0,5.0,7.5,39.75
8907.90.00,89,8907,"Oth.Floating Structures(Egtanks,Cofferdams,Landingstages,Buoys/Beacons)Nes",,10.0,0.0,0.0,15.0,5.0,7.5,39.75
9001.10.10,90,9001,Optical fibres and color optical fibres,,10.0,0.0,0.0,15.0,5.0,7.5,39.75
9001.20.00,90,9001,"Sheets And Plates Of Polarising Material, Unmounted",,10.0,0.0,0.0,15.0,5.0,7.5,39.75
9001.30.00,90,9001,Contact Lenses,,10.0,0.0,0.0,15.0,5.0,7.5,39.75
9001.40.00,90,9001,Spectacle Lenses Of Glass,,10.0,0.0,0.0,15.0,5.0,7.5,39.75
9001.50.00,90,9001,Spectacle Lenses (Excl. Of Glass),,5.0,0.0,0.0,15.0,5.0,7.5,33.63
9001.90.10,90,9001,Blanks And Demos Of Plastic,,5.0,0.0,0.0,15.0,5.0,7.5,33.63
9001.90.90,90,9001,"Oth. Prisms, Mirrors And Other Optical Elements, Unmounted, Nes",,10.0,0.0,0.0,15.0,5.0,7.5,39.75
9002.11.00,90,9002,"Mounted Objective Lenses, Of Any Material, For Cameras, Projectors, Etc",,10.0,0.0,0.0,15.0,5.0,7.5,39.75
9002.19.00,90,9002,"Mounted Objective Lenses, Of Any Material, Nes",,10.0,0.0,0.0,15.0,5.0,7.5,39.75
9002.20.00,90,9002,"Mounted Filters, Of Any Material",,10.0,0.0,0.0,15.0,5.0,7.5,39.75
9002.90.00,90,9002,"Oth. Mounted Lenses, Prisms, Mirrors, Etc, Of Any Material, Nes",,10.0,0.0,0.0,15.0,5.0,7.5,39.75
9003.11.00,90,9003,"Frames And Mountings For Spectacles, Goggles Or The Like, Of Plastics, TV",,25.0,3.0,10.0,15.0,5.0,7.5,77.48
9003.19.00,90,9003,"Frames And Mountings For Spectacles, Goggles Or The Like, Nes, TV",,25.0,3.0,10.0,15.0,5.0,7.5,77.48
9003.90.00,90,9003,"Other Parts Of Frames And Mountings For Spectacles, Goggles Or The Like",,25.0,3.0,0.0,15.0,5.0,7.5,61.8
9004.10.00,90,9004,"Sunglasses, TV",,25.0,3.0,10.0,15.0,5.0,7.5,77.48
9004.90.00,90,9004,"Spectacles, Goggles And The Like (Excl. Sunglasses), TV",,25.0,3.0,10.0,15.0,5.0,7.5,77.48
9005.10.00,90,9005,Binoculars,,5.0,0.0,0.0,15.0,5.0,7.5,33.63
9005.80.00,90,9005,Other Instruments (Excl. Binoculars) Such As Optical Telescopes,,5.0,0.0,0.0,15.0,5.0,7.5,33.63
9005.90.00,90,9005,"Parts And Accessories (Incl. Mountings) Of Binoculars, Etc",,5.0,0.0,0.0,15.0,5.0,7.5,33.63
9006.30.00,90,9006,"Cameras For Underwater Use, For Aerial Survey, For Medical Purposes...",,10.0,0.0,0.0,15.0,5.0,7.5,39.75
9006.40.00,90,9006,Instant Print Cameras,,10.0,0.0,0.0,15.0,5.0,7.5,39.75
9006.53.00,90,9006,"Cameras, Nes, Taking 35mm Roll Film",,10.0,0.0,0.0,15.0,5.0,7.5,39.75
9006.59.00,90,9006,"Cameras,Nes (Not Cine-)",,10.0,0.0,0.0,15.0,5.0,7.5,39.75
9006.61.00,90,9006,Discharge Lamp (Electronic) Flashlight Apparatus,,10.0,0.0,0.0,15.0,5.0,7.5,39.75
9006.69.00,90,9006,"Photographic Flashlight Apparatus, Nes",,10.0,0.0,0.0,15.0,5.0,7.5,39.75
9006.91.00,90,9006,Parts And Accessories For Cameras (Not Cine-),,10.0,0.0,0.0,15.0,5.0,7.5,39.75
9006.99.00,90,9006,Parts And Accessories For Photographic Flashlight Apparatus,,10.0,0.0,0.0,15.0,5.0,7.5,39.75
9007.10.10,90,9007,Cameras For film of less than 16 mm width or for double-8 mm film:,,10.0,0.0,0.0,15.0,5.0,7.5,39.75
9007.10.90,90,9007,Cameras (Other than For film of less than 16 mm width or for double-8 mm film),,1.0,0.0,0.0,15.0,5.0,7.5,28.73
9007.20.10,90,9007,Other Of Film Less Than 16mm,,10.0,0.0,0.0,15.0,5.0,7.5,39.75
9007.20.90,90,9007,Other Cinematographic Projectors Nes.,,1.0,0.0,0.0,15.0,5.0,7.5,28.73
9007.91.00,90,9007,Parts And Accessories For Cinematographic Cameras,,10.0,0.0,0.0,15.0,5.0,7.5,39.75
9007.92.00,90,9007,Parts And Accessories For Cinematographic Projectors,,10.0,0.0,0.0,15.0,5.0,7.5,39.75
9008.50.00,90,9008,"Projectors, enlargers and reducers",,1.0,0.0,0.0,15.0,5.0,7.5,28.73
9008.90.00,90,9008,"Parts And Accessories Of Image Projectors, Photo Enlargers/Reducers",,1.0,0.0,0.0,15.0,5.0,7.5,28.73
9010.10.00,90,9010,Apparatus And Equipment For Automatically Developing Photographic Film,,1.0,0.0,0.0,15.0,5.0,7.5,28.73
9010.50.00,90,9010,"Oth Apparatus & Equipment For Photographic(& Cinema.)Labs,Nes;Negatoscopes",,1.0,0.0,0.0,15.0,5.0,7.5,28.73
9010.60.00,90,9010,Projection Screens,,1.0,0.0,0.0,15.0,5.0,7.5,28.73
9010.90.00,90,9010,Parts And Accessories Of Photo-Laboratory Apparatus Of 90.10,,1.0,0.0,0.0,15.0,5.0,7.5,28.73
9011.10.00,90,9011,Stereoscopic Microscopes,,1.0,0.0,0.0,15.0,5.0,7.5,28.73
9011.20.00,90,9011,"Optical Microscopes, For Microphotography... Or Microprojection",,1.0,0.0,0.0,15.0,5.0,7.5,28.73
9011.80.00,90,9011,"Other Optical Microscopes, Nes",,1.0,0.0,0.0,15.0,5.0,7.5,28.73
9011.90.00,90,9011,Parts And Accessories Of Optical Microscopes Of 90.11,,1.0,0.0,0.0,15.0,5.0,7.5,28.73
9012.10.00,90,9012,Microscopes (Excl. Optical Microscopes) And Diffraction Apparatus,,1.0,0.0,0.0,15.0,5.0,7.5,28.73
9012.90.00,90,9012,Parts And Accessories Of Microscopes And Diffraction Apparatus Of 90.12,,1.0,0.0,0.0,15.0,5.0,7.5,28.73
9013.10.00,90,9013,"Telescopic Sights For Fitting To Arms; Periscopes, Etc",,5.0,0.0,0.0,15.0,5.0,7.5,33.63
9013.20.00,90,9013,"Lasers, Other Than Laser Diodes",,5.0,0.0,0.0,15.0,5.0,7.5,33.63
9013.80.10,90,9013,"Optical devices, appliances and instruments, nes",,5.0,0.0,0.0,15.0,5.0,7.5,33.63
9013.80.90,90,9013,"Optical devices, appliances and instruments, nes",,5.0,0.0,0.0,15.0,5.0,7.5,33.63
9013.90.10,90,9013,"Parts And Accessories Of Lasers And Optical Devices, Nes, Of 90.13",,5.0,0.0,0.0,15.0,5.0,7.5,33.63
9013.90.90,90,9013,"Parts And Accessories Of Lasers And Optical Devices, Nes, Of 90.13",,5.0,0.0,0.0,15.0,5.0,7.5,33.63
9014.10.00,90,9014,Direction Finding Compasses,,1.0,0.0,0.0,15.0,5.0,7.5,28.73
9014.20.00,90,9014,Instruments/Apparatus For Aeronautical/Space Navigation (Excl Compasses),,1.0,0.0,0.0,15.0,5.0,7.5,28.73
9014.80.10,90,9014,"Instruments And Apparatus For Navigation, Nes",,0.0,0.0,0.0,0.0,5.0,7.5,12.5
9014.80.90,90,9014,"Instruments And Apparatus For Navigation, Nes",,1.0,0.0,0.0,15.0,5.0,7.5,28.73
9014.90.00,90,9014,Parts And Accessories Of Instruments And Apparatus For Navigation,,1.0,0.0,0.0,15.0,5.0,7.5,28.73
9015.10.00,90,9015,Rangefinders,,1.0,0.0,0.0,15.0,5.0,7.5,28.73
9015.20.00,90,9015,Theodolites And Tacheometers,,1.0,0.0,0.0,15.0,5.0,7.5,28.73
9015.30.00,90,9015,Levels For Surveying,,1.0,0.0,0.0,15.0,5.0,7.5,28.73
9015.40.00,90,9015,"Photogrammetrical, Surveying Instruments And Appliances",,1.0,0.0,0.0,15.0,5.0,7.5,28.73
9015.80.10,90,9015,"Other Instruments And Appliances For Meteorological... Purposes, Nes",,0.0,0.0,0.0,0.0,5.0,7.5,12.5
9015.80.90,90,9015,"Other Instruments And Appliances For Meteorological... Purposes, Nes",,1.0,0.0,0.0,15.0,5.0,7.5,28.73
9015.90.00,90,9015,Parts And Accessories Of Surveying... Instruments/Apparatus Of 90.15,,1.0,0.0,0.0,15.0,5.0,7.5,28.73
9016.00.00,90,9016,"Balances Of A Sensitivity Of 5cg Or Better, With Or Without Weights",,5.0,0.0,0.0,15.0,5.0,7.5,33.63
9017.10.00,90,9017,"Drafting Tables And Machines, Wheather Or Not Automatic",,10.0,0.0,0.0,15.0,5.0,7.5,39.75
9017.20.00,90,9017,"Other drawing, marking-out or mathematical calculating instruments:",,10.0,0.0,0.0,15.0,5.0,7.5,39.75
9017.30.00,90,9017,"Micrometers, Calipers And Gauges",,10.0,0.0,0.0,15.0,5.0,7.5,39.75
9017.80.10,90,9017,Plotter,,10.0,0.0,0.0,15.0,5.0,7.5,39.75
9017.80.90,90,9017,Other Instruments,,10.0,0.0,0.0,15.0,5.0,7.5,39.75
9017.90.00,90,9017,Parts And Accessories Of Drawing/Measuring Instruments Of 90.17,,10.0,0.0,0.0,15.0,5.0,7.5,39.75
9018.11.00,90,9018,Electro-Cardiographs,,0.0,0.0,0.0,15.0,5.0,7.5,27.5
9018.12.00,90,9018,Ultrasonic Scanning Apparatus,,1.0,0.0,0.0,15.0,5.0,7.5,28.73
9018.13.00,90,9018,Magnetic Resonance Imaging Apparatus,,0.0,0.0,0.0,15.0,5.0,7.5,27.5
9018.14.00,90,9018,Scintigraphic Apparatus,,1.0,0.0,0.0,15.0,5.0,7.5,28.73
9018.19.10,90,9018,Other Electro-Diagnostic Apparatus Nes,,5.0,0.0,0.0,15.0,5.0,7.5,33.63
9018.19.90,90,9018,Other Electro-Diagnostic Apparatus Nes,,1.0,0.0,0.0,15.0,5.0,7.5,28.73
9018.20.00,90,9018,"Ultra-Violet Or Infra-Red Apparatus, For Medical, Surgical... Sciences",,1.0,0.0,0.0,15.0,5.0,7.5,28.73
9018.31.10,90,9018,"Empty prefilled glass/plastic syringes with needles,.. shield, plunger and stopper",,10.0,0.0,0.0,15.0,5.0,7.5,39.75
9018.31.20,90,9018,Portable infusion pump (syringe driver),,0.0,0.0,0.0,15.0,5.0,7.5,27.5
9018.31.30,90,9018,Plastic syringe with or without needles,,10.0,0.0,0.0,15.0,5.0,7.5,39.75
9018.31.40,90,9018,Auto disable syringe,,10.0,0.0,0.0,15.0,5.0,7.5,39.75
9018.31.90,90,9018,"Syringes, NES",,10.0,0.0,0.0,15.0,5.0,7.5,39.75
9018.32.00,90,9018,"Tubular Metal Needles And Needles For Sutures, For Medical... Sciences",,10.0,0.0,0.0,0.0,5.0,7.5,23.25
9018.39.11,90,9018,Infusion set with or without IV fluid bag,,25.0,3.0,0.0,15.0,5.0,7.5,61.8
9018.39.12,90,9018,Blood transfusion set,,10.0,0.0,0.0,15.0,5.0,7.5,39.75
9018.39.13,90,9018,Feeding tube,,10.0,0.0,0.0,15.0,5.0,7.5,39.75
9018.39.14,90,9018,IV cannulae,,10.0,0.0,0.0,15.0,5.0,7.5,39.75
9018.39.15,90,9018,Scalp vein set,,10.0,0.0,0.0,15.0,5.0,7.5,39.75
9018.39.16,90,9018,Suction catheter,,10.0,0.0,0.0,15.0,5.0,7.5,39.75
9018.39.17,90,9018,Blood Lancet,,10.0,0.0,0.0,15.0,5.0,7.5,39.75
9018.39.18,90,9018,Fistula Needle,,10.0,0.0,0.0,15.0,5.0,7.5,39.75
9018.39.19,90,9018,Infusion set with or without IV fluid bag,,10.0,0.0,0.0,15.0,5.0,7.5,39.75
9018.39.20,90,9018,Insulin Pen/Insulin cartridge,,0.0,0.0,0.0,0.0,5.0,0.0,5.0
9018.39.30,90,9018,Urine drainage bag,,10.0,0.0,0.0,15.0,5.0,7.5,39.75
9018.39.40,90,9018,FISTULA NEEDLE,,5.0,0.0,0.0,0.0,5.0,7.5,17.88
9018.39.50,90,9018,Spinal needle,,5.0,0.0,0.0,15.0,5.0,7.5,33.63
9018.39.90,90,9018,"Other syringes, needles, catheters, cannulae and the like",,10.0,0.0,0.0,15.0,5.0,7.5,39.75
9018.41.00,90,9018,Dental Drill Engines......Equipments,,1.0,0.0,0.0,15.0,5.0,7.5,28.73
9018.49.00,90,9018,Instruments And Appliances Used In Dental Sciences (Excl. Drill Engines),,0.0,0.0,0.0,15.0,5.0,7.5,27.5
9018.50.00,90,9018,Other Ophthalmic Instruments And Appliances,,0.0,0.0,0.0,15.0,5.0,7.5,27.5
9018.90.10,90,9018,Biology Boxes,,5.0,0.0,0.0,15.0,5.0,7.5,33.63
9018.90.20,90,9018,Kidney Dialysis Machines/Baby Incubator,,0.0,0.0,0.0,15.0,0.0,7.5,22.5
9018.90.30,90,9018,"Angiographic catheter wire, guidy catheter wire....balloons, stents",,0.0,0.0,0.0,0.0,2.0,0.0,2.0
9018.90.90,90,9018,Other,,5.0,0.0,0.0,0.0,5.0,7.5,17.88
9019.10.10,90,9019,Mechano-Therapy Appliances,,1.0,0.0,0.0,15.0,5.0,7.5,28.73
9019.10.20,90,9019,Massage Apparatus,,5.0,0.0,0.0,15.0,5.0,7.5,33.63
9019.10.90,90,9019,Mechano-Therapy Appliances;Massage Apparatus;Psychological Appatatus Nes.,,1.0,0.0,0.0,15.0,5.0,7.5,28.73
9019.20.10,90,9019,Oxygen-Therapy And Artificial Respiration Apparatus Incld. Heart/Lung ....,,0.0,0.0,0.0,0.0,5.0,7.5,12.5
9019.20.90,90,9019,"Ozone Therapy,Oxygen Therapy,Aerosol Therapy,Respiration Apparatus Nes.",,1.0,0.0,0.0,15.0,5.0,7.5,28.73
9020.00.00,90,9020,Other Breathing Appliances And Gas Masks,,1.0,0.0,0.0,15.0,5.0,7.5,28.73
9021.10.00,90,9021,ORTHOPAEDIC OR FRACTURE APPLIANCES,,5.0,0.0,0.0,15.0,5.0,7.5,33.63
9021.21.00,90,9021,Artificial Teeth,,5.0,0.0,0.0,15.0,5.0,7.5,33.63
9021.29.00,90,9021,Dental Fittings (Excl. Artificial Teeth),,5.0,0.0,0.0,0.0,2.0,7.5,14.88
9021.31.00,90,9021,ARTIFICIAL JOINTS,,5.0,0.0,0.0,0.0,2.0,0.0,7.0
9021.39.00,90,9021,"OTHER ARTIFICIAL PARTS OF THE BODY, EXCLUDING ARTIFICIAL JOINTS",,0.0,0.0,0.0,0.0,2.0,0.0,2.0
9021.40.00,90,9021,Hearing Aids (Excl. Parts And Accessories),,0.0,0.0,0.0,0.0,2.0,0.0,2.0
9021.50.00,90,9021,Pacemakers For Stimulating Heart Muscles (Excl. Parts And Accessories),,0.0,0.0,0.0,0.0,5.0,0.0,5.0
9021.90.10,90,9021,Heart Valve,,0.0,0.0,0.0,0.0,5.0,0.0,5.0
9021.90.90,90,9021,Other Parts And Accessories Of Articles And Apparatus Of 90.21 Nes,,1.0,0.0,0.0,15.0,5.0,7.5,28.73
9022.12.00,90,9022,"Computed Tomography Apparatus,Based On The Use Of X-Rays",,1.0,0.0,0.0,15.0,5.0,7.5,28.73
9022.13.00,90,9022,"Apparatus Based On The Use Of X-Rays,Nes, For Dental Uses",,1.0,0.0,0.0,15.0,5.0,7.5,28.73
9022.14.00,90,9022,"Apparatus Based On Use Of X-Rays,Nes,For Medical/Surgical/Veterinary Uses",,1.0,0.0,0.0,15.0,5.0,7.5,28.73
9022.19.00,90,9022,"Apparatus Based On The Use Of X-Rays, Nes",,1.0,0.0,0.0,15.0,5.0,7.5,28.73
9022.21.00,90,9022,"Apparatus Of Alpha, Beta Or Gamma Radiations For Medical... Uses",,1.0,0.0,0.0,15.0,5.0,7.5,28.73
9022.29.00,90,9022,"Apparatus Of Alpha, Beta Or Gamma Radiations, Nes",,1.0,0.0,0.0,15.0,5.0,7.5,28.73
9022.30.00,90,9022,X-Ray Tubes,,1.0,0.0,0.0,15.0,5.0,7.5,28.73
9022.90.00,90,9022,"X-Ray Generators..., Screens..., Parts And Accessories Of 90.22",,1.0,0.0,0.0,15.0,5.0,7.5,28.73
9023.00.00,90,9023,"Instruments, Apparatus And Models Designed For Demonstrational Purposes",,5.0,0.0,0.0,15.0,5.0,7.5,33.63
9024.10.00,90,9024,"Machines/Appliances For Testing The Hardness, Strength... Of Metals",,1.0,0.0,0.0,15.0,5.0,7.5,28.73
9024.80.10,90,9024,Other Machines/Appliances For Testing... Materials (Excl. Metals),,1.0,0.0,0.0,0.0,5.0,7.5,13.58
9024.80.90,90,9024,Other Machines/Appliances For Testing... Materials (Excl. Metals),,1.0,0.0,0.0,15.0,5.0,7.5,28.73
9024.90.00,90,9024,Parts And Accessories Of Machines For Testing... Materials Of 90.24,,1.0,0.0,0.0,15.0,5.0,7.5,28.73
9025.11.00,90,9025,"Thermometers/Pyrometrs,Not Comb.With Other Instrs,Liquid,For Direct Readng",,5.0,0.0,0.0,15.0,5.0,7.5,33.63
9025.19.00,90,9025,"Thermometers/Pyrometrs,Not Comb.With Other Instrumts,Not Liquid-Filled Nes",,5.0,0.0,0.0,15.0,5.0,7.5,33.63
9025.80.00,90,9025,"Oth.Instruments Hydrometers,Pyrometers, Hygrometers, Etc, And Combinations",,5.0,0.0,0.0,15.0,5.0,7.5,33.63
9025.90.00,90,9025,"Parts And Accessories Of Hydrometers... Thermometers, Etc, Of 90.25",,1.0,0.0,0.0,15.0,5.0,7.5,28.73
9026.10.00,90,9026,"Instruments... For Measuring/Checking The Flow Or Level Of Liquids, Nes",,1.0,0.0,0.0,15.0,5.0,7.5,28.73
9026.20.00,90,9026,Instruments... For Measuring Or Checking Pressure,,1.0,0.0,0.0,15.0,5.0,7.5,28.73
9026.80.00,90,9026,Oth.Instruments... For Measuring Or Checking Variables Of Liquids Or Gas,,1.0,0.0,0.0,15.0,5.0,7.5,28.73
9026.90.00,90,9026,Parts And Accessories Of Instruments For Measuring Flows... Of 90.26,,1.0,0.0,0.0,15.0,5.0,7.5,28.73
9027.10.00,90,9027,Gas Or Smoke Analysis Apparatus,,0.0,0.0,0.0,15.0,5.0,7.5,27.5
9027.20.00,90,9027,Chromatographs And Electrophoresis Instruments,,1.0,0.0,0.0,15.0,5.0,7.5,28.73
9027.30.00,90,9027,"Spectrometers, Spectrophotometers... Using Optical Radiations",,1.0,0.0,0.0,15.0,5.0,7.5,28.73
9027.50.00,90,9027,"Instruments And Apparatus Using Optical Radiations, Nes",,0.0,0.0,0.0,15.0,5.0,7.5,27.5
9027.81.00,90,9027,Other instruments and apparatus : Mass spectrometers,,1.0,0.0,0.0,15.0,5.0,7.5,28.73
9027.89.00,90,9027,"Other instruments and apparatus, OTHER Excl. Mass spectrometers",,1.0,0.0,0.0,15.0,5.0,7.5,28.73
9027.90.00,90,9027,Parts And Accessories Of Instruments For Analysis Of 90.27,,1.0,0.0,0.0,15.0,5.0,7.5,28.73
9028.10.00,90,9028,Gas Meters,,1.0,0.0,0.0,15.0,5.0,7.5,28.73
9028.20.00,90,9028,Liquid Meters,,1.0,0.0,0.0,15.0,5.0,7.5,28.73
9028.30.10,90,9028,Kilowatt-Hour Meter,,25.0,3.0,0.0,15.0,5.0,7.5,61.8
9028.30.20,90,9028,"Pre-payment, programmable m.function elec. programmable multitariff elec. kwh meter",,25.0,3.0,0.0,15.0,5.0,7.5,61.8
9028.30.90,90,9028,Electricity Meters Nes.,,25.0,3.0,0.0,15.0,5.0,7.5,61.8
9028.90.10,90,9028,"Gas, Liquid & Electricity Meters, Of Kilowatthour meter",,15.0,0.0,0.0,15.0,5.0,7.5,45.88
9028.90.20,90,9028,"Parts of prepayment kwh meter prgrmble,multifuction,kwh mtr,prgmble multitrf,kwh",,15.0,0.0,0.0,15.0,5.0,7.5,45.88
9028.90.90,90,9028,"Gas, Liquid & Electricity Meters, Excl. Kilowatthour meter",,15.0,0.0,0.0,15.0,5.0,7.5,45.88
9029.10.10,90,9029,Fare Meters For Exclusive Use In Taxicabs Or Auto Rickshaws,,10.0,0.0,0.0,15.0,5.0,7.5,39.75
9029.10.90,90,9029,"Revolution Or Producton Counters,Taximeters,Mileometers,Pedometers, Nes",,1.0,0.0,0.0,15.0,5.0,7.5,28.73
9029.20.00,90,9029,Stroboscopes; speed indicators and tachometers,,10.0,0.0,0.0,15.0,5.0,7.5,39.75
9029.90.00,90,9029,"Parts And Accessories Of Revolution Counters, Etc, Of 90.29",,10.0,0.0,0.0,15.0,5.0,7.5,39.75
9030.10.00,90,9030,Instruments And Apparatus For Measuring Or Detecting Ionising Radiations,,1.0,0.0,0.0,15.0,5.0,7.5,28.73
9030.20.00,90,9030,Cathode-Ray Oscilloscopes And Cathode-Ray Oscillographs,,1.0,0.0,0.0,15.0,5.0,7.5,28.73
9030.31.00,90,9030,Multimeters,,1.0,0.0,0.0,15.0,5.0,7.5,28.73
9030.32.00,90,9030,"Other inst and appt, for measr or chking volt, cur., resis.or power : Multim.",,1.0,0.0,0.0,15.0,5.0,7.5,28.73
9030.33.00,90,9030,"Other inst and appt, for measr or chk volt, cur., resis.or power : Multim. wit",,1.0,0.0,0.0,15.0,5.0,7.5,28.73
9030.39.00,90,9030,"Instruments... For Measu./Check. Volt.,Current, with a recoding device",,1.0,0.0,0.0,15.0,5.0,7.5,28.73
9030.40.00,90,9030,Measuring/Checking Instruments/Apparatus For Telecommunications,,1.0,0.0,0.0,15.0,5.0,7.5,28.73
9030.82.00,90,9030,Instruments For Measuring Or Checking Semiconductor Wafers Or Devices,,1.0,0.0,0.0,15.0,5.0,7.5,28.73
9030.84.00,90,9030,Other instruments & apparatus with a recording device,,1.0,0.0,0.0,15.0,5.0,7.5,28.73
9030.89.00,90,9030,"Instruments... For Measuring/Checking Electronic Gain Etc, Nes",,1.0,0.0,0.0,15.0,5.0,7.5,28.73
9030.90.00,90,9030,Parts/Accessories Of Electrical... Measuring... Instruments Of 90.30,,1.0,0.0,0.0,15.0,5.0,7.5,28.73
9031.10.00,90,9031,Machines for balancing mechanical parts,,1.0,0.0,0.0,15.0,5.0,7.5,28.73
9031.20.00,90,9031,Test Benches,,1.0,0.0,0.0,15.0,5.0,7.5,28.73
9031.41.00,90,9031,Instruments For Inspecting Semiconductor Wafers/Devices/Photomasks/Reticls,,1.0,0.0,0.0,15.0,5.0,7.5,28.73
9031.49.00,90,9031,"Optical Instruments And Appliances For Measuring Or Checking, Nes",,1.0,0.0,0.0,15.0,5.0,7.5,28.73
9031.80.00,90,9031,"Instruments, Appliances And Machines For Measuring Or Checking, Nes",,1.0,0.0,0.0,15.0,5.0,7.5,28.73
9031.90.00,90,9031,"Parts And Accessories Of Measuring Instruments... Nes, Of 90.31",,1.0,0.0,0.0,15.0,5.0,7.5,28.73
9032.10.00,90,9032,Thermostats,,1.0,0.0,0.0,15.0,5.0,7.5,28.73
9032.20.00,90,9032,Manostats,,1.0,0.0,0.0,15.0,5.0,7.5,28.73
9032.81.00,90,9032,"Automatic Regulating... Instruments/Apparatus, Hydraulic Or Pneumatic",,1.0,0.0,0.0,0.0,5.0,7.5,13.58
9032.89.00,90,9032,"Automatic Regulating Or Controlling Instruments And Apparatus, Nes",,5.0,0.0,0.0,15.0,5.0,7.5,33.63
9032.90.00,90,9032,Parts And Accessories Of Automatic Regulating Devices Of 90.32,,1.0,0.0,0.0,15.0,5.0,7.5,28.73
9033.00.10,90,9033,"Parts And Accessories, Nes, For Machines, Appliances, Etc, Of Chapter 90",,1.0,0.0,0.0,15.0,5.0,7.5,28.73
9033.00.90,90,9033,"Parts And Accessories, Nes, For Machines, Appliances, Etc, Of Chapter 90",,10.0,0.0,0.0,15.0,5.0,7.5,39.75
9101.11.10,91,9101,Watches With Mech.Display Only Specially Designed For The Use Of The Blind,,0.0,0.0,0.0,15.0,5.0,7.5,27.5
9101.11.90,91,9101,"Wrist Watches, Electrically Operated (Excl.Use For Blind/In Ckd Condition)",,10.0,0.0,0.0,15.0,5.0,7.5,39.75
9101.19.10,91,9101,"Other Wrist Watches, Specially Designed For The Use Of Blind",,0.0,0.0,0.0,0.0,2.0,7.5,9.5
9101.19.90,91,9101,Other Wrist Watches (Excl.Ckd Condition & Not For The Use Of Blind),,10.0,0.0,0.0,15.0,5.0,7.5,39.75
9101.21.10,91,9101,"Other Wrist Watches,With Automatic Winding, Specially Designed For Blind",,0.0,0.0,0.0,15.0,5.0,7.5,27.5
9101.21.90,91,9101,"Other Wrist Watches,With Automatic Winding(Excl.Use For Blind,Ckd Conditio",,10.0,0.0,0.0,15.0,5.0,7.5,39.75
9101.29.10,91,9101,"Wrist Watches(Ex.Electrically Operated/Auto Winding),Used For Blind",,0.0,0.0,0.0,0.0,2.0,7.5,9.5
9101.29.90,91,9101,"Wrist Watches(Ex.Electrically/Auto Winding),Not Ckd Or Not Use For Blind",,10.0,0.0,0.0,15.0,5.0,7.5,39.75
9101.91.10,91,9101,"Electrically Operated Pocket Watch,Spec.Designed For The Use Of Blind",,0.0,0.0,0.0,0.0,2.0,7.5,9.5
9101.91.90,91,9101,"Other Electric Operated Pocket Watches,Etc(Ex.Wrist Watches),Nes",,10.0,0.0,0.0,15.0,5.0,7.5,39.75
9101.99.10,91,9101,"Pocket-Watches, Etc(Excl. Wrist), Nes,Used For Blind",,0.0,0.0,0.0,0.0,2.0,7.5,9.5
9101.99.90,91,9101,"Other Pocket Watches, Etc(Excl. Wrist), Nes, Of Precious Metal",,10.0,0.0,0.0,15.0,5.0,7.5,39.75
9102.11.10,91,9102,"Wrist Watches, With Mechanical Display Only, Spec.Designed For Blind",,0.0,0.0,0.0,0.0,2.0,7.5,9.5
9102.11.90,91,9102,"Other Wrist Watches,Mechanical Display(Ex.Use For Blind,Ckd Condition)",,10.0,0.0,0.0,15.0,5.0,7.5,39.75
9102.12.00,91,9102,"Electrically operated wrist-watches, opto-electronic display (excl. of precious metal)",,10.0,0.0,0.0,15.0,5.0,7.5,39.75
9102.19.10,91,9102,"Other Wrist Watches,Specially Designed For The Use Of Blind",,0.0,0.0,0.0,0.0,2.0,7.5,9.5
9102.19.90,91,9102,"Electronic Operated Wrist-Watches,Nes(Excl.Ckd Condition,Not Use For Blind",,10.0,0.0,0.0,15.0,5.0,7.5,39.75
9102.21.10,91,9102,"Wrist Watches,With Automatic Winding,Spcl.Designed For The Use Of Blind",,0.0,0.0,0.0,0.0,2.0,7.5,9.5
9102.21.90,91,9102,"Wrist Watches,With Automatic Winding (Excl.Ckd, Not Use For Blind)",,10.0,0.0,0.0,15.0,5.0,7.5,39.75
9102.29.10,91,9102,"Wrist Watches,Not Electronicoperated/Automatic Winding,For Use Of Blind",,0.0,0.0,0.0,0.0,2.0,7.5,9.5
9102.29.90,91,9102,"Wrist Watches,Not Electronic Operated/Automatic Winding,Nes",,10.0,0.0,0.0,15.0,5.0,7.5,39.75
9102.91.10,91,9102,"Pocket Watches,Electrically Operated,Spcl.Designed For The Use Of Blind",,0.0,0.0,0.0,0.0,2.0,7.5,9.5
9102.91.90,91,9102,"Other Pocket Watches,Electrically Operated, Nes",,10.0,0.0,0.0,15.0,5.0,7.5,39.75
9102.99.10,91,9102,"Pocket Watches, Etc, Nes, For The Use Of Blind",,0.0,0.0,0.0,0.0,2.0,7.5,9.5
9102.99.90,91,9102,"Other Pocket Watches, Etc, Nes",,10.0,0.0,0.0,15.0,5.0,7.5,39.75
9103.10.00,91,9103,"Clocks With Watch Movements, Electrically Operated",,25.0,3.0,0.0,15.0,5.0,7.5,61.8
9103.90.00,91,9103,Clocks With Watch Movements (Excl. Electrically Operated),,25.0,3.0,0.0,15.0,5.0,7.5,61.8
9104.00.10,91,9104,Instrument Panel Clocks For Aircraft Or Helicopter,,5.0,0.0,0.0,15.0,5.0,7.5,33.63
9104.00.90,91,9104,Instrument Panel Clocks Other Than Use In Aircraft/Helicopter,,25.0,3.0,0.0,15.0,5.0,7.5,61.8
9105.11.00,91,9105,"Alarm Clocks, Electrically Operated",,25.0,3.0,0.0,15.0,5.0,7.5,61.8
9105.19.00,91,9105,Alarm Clocks (Excl. Electrically Operated),,25.0,3.0,0.0,15.0,5.0,7.5,61.8
9105.21.00,91,9105,"Wall Clocks, Electrically Operated",,25.0,3.0,0.0,15.0,5.0,7.5,61.8
9105.29.00,91,9105,Wall Clocks (Excl. Electrically Operated),,25.0,3.0,0.0,15.0,5.0,7.5,61.8
9105.91.00,91,9105,"Other Clocks, Nes, Electrically Operated",,25.0,3.0,0.0,15.0,5.0,7.5,61.8
9105.99.00,91,9105,"Other Clocks, Nes (Excl. Electrically Operated)",,25.0,3.0,0.0,15.0,5.0,7.5,61.8
9106.10.00,91,9106,Time-Registers; Time-Recorders,,1.0,0.0,0.0,15.0,5.0,7.5,28.73
9106.90.00,91,9106,"Other Apparatus For Indicating Time, Nes",,10.0,0.0,0.0,15.0,5.0,7.5,39.75
9107.00.00,91,9107,Time Switches With Clock Or Watch Movement Or With Synchronous Motor,,10.0,0.0,0.0,15.0,5.0,7.5,39.75
9108.11.00,91,9108,"Electrically Operated Watch Movements, With Mechanical Display Only",,10.0,0.0,0.0,15.0,5.0,7.5,39.75
9108.12.00,91,9108,"Electrically Operated Watch Movements, With Opto-Electronic Display Only",,10.0,0.0,0.0,15.0,5.0,7.5,39.75
9108.19.00,91,9108,"Other Electrically Operated Watch Movements, Nes",,10.0,0.0,0.0,15.0,5.0,7.5,39.75
9108.20.00,91,9108,"Watch Movements, Complete And Assembled, With Automatic Winding",,10.0,0.0,0.0,15.0,5.0,7.5,39.75
9108.90.00,91,9108,"OTHER WATCH MOVEMENTS,COMPLETE AND ASSEMBLED,EXCLUDING 33.8MM OR LESS",,10.0,0.0,0.0,15.0,5.0,7.5,39.75
9109.10.00,91,9109,Electrically operated,,10.0,0.0,0.0,15.0,5.0,7.5,39.75
9109.90.00,91,9109,"Clock Movements, Complete And Assembled, Nes",,10.0,0.0,0.0,15.0,5.0,7.5,39.75
9110.11.00,91,9110,"Complete Watch Movements, Unassembled Or Partly Assembled",,10.0,0.0,0.0,15.0,5.0,7.5,39.75
9110.12.00,91,9110,"Incomplete Watch Movements, Assembled",,10.0,0.0,0.0,15.0,5.0,7.5,39.75
9110.19.00,91,9110,Rough Watch Movements,,10.0,0.0,0.0,15.0,5.0,7.5,39.75
9110.90.00,91,9110,"Complete (Unassembled), Incomplete And Rough Clock Movements",,10.0,0.0,0.0,15.0,5.0,7.5,39.75
9111.10.00,91,9111,Watch Cases Of Precious Metal Or Of Metal Clad With Precious Metal,,10.0,0.0,0.0,15.0,5.0,7.5,39.75
9111.20.00,91,9111,Watch Cases Of Base Metal (Incl. Plated),,10.0,0.0,0.0,15.0,5.0,7.5,39.75
9111.80.00,91,9111,"Watch Cases, Nes",,10.0,0.0,0.0,15.0,5.0,7.5,39.75
9111.90.00,91,9111,Parts Of Watch Cases,,10.0,0.0,0.0,15.0,5.0,7.5,39.75
9112.20.00,91,9112,CASES,,10.0,0.0,0.0,15.0,5.0,7.5,39.75
9112.90.00,91,9112,Parts Of Clock Cases And Cases For Other Goods Of Chapter 91,,10.0,0.0,0.0,15.0,5.0,7.5,39.75
9113.10.00,91,9113,"Watch Straps, Bands And Bracelets, And Parts Thereof, Of Precious Metal",,10.0,0.0,0.0,15.0,5.0,7.5,39.75
9113.20.00,91,9113,"Watch Straps, Bands And Bracelets, And Parts Thereof, Of Base Metal",,10.0,0.0,0.0,15.0,5.0,7.5,39.75
9113.90.00,91,9113,"Watch Straps, Bands And Bracelets, And Parts Thereof, Nes",,10.0,0.0,0.0,15.0,5.0,7.5,39.75
9114.30.00,91,9114,Dials For Clocks And Watches,,10.0,0.0,0.0,15.0,5.0,7.5,39.75
9114.40.00,91,9114,Plates And Bridges For Clocks And Watches,,10.0,0.0,0.0,15.0,5.0,7.5,39.75
9114.90.00,91,9114,"Clocks Or Watch Parts, Nes",,10.0,0.0,0.0,15.0,5.0,7.5,39.75
9201.10.00,92,9201,Upright Pianos,,25.0,3.0,0.0,15.0,5.0,7.5,61.8
9201.20.00,92,9201,Grand Pianos,,25.0,3.0,0.0,15.0,5.0,7.5,61.8
9201.90.00,92,9201,"Other Automatic Pianos, Harpsichords And Other Keyboard Instruments, Nes",,25.0,3.0,0.0,15.0,5.0,7.5,61.8
9202.10.00,92,9202,String Musical Instruments Played With A Bow,,25.0,3.0,0.0,15.0,5.0,7.5,61.8
9202.90.00,92,9202,"Other String Musical Instruments, Nes",,25.0,3.0,0.0,15.0,5.0,7.5,61.8
9205.10.00,92,9205,"Wind musical instruments, Brass-wind instruments",,25.0,3.0,0.0,15.0,5.0,7.5,61.8
9205.90.00,92,9205,"Wind musical instruments, (EXCL. Brass-wind instruments)",,25.0,3.0,0.0,15.0,5.0,7.5,61.8
9206.00.00,92,9206,"Percussion Musical Instruments (Eg Drums, Xylophones, Cymbals, Etc)",,25.0,3.0,0.0,15.0,5.0,7.5,61.8
9207.10.00,92,9207,Keybrd.Instrmnts.With Elec.Produced Or Amplified Sound Oth.Than Accordions,,25.0,3.0,0.0,15.0,5.0,7.5,61.8
9207.90.00,92,9207,"Oth.Musical Instruments,Nes,With Electrically Produced Or Amplified Sound",,25.0,3.0,0.0,15.0,5.0,7.5,61.8
9208.10.00,92,9208,Musical Boxes,,25.0,3.0,0.0,15.0,5.0,7.5,61.8
9208.90.00,92,9208,"Fairground Organs, Etc; Decoy Calls Of All Kinds; Whistles, Etc",,25.0,3.0,0.0,15.0,5.0,7.5,61.8
9209.30.00,92,9209,Musical Instrument Strings,,25.0,3.0,0.0,15.0,5.0,7.5,61.8
9209.91.00,92,9209,Parts And Accessories For Pianos,,25.0,3.0,0.0,15.0,5.0,7.5,61.8
9209.92.00,92,9209,Parts And Accessories For The Musical Instruments Of 92.02,,25.0,3.0,0.0,15.0,5.0,7.5,61.8
9209.94.00,92,9209,Parts And Accessories For The Musical Instruments Of 92.07,,25.0,3.0,0.0,15.0,5.0,7.5,61.8
9209.99.00,92,9209,"Parts And Accessories Of Other Musical Instruments, Nes",,25.0,3.0,0.0,15.0,5.0,7.5,61.8
9301.10.00,93,9301,"Artillery weapons (for example, guns, howitzers and mortars)",,0.0,0.0,0.0,15.0,5.0,7.5,27.5
9302.00.90,93,9302,"Other Revolvers And Pistols, Other Than Than Of 93.03 Or 93.04",,25.0,3.0,150.0,15.0,5.0,7.5,297.0
9303.10.10,93,9303,Muzzle-Loading Firearms Imported By Or On Behalf Of The Govi.Of Bangladesh,,5.0,0.0,0.0,15.0,5.0,7.5,33.63
9303.10.90,93,9303,Other Muzzle-Loading Firearms,,25.0,3.0,100.0,15.0,5.0,7.5,218.6
9303.20.10,93,9303,"Sporting,Hunting/Target-Shooting Shotguns, Imp.By/On Behalf Of The Bd.Govt",,5.0,0.0,0.0,15.0,5.0,7.5,33.63
9303.20.90,93,9303,"Other Sporting,Hunting Or Target-Shooting Shotguns",,25.0,3.0,100.0,15.0,5.0,7.5,218.6
9303.30.10,93,9303,"Sporting,Hunting/Target-Shoting Rifles(Ex.Shotguns)Imp.By/On Behalf Bd.Gov",,5.0,0.0,0.0,15.0,5.0,7.5,33.63
9303.30.20,93,9303,Match Weapons For Sports Shooting,,10.0,0.0,0.0,15.0,5.0,7.5,39.75
9303.30.90,93,9303,"Other Sporting,Hunting Or Target-Shooting Fifles (Excl. Shotguns)",,25.0,3.0,100.0,15.0,5.0,7.5,218.6
9303.90.10,93,9303,Firearms Imported By Or On Behalf Of The Government Of Bangladesh,,5.0,0.0,0.0,15.0,5.0,7.5,33.63
9303.90.90,93,9303,"Firerms Which Operate By Firing An Explosive Charge, Nes",,25.0,3.0,100.0,15.0,5.0,7.5,218.6
9304.00.10,93,9304,Match Weapons Used For Sports Shooting,,10.0,0.0,0.0,15.0,5.0,7.5,39.75
9304.00.90,93,9304,"Other Arms(Eg Spring,Air Or Gas Guns&Pistols,Truncheons)",,25.0,3.0,100.0,15.0,5.0,7.5,218.6
9305.10.00,93,9305,Parts And Accessories Of Revolvers Or Pistols,,25.0,3.0,100.0,15.0,5.0,7.5,218.6
9305.20.00,93,9305,Parts and accessories Of shotguns or rifles of heading 9303,,25.0,3.0,100.0,15.0,5.0,7.5,218.6
9305.91.00,93,9305,MILITARY WEAPONS OF HEADING 9301,,25.0,3.0,100.0,15.0,5.0,7.5,218.6
9305.99.00,93,9305,OTHER MILITARY WEAPONS EXCLUDING HEADING 9301,,25.0,3.0,100.0,15.0,5.0,7.5,218.6
9306.21.00,93,9306,Cartridges For Shotguns,,25.0,3.0,100.0,15.0,5.0,7.5,218.6
9306.29.10,93,9306,Ammunition For Sports Shooting,,10.0,0.0,0.0,15.0,5.0,7.5,39.75
9306.29.90,93,9306,"Parts Of Shotgun Cartridges; Air Gun Pellets, Nes",,25.0,3.0,100.0,15.0,5.0,7.5,218.6
9306.30.00,93,9306,Cartridges And Parts Thereof (Excl. Shotgun),,25.0,3.0,100.0,15.0,5.0,7.5,218.6
9306.90.00,93,9306,"Bombs, Grenades, Torpedos, Mines, Missiles And Similar Munitions, Etc",,25.0,3.0,100.0,15.0,5.0,7.5,218.6
9307.00.10,93,9307,"Swords For Presentation As Navy,Army,Air Force...Equipment Of Commi.Office",,5.0,0.0,0.0,15.0,5.0,7.5,33.63
9307.00.90,93,9307,"Other Swords,Cutlasses,Bayonets,Lances&Similar Arms&Parts Thereof",,25.0,3.0,100.0,15.0,5.0,7.5,218.6
9401.10.00,94,9401,Seats Of A Kind Used For Aircraft,,25.0,3.0,0.0,15.0,5.0,7.5,61.8
9401.20.10,94,9401,SEATS OF KIND USED FOR MOTORCYLE,,25.0,3.0,20.0,15.0,5.0,7.5,93.16
9401.20.90,94,9401,SEATS OF KIND USED FOR OTHER THAN MOTORCYCLE,,25.0,3.0,0.0,15.0,5.0,7.5,61.8
9401.31.00,94,9401,Swivel seats with variable height adjustment : of wood,,25.0,0.0,45.0,15.0,5.0,7.5,127.03
9401.39.00,94,9401,Swivel seats with variable height adjustment :OTHER,,25.0,3.0,45.0,15.0,5.0,7.5,132.36
9401.41.00,94,9401,"Seats other than garden seats or camping equipment, convertible into beds : Of wood",,25.0,3.0,0.0,15.0,5.0,7.5,61.8
9401.49.00,94,9401,"Seats other than garden seats or camping equipment, convertible into beds : OTHER",,25.0,3.0,0.0,15.0,5.0,7.5,61.8
9401.52.00,94,9401,"Seats of cane, osier, bamboo or similar materials : Of bamboo",,25.0,3.0,0.0,15.0,5.0,7.5,61.8
9401.53.00,94,9401,"Seats of cane, osier, bamboo or similar materials : Of rattan",,25.0,3.0,0.0,15.0,5.0,7.5,61.8
9401.59.00,94,9401,"Seats of cane, osier or similar materials : Excl bamboo or rattan",,25.0,3.0,0.0,15.0,5.0,7.5,61.8
9401.61.00,94,9401,"Upholstered Seats, With Wooden Frames",,25.0,3.0,45.0,15.0,5.0,7.5,132.36
9401.69.00,94,9401,"Seats With Wooden Frames, Not Upholstered",,25.0,3.0,45.0,15.0,5.0,7.5,132.36
9401.71.00,94,9401,"Upholstered Seats, With Metal Frames",,25.0,3.0,45.0,15.0,5.0,7.5,132.36
9401.79.00,94,9401,"Seats With Metal Frames, Not Upholstered",,25.0,3.0,45.0,15.0,5.0,7.5,132.36
9401.80.00,94,9401,"Seats, Nes",,25.0,3.0,45.0,15.0,5.0,7.5,132.36
9401.91.00,94,9401,"Seats (Other Then 94.02) Whether or not cnvrt. into beds, and parts :Parts: of wood",,25.0,3.0,10.0,15.0,5.0,7.5,77.48
9401.99.00,94,9401,"Seats (Other Then 94.02) Whether or not cnvrt. into beds, and parts :Parts : others",,25.0,3.0,10.0,15.0,5.0,7.5,77.48
9402.10.00,94,9402,"Dentists', Barbers' or similar chairs and parts thereof",,10.0,0.0,0.0,15.0,5.0,7.5,39.75
9402.90.10,94,9402,Hospital Beds,,5.0,0.0,0.0,0.0,5.0,7.5,17.88
9402.90.90,94,9402,"Medical,Surgical Or Veterinary Furniture & Parts Therof (Exc Hosopital Bed",,5.0,0.0,0.0,15.0,5.0,7.5,33.63
9403.10.00,94,9403,Metal Furniture Of A Kind Used In Offices (Excl. Seats),,25.0,20.0,20.0,15.0,5.0,7.5,118.15
9403.20.10,94,9403,Other metal furniture specially design to receive apparatus of heading 84.71 and,,5.0,0.0,0.0,15.0,5.0,7.5,33.63
9403.20.20,94,9403,Racks of a kind used in the pharmaceutical laboratory,,25.0,20.0,20.0,15.0,5.0,7.5,118.15
9403.20.30,94,9403,Cutting table of kind used with cutting machine,,1.0,0.0,0.0,15.0,5.0,7.5,28.73
9403.20.90,94,9403,Other metal furniture EXCL.specially design to receive apparatus of heading 84.7,,25.0,20.0,20.0,15.0,5.0,7.5,118.15
9403.30.00,94,9403,Wooden Furniture Of A Kind Used In Offices (Excl. Seats),,25.0,20.0,20.0,15.0,5.0,7.5,118.15
9403.40.00,94,9403,Wooden Furniture Of A Kind Used In The Kitchen (Excl. Seats),,25.0,20.0,20.0,15.0,5.0,7.5,118.15
9403.50.00,94,9403,Wooden Furniture Of A Kind Used In The Bedroom (Excl. Seats),,25.0,20.0,20.0,15.0,5.0,7.5,118.15
9403.60.10,94,9403,Furniture of a kind used in pharmaceutical laboratory,,25.0,20.0,20.0,15.0,5.0,7.5,118.15
9403.60.20,94,9403,Cutting table of a kind used with cutting machine,,1.0,0.0,0.0,15.0,5.0,7.5,28.73
9403.60.90,94,9403,"Wooden Furniture, Nes",,25.0,20.0,20.0,15.0,5.0,7.5,118.15
9403.70.00,94,9403,Furniture (Excl. Seats) Of Plastics,,25.0,20.0,20.0,15.0,5.0,7.5,118.15
9403.82.00,94,9403,"Furniture of other materials, including cane, osier, bamboo or similar..: Of bamb",,25.0,20.0,20.0,15.0,5.0,7.5,118.15
9403.83.00,94,9403,"Furniture of other materials, including cane, osier, bamboo or similar mat..:Of ratta",,25.0,20.0,20.0,15.0,5.0,7.5,118.15
9403.89.00,94,9403,"Furniture of other material, including cane,osier or similar materials: Excl b",,25.0,20.0,20.0,15.0,5.0,7.5,118.15
9403.91.00,94,9403,"Others Furniture and Parts Thereof :Parts, of wood",,25.0,20.0,20.0,15.0,5.0,7.5,118.15
9403.99.00,94,9403,"Others Furniture and Parts Thereof :Parts, OTHERS",,25.0,20.0,20.0,15.0,5.0,7.5,118.15
9404.10.00,94,9404,Mattress Supports,,25.0,3.0,0.0,15.0,5.0,7.5,61.8
9404.21.00,94,9404,Mattresses Of Cellular Rubber Or Plastics,,25.0,3.0,20.0,15.0,5.0,7.5,93.16
9404.29.00,94,9404,"Mattresses Of Other Materials, Nes",,25.0,3.0,0.0,15.0,5.0,7.5,61.8
9404.30.00,94,9404,Sleeping Bags,,25.0,3.0,0.0,15.0,5.0,7.5,61.8
9404.40.00,94,9404,"Quilts, bedspreads, eiderdowns and duvets (comforters)",,25.0,3.0,0.0,15.0,5.0,7.5,61.8
9404.90.00,94,9404,"Articles Of Bedding, Stuffed, Etc (Excl. Mattresses And Sleeping Bags)",,25.0,3.0,0.0,15.0,5.0,7.5,61.8
9405.11.00,94,9405,Designed for use solely with light-emitting diode (LED) light sources,,25.0,3.0,60.0,15.0,5.0,7.5,155.88
9405.19.00,94,9405,"Designed for use solely with light-emitting diode (LED) light sources,NES",,25.0,3.0,60.0,15.0,5.0,7.5,155.88
9405.21.00,94,9405,Designed for use solely with light-emitting diode (LED) light sources,,25.0,3.0,45.0,15.0,5.0,7.5,132.36
9405.29.00,94,9405,"Electric table, desk, bedside or floor-standing luminaires ,OTHER",,25.0,3.0,45.0,15.0,5.0,7.5,132.36
9405.31.00,94,9405,Designed for use solely with light-emitting diode (LED) light sources,,25.0,3.0,45.0,15.0,5.0,7.5,132.36
9405.39.00,94,9405,"Lighting sets of a kind used for Christmas trees,OTHER",,25.0,3.0,45.0,15.0,5.0,7.5,132.36
9405.41.10,94,9405,"Photovoltaic, dsgn. use solely with light-emitting diode (LED) light sources",,5.0,0.0,0.0,15.0,5.0,7.5,33.63
9405.41.90,94,9405,"Photovoltaic, dsgn. use solely with light-emitting diode (LED) light sources",,25.0,3.0,45.0,15.0,5.0,7.5,132.36
9405.42.00,94,9405,"Oth.elec.lum. &..Other, designed for use solely light-emitting diode (LED) light sour",,25.0,3.0,45.0,15.0,5.0,7.5,132.36
9405.49.10,94,9405,Shadowless operation lamps,,5.0,0.0,0.0,15.0,5.0,7.5,33.63
9405.49.20,94,9405,Energy saving light with balast and fittings,,25.0,3.0,0.0,15.0,5.0,7.5,61.8
9405.49.90,94,9405,"Other electric luminaires and lighting fittings,NES",,25.0,3.0,45.0,15.0,5.0,7.5,132.36
9405.50.10,94,9405,"Non-Electrical Lamps And Lighting Fittings, Hurricane Lamps Of Base Metal",,25.0,3.0,45.0,0.0,5.0,7.5,104.52
9405.50.90,94,9405,"Non -Electrical Lamps & Lighting Fitting, Nes.",,25.0,3.0,45.0,15.0,5.0,7.5,132.36
9405.61.00,94,9405,Designed for use solely with light-emitting diode (LED) light sources,,25.0,3.0,0.0,15.0,5.0,7.5,61.8
9405.69.00,94,9405,"Illuminated signs, illuminated name-plates and the like,OTHER",,25.0,3.0,0.0,15.0,5.0,7.5,61.8
9405.91.00,94,9405,Glass parts for lamps and lighting fittings etc of glass,,25.0,3.0,45.0,15.0,5.0,7.5,132.36
9405.92.00,94,9405,Luminating and lighting fittings including searchlights .........Parts of Plastic,,25.0,3.0,45.0,15.0,5.0,7.5,132.36
9405.99.00,94,9405,"Parts, NES",,25.0,3.0,45.0,15.0,5.0,7.5,132.36
9406.10.00,94,9406,"Prefabricated buildings., Of wood",,15.0,0.0,0.0,15.0,5.0,7.5,45.88
9406.20.00,94,9406,"Modular building units, of steel",,25.0,3.0,0.0,15.0,5.0,7.5,61.8
9406.90.10,94,9406,"Prefabricated Buildings,,,, SANDWICH PANEL WITH OR WITHOUT cold room fac.",,5.0,0.0,0.0,15.0,5.0,7.5,33.63
9406.90.90,94,9406,Prefabricated buildings. nes,,25.0,3.0,0.0,15.0,5.0,7.5,61.8
9503.00.10,95,9503,Puzzles,,25.0,3.0,20.0,15.0,5.0,7.5,93.16
9503.00.90,95,9503,"Tricycl, scotr, pedal car and simlr whel toy; dolls? carg..Excl puzzles",,25.0,3.0,20.0,15.0,5.0,7.5,93.16
9504.20.00,95,9504,Articles and accessories for Billiard of all kinds,,25.0,3.0,0.0,15.0,5.0,7.5,61.8
9504.40.00,95,9504,Playing Cards,,25.0,3.0,10.0,15.0,5.0,7.5,77.48
9504.50.00,95,9504,"Video game consoles and machines, other than those of subheading 950430",,25.0,3.0,0.0,15.0,5.0,7.5,61.8
9504.90.00,95,9504,"Articles for funfair, table or parlour games, nes",,25.0,3.0,0.0,15.0,5.0,7.5,61.8
9505.10.00,95,9505,Articles For Christmas Festivities,,25.0,3.0,0.0,15.0,5.0,7.5,61.8
9505.90.00,95,9505,"Festive, Carnival Or Other Entertainment Articles, Nes",,25.0,3.0,20.0,15.0,5.0,7.5,93.16
9506.11.00,95,9506,Snow-Skis,,10.0,0.0,0.0,15.0,5.0,7.5,39.75
9506.12.00,95,9506,Ski-Fastenings (Ski-Bindings),,10.0,0.0,0.0,15.0,5.0,7.5,39.75
9506.19.00,95,9506,"Snow-Ski Equipment, Nes",,10.0,0.0,0.0,15.0,5.0,7.5,39.75
9506.21.00,95,9506,Sailboards,,10.0,0.0,0.0,15.0,5.0,7.5,39.75
9506.29.00,95,9506,"Water-Skis, Surf-Boards And Other Water-Sport Equipment",,10.0,0.0,0.0,15.0,5.0,7.5,39.75
9506.31.00,95,9506,"Golf Clubs, Complete",,10.0,0.0,0.0,15.0,5.0,7.5,39.75
9506.32.00,95,9506,Golf Balls,,10.0,0.0,0.0,15.0,5.0,7.5,39.75
9506.39.00,95,9506,"Golf Equipment, Nes",,10.0,0.0,0.0,15.0,5.0,7.5,39.75
9506.40.00,95,9506,Articles and equipment for table-tennis:,,10.0,0.0,0.0,15.0,5.0,7.5,39.75
9506.51.00,95,9506,"Lawn-Tennis Rackets, Wheather Or Not Strung",,10.0,0.0,0.0,15.0,5.0,7.5,39.75
9506.59.00,95,9506,"Other Tennis Or Similar Rackets, Nes",,10.0,0.0,0.0,15.0,5.0,7.5,39.75
9506.61.00,95,9506,Lawn-Tennis Balls,,10.0,0.0,0.0,15.0,5.0,7.5,39.75
9506.62.00,95,9506,Inflatable Balls,,10.0,0.0,0.0,15.0,5.0,7.5,39.75
9506.69.00,95,9506,"Balls (Excl. Golf, Table-Tennis, Tennis And Inflatable)",,10.0,0.0,0.0,15.0,5.0,7.5,39.75
9506.70.00,95,9506,Ice Skates And Roller Skates,,10.0,0.0,0.0,15.0,5.0,7.5,39.75
9506.91.00,95,9506,"Articles And Equipment For General Physical Exercise, Gymnastics/Athletics",,10.0,0.0,0.0,15.0,5.0,7.5,39.75
9506.99.00,95,9506,"Other articles and equipment for sport and open-air games, nes",,10.0,0.0,0.0,15.0,5.0,7.5,39.75
9507.10.00,95,9507,Fishing Rods,,25.0,3.0,0.0,15.0,5.0,7.5,61.8
9507.20.00,95,9507,"Fish-Hooks, Wheather Or Not Snelled",,25.0,3.0,0.0,15.0,5.0,7.5,61.8
9507.30.00,95,9507,Fishing Reels,,25.0,3.0,0.0,15.0,5.0,7.5,61.8
9507.90.00,95,9507,"Line fishing tackle, fish landing nets, butterfly and similar nets...",,25.0,3.0,0.0,15.0,5.0,7.5,61.8
9508.10.00,95,9508,TRAVELLING CIRCUSES AND TRAVELLING MANAGERIES,,25.0,3.0,0.0,15.0,5.0,7.5,61.8
9508.21.00,95,9508,Roller coasters,,25.0,3.0,0.0,15.0,5.0,7.5,61.8
9508.22.00,95,9508,"Carousels, swings and roundabouts",,25.0,3.0,0.0,15.0,5.0,7.5,61.8
9508.23.00,95,9508,Dodge’em cars,,25.0,3.0,0.0,15.0,5.0,7.5,61.8
9508.24.00,95,9508,Motion simulators and moving theatres,,25.0,3.0,0.0,15.0,5.0,7.5,61.8
9508.25.00,95,9508,Water rides,,25.0,3.0,0.0,15.0,5.0,7.5,61.8
9508.26.00,95,9508,Water park amusements,,25.0,3.0,0.0,15.0,5.0,7.5,61.8
9508.29.00,95,9508,Other,,25.0,3.0,0.0,15.0,5.0,7.5,61.8
9508.30.00,95,9508,Fairground amusements,,25.0,3.0,0.0,15.0,5.0,7.5,61.8
9508.40.00,95,9508,Travelling theatres,,25.0,3.0,0.0,15.0,5.0,7.5,61.8
9601.10.00,96,9601,Worked Ivory And Articles Of Ivory,,25.0,3.0,0.0,15.0,5.0,7.5,61.8
9601.90.00,96,9601,"Worked Bone, Tortoise-Shell, Horn... And Articles Thereof, Nes",,25.0,3.0,0.0,15.0,5.0,7.5,61.8
9602.00.10,96,9602,Gelatin Capsules (Empty),,25.0,0.0,0.0,15.0,5.0,7.5,58.13
9602.00.20,96,9602,"Worked Vegetable Or Mineral......Wax,Sterlin,Nes (Excl.Gelatin Capsules)",,25.0,3.0,0.0,15.0,5.0,7.5,61.8
9603.10.00,96,9603,"Brooms And Brushes, Of Twigs Or Other Vegetable Material Bound Together",,25.0,3.0,0.0,15.0,5.0,7.5,61.8
9603.21.00,96,9603,Tooth Brushes Including Dental-Plate Brushes,,25.0,3.0,20.0,15.0,5.0,7.5,93.16
9603.29.00,96,9603,"Oth. Brushes For Shaving, Hair, Nail, Eyelash, Toilet Brushes",,25.0,3.0,0.0,15.0,5.0,7.5,61.8
9603.30.00,96,9603,"Artists', Writing Brushes And Brushes For The Application Of Cosmetics",,25.0,3.0,0.0,15.0,5.0,7.5,61.8
9603.40.00,96,9603,"Paint, Distemper, Varnish Or Similar Brushes; Paint Pads And Rollers",,25.0,3.0,0.0,15.0,5.0,7.5,61.8
9603.50.00,96,9603,"Brushes Constituting Parts Of Machines, Appliances Or Vehicles, Nes",,25.0,3.0,0.0,15.0,5.0,7.5,61.8
9603.90.00,96,9603,"Hand-Operated Floor Sweepers, Mops, Feather Dusters, Etc, Nes",,25.0,3.0,0.0,15.0,5.0,7.5,61.8
9604.00.10,96,9604,Hand Sieves For Use In Laboratories,,10.0,0.0,0.0,15.0,5.0,7.5,39.75
9604.00.90,96,9604,Other Hand Sieves And Hand Riddles Nes.,,25.0,3.0,0.0,15.0,5.0,7.5,61.8
9605.00.00,96,9605,"Travel Sets For Personal Toilet, Sewing Or Shoe Or Clothes Cleaning",,25.0,3.0,0.0,15.0,5.0,7.5,61.8
9606.10.00,96,9606,"Press-Fasteners, Snap-Fasteners And Press-Studs And Parts Therefor",,10.0,0.0,0.0,15.0,5.0,7.5,39.75
9606.21.00,96,9606,"Buttons Of Plastics, Not Covered With Textile Material",,10.0,0.0,0.0,15.0,5.0,7.5,39.75
9606.22.00,96,9606,"Buttons Of Base Metal, Not Covered With Textile Material",,10.0,0.0,0.0,15.0,5.0,7.5,39.75
9606.29.00,96,9606,"Oth. Buttons, Nes",,10.0,0.0,0.0,15.0,5.0,7.5,39.75
9606.30.00,96,9606,Button moulds and other parts of buttons; button blanks:,,10.0,0.0,0.0,15.0,5.0,7.5,39.75
9607.11.00,96,9607,Slide Fasteners Fitted With Chain Scoops Of Base Metal,,10.0,0.0,0.0,15.0,5.0,7.5,39.75
9607.19.00,96,9607,Slide Fasteners Not Fitted With Chain Scoops Of Base Metal,,10.0,0.0,0.0,15.0,5.0,7.5,39.75
9607.20.00,96,9607,Slide Fastener Parts,,10.0,0.0,0.0,15.0,5.0,7.5,39.75
9608.10.00,96,9608,Ball-Point Pens,,25.0,3.0,0.0,15.0,5.0,7.5,61.8
9608.20.00,96,9608,Felt-Tipped And Other Porous-Tipped Pens And Markers,,25.0,3.0,0.0,15.0,5.0,7.5,61.8
9608.30.00,96,9608,"Fountain pens, stylograph pens and other pens",,25.0,3.0,0.0,15.0,5.0,7.5,61.8
9608.40.00,96,9608,Propelling Or Sliding Pencils,,25.0,3.0,0.0,15.0,5.0,7.5,61.8
9608.50.00,96,9608,Sets Of Articles From Two Or More Of The Subheadings,,25.0,3.0,0.0,15.0,5.0,7.5,61.8
9608.60.00,96,9608,"Refils For Ball-Point Pens, Comprising The Ball-Point And Ink-Reservoir",,25.0,3.0,0.0,15.0,5.0,7.5,61.8
9608.91.00,96,9608,Pen nibs and nib points,,25.0,3.0,0.0,15.0,5.0,7.5,61.8
9608.99.10,96,9608,Ball Points For Ball Point Pen,,5.0,0.0,0.0,0.0,5.0,7.5,17.88
9608.99.90,96,9608,"Duplicating Stylos; Pen/Pencil Holders; Parts Of Pens, Nes",,25.0,3.0,0.0,15.0,5.0,7.5,61.8
9609.10.00,96,9609,"Pencils And Crayons, With Leads Encased In A Rigid Sheath",,10.0,0.0,0.0,0.0,5.0,7.5,23.25
9609.20.00,96,9609,"Pencil Leads, Black Or Coloured",,10.0,0.0,0.0,15.0,5.0,7.5,39.75
9609.90.10,96,9609,Slate Pencil,,5.0,0.0,0.0,15.0,5.0,7.5,33.63
9609.90.90,96,9609,"Crayons, Nes; Drawing Charcoals And Chalks (Incl. Tailors'Chalks) Nes.",,25.0,3.0,0.0,15.0,5.0,7.5,61.8
9610.00.10,96,9610,"Unframed Slates With Writing Surface Only, Thickness not exceeding 5 mm",,5.0,0.0,0.0,15.0,5.0,7.5,33.63
9610.00.90,96,9610,"Other Slates And Boards, With Writing Or Drawing Surfaces Nes",,25.0,3.0,0.0,15.0,5.0,7.5,61.8
9611.00.00,96,9611,"Date, Sealing Or Numbering Stamps, Etc, For Use In The Hand....Sticks",,25.0,3.0,0.0,15.0,5.0,7.5,61.8
9612.10.10,96,9612,Ribbons (Computer Printers Ribbons),,5.0,0.0,0.0,0.0,2.0,7.5,14.88
9612.10.90,96,9612,Other Ribbons(excl.computer printer ribbons),,5.0,0.0,0.0,15.0,5.0,7.5,33.63
9612.20.00,96,9612,Ink-Pads,,25.0,3.0,0.0,15.0,5.0,7.5,61.8
9613.10.00,96,9613,"Pocket Lighters, Gas Fuelled, Non-Refillable",,25.0,3.0,10.0,15.0,5.0,7.5,77.48
9613.20.00,96,9613,"Pocket Lighters, Gas Fuelled, Refillable",,25.0,3.0,10.0,15.0,5.0,7.5,77.48
9613.80.00,96,9613,"Other Lighters, Nes",,25.0,3.0,10.0,15.0,5.0,7.5,77.48
9613.90.00,96,9613,Parts Of Lighters (Excl. Flint And Wicks),,25.0,3.0,0.0,15.0,5.0,7.5,61.8
9614.00.00,96,9614,"Smoking pipes (including pipe bowls) and cigar or cigarette holders, and parts",,25.0,3.0,0.0,15.0,5.0,7.5,61.8
9615.11.00,96,9615,"Combs, Hair-Slides And The Like Of Hard Rubber Or Plastics",,25.0,3.0,0.0,15.0,5.0,7.5,61.8
9615.19.00,96,9615,"Combs, Hair-Slides And The Like Of Other Materials, Nes",,25.0,3.0,0.0,15.0,5.0,7.5,61.8
9615.90.00,96,9615,"Hairpins; Curling Pins, Curling Grips, Etc, And Parts Thereof",,25.0,3.0,0.0,15.0,5.0,7.5,61.8
9616.10.00,96,9616,"Scent Sprays And Similar Toilet Sprays, And Mounts And Heads Therefor",,25.0,3.0,0.0,15.0,5.0,7.5,61.8
9616.20.00,96,9616,"Powder-Puffs And Pads For The Application Of Cosmetics, Etc",,25.0,3.0,0.0,15.0,5.0,7.5,61.8
9617.00.00,96,9617,"Vacuum Flasks, Etc, Complete With Cases; Parts Thereof(Excl. Inners)",,25.0,3.0,0.0,15.0,5.0,7.5,61.8
9618.00.00,96,9618,"Tailors' Dummies, Etc; Automata And Other Animated Displays",,25.0,3.0,0.0,15.0,5.0,7.5,61.8
9619.00.00,96,9619,"Sanitary towels (pads) and tampons, napkins and napkin liners for babies and similar",,25.0,3.0,45.0,15.0,5.0,7.5,132.36
9620.00.00,96,9620,"Monopods, bipods, tripods & similar articles",,25.0,3.0,0.0,15.0,5.0,7.5,61.8
9701.21.00,97,9701,"Of an age exceeding 100 years : Painting, drawings and pastels",,25.0,3.0,0.0,15.0,5.0,7.5,61.8
9701.22.00,97,9701,Of an age exceeding 100 years : Mosaics,,25.0,3.0,0.0,15.0,5.0,7.5,61.8
9701.29.00,97,9701,- Of an age exceeding 100 years : OTHER,,25.0,3.0,0.0,15.0,5.0,7.5,61.8
9701.91.00,97,9701,"Painting, drawings and pastels",,25.0,3.0,0.0,15.0,5.0,7.5,61.8
9701.92.00,97,9701,"Other, Mosaics",,25.0,3.0,0.0,15.0,5.0,7.5,61.8
9701.99.00,97,9701,"Other,nes",,25.0,3.0,0.0,15.0,5.0,7.5,61.8
9702.10.00,97,9702,"Original engravings, prints & lithographs... Of an age exceeding 100 years",,25.0,3.0,0.0,15.0,5.0,7.5,61.8
9702.90.00,97,9702,"Original engravings, prints and lithographs, NES",,25.0,3.0,0.0,15.0,5.0,7.5,61.8
9703.10.00,97,9703,"Original sculptures and statuary, in an material, Of an age exceeding 100 years",,25.0,3.0,0.0,15.0,5.0,7.5,61.8
9703.90.00,97,9703,"Original sculptures and statuary, in an material, NES",,25.0,3.0,0.0,15.0,5.0,7.5,61.8
9704.00.00,97,9704,"Postage Or Revenue Stamps..., First-Day Covers, Etc",,25.0,3.0,0.0,15.0,5.0,7.5,61.8
9705.10.00,97,9705,"Collection&collectors' pieces of archaeological, ethnographic or historical interest",,5.0,0.0,0.0,15.0,5.0,7.5,33.63
9705.21.00,97,9705,Collections and collectors….Human specimens and parts thereof,,5.0,0.0,0.0,15.0,5.0,7.5,33.63
9705.22.00,97,9705,Collections & collectors….Extinct or endangered species & parts thereof,,5.0,0.0,0.0,15.0,5.0,7.5,33.63
9705.29.00,97,9705,"Collections&collectors'pieces of zoological,botanical,mineralogical,anatomica....NES",,5.0,0.0,0.0,15.0,5.0,7.5,33.63
9705.31.00,97,9705,Collections&collectors' pieces of numismatic interest:Of an age exceeding 100 years,,5.0,0.0,0.0,15.0,5.0,7.5,33.63
9705.39.00,97,9705,Collections&collectors' pieces of numismatic interest:OTHER,,5.0,0.0,0.0,15.0,5.0,7.5,33.63
9706.10.00,97,9706,Antiques of an age exceeding 100 years,,5.0,0.0,0.0,15.0,5.0,7.5,33.63
9706.90.00,97,9706,"Antiques of an age exceeding 100 years,NES",,5.0,0.0,0.0,15.0,5.0,7.5,33.63
